pim_id;artikelnummer;gtin;name;glb_file;glb_path;glb_source;match_type
26478;20051059;4026212056846;;4026212056846_20051059_RAL_KOMB.glb;models/output/4026212056846_20051059_RAL_KOMB.glb;output;gtin
26479;20095843;4026212266184;MULTIPAL U-Rammschutz 400 mm hoch RAL 9004/RAL 1003 inkl. 4 Schraubankern;4026212266184_20095843_RAL_KOMB.glb;models/output/4026212266184_20095843_RAL_KOMB.glb;output;gtin
27865;20010018;4026212000054;CLIP Rahmen | VW2 N | 2000 x 800 mm | verzinkt;4026212000054_20010018_VZK.glb;models/output/4026212000054_20010018_VZK.glb;output;gtin
27866;20010023;4026212000085;;20010023_VZK.glb;models/output/20010023_VZK.glb;output;artikelnummer
27868;20057;4026212072402;;4026212072402_20057_VZK.glb;models/output/4026212072402_20057_VZK.glb;output;gtin
27891;20058;4026212073997;;4026212073997_20058_VZK.glb;models/output/4026212073997_20058_VZK.glb;output;gtin
40145;20010037;4026212000108;;20010037_VZK.glb;models/output/20010037_VZK.glb;output;artikelnummer
40146;20010042;4026212000122;;20010042_VZK.glb;models/output/20010042_VZK.glb;output;artikelnummer
40147;20010053;4026212000139;;20010053_VZK.glb;models/output/20010053_VZK.glb;output;artikelnummer
40148;20010095;4026212000269;;4026212000269_20010095_VZK.glb;models/output/4026212000269_20010095_VZK.glb;output;gtin
40149;20010115;4026212000306;;20010115_VZK.glb;models/output/20010115_VZK.glb;output;artikelnummer
40150;20010122;4026212000320;;20010122_VZK.glb;models/output/20010122_VZK.glb;output;artikelnummer
40151;20010127;4026212000337;;20010127_VZK.glb;models/output/20010127_VZK.glb;output;artikelnummer
40152;20010141;4026212000351;;20010141_VZK.glb;models/output/20010141_VZK.glb;output;artikelnummer
40153;20010197;4026212000382;;4026212000382_20010197_VZK.glb;models/output/4026212000382_20010197_VZK.glb;output;gtin
40154;20010216;4026212000412;;20010216_VZK.glb;models/output/20010216_VZK.glb;output;artikelnummer
40155;20010232;4026212000429;;20010232_VZK.glb;models/output/20010232_VZK.glb;output;artikelnummer
40156;20010239;4026212000436;;20010239_VZK.glb;models/output/20010239_VZK.glb;output;artikelnummer
40157;20010247;4026212000443;;20010247_VZK.glb;models/output/20010247_VZK.glb;output;artikelnummer
40158;20010262;4026212000658;;20010262_VZK.glb;models/output/20010262_VZK.glb;output;artikelnummer
40159;20010339;4026212001358;;20010339_VZK.glb;models/output/20010339_VZK.glb;output;artikelnummer
40160;20010348;4026212001389;;20010348_VZK.glb;models/output/20010348_VZK.glb;output;artikelnummer
40161;20010362;4026212001440;;20010362_VZK.glb;models/output/20010362_VZK.glb;output;artikelnummer
40162;20010370;4026212001488;;20010370_VZK.glb;models/output/20010370_VZK.glb;output;artikelnummer
40163;20010400;4026212001631;;20010400_VZK.glb;models/output/20010400_VZK.glb;output;artikelnummer
40164;20010413;4026212001655;;4026212001655_20010413_VZK.glb;models/output/4026212001655_20010413_VZK.glb;output;gtin
40165;20010421;4026212001686;;4026212001686_20010421_VZK.glb;models/output/4026212001686_20010421_VZK.glb;output;gtin
40166;20010424;4026212001693;;4026212001693_20010424_VZK.glb;models/output/4026212001693_20010424_VZK.glb;output;gtin
40167;20010428;4026212001709;;4026212001709_20010428_VZK.glb;models/output/4026212001709_20010428_VZK.glb;output;gtin
40168;20010444;4026212001716;;4026212001716_20010444_VZK.glb;models/output/4026212001716_20010444_VZK.glb;output;gtin
40175;200109307;4026212003260;META MULTIPAL | Schwere Tiefenauflage | 800 mm | 1500 kg | RAL 2001;4026212003260_200109307_RAL_2001.glb;models/output/4026212003260_200109307_RAL_2001.glb;output;gtin
40189;200130140;4026212007886;META MULTIPAL | Schwere Tiefenauflage | 1100 mm | 1500 kg | RAL 2001;4026212007886_200130140_RAL_2001.glb;models/output/4026212007886_200130140_RAL_2001.glb;output;gtin
40241;20014904;4026212012323;META CLIP | Draht-Rückwand | 2000 x 1000 mm | inkl. Befestigung | verzinkt;4026212012323_20014904_VZK.glb;models/output/4026212012323_20014904_VZK.glb;output;gtin
40242;20014905;4026212012330;META CLIP | Draht-Rückwand | 2500 x 1000 mm | inkl. Befestigung | verzinkt;4026212012330_20014905_VZK.glb;models/output/4026212012330_20014905_VZK.glb;output;gtin
40243;20014906;4026212012354;META CLIP | Draht-Rückwand | 3000 x 1000 mm | inkl. Befestigung | verzinkt;4026212012354_20014906_VZK.glb;models/output/4026212012354_20014906_VZK.glb;output;gtin
40280;2001620;4026212018042;;4026212018042_2001620_VZK.glb;models/output/4026212018042_2001620_VZK.glb;output;gtin
40282;2001624;4026212018257;;4026212018257_2001624_VZK.glb;models/output/4026212018257_2001624_VZK.glb;output;gtin
40283;20016258;4026212018363;;4026212018363_20016258_VZK.glb;models/output/4026212018363_20016258_VZK.glb;output;gtin
40284;20016259;4026212018387;;4026212018387_20016259_VZK.glb;models/output/4026212018387_20016259_VZK.glb;output;gtin
40286;20016260;4026212018417;;4026212018417_20016260_VZK.glb;models/output/4026212018417_20016260_VZK.glb;output;gtin
40287;20016261;4026212018424;;4026212018424_20016261_VZK.glb;models/output/4026212018424_20016261_VZK.glb;output;gtin
40288;2001628;4026212018509;;4026212018509_2001628_VZK.glb;models/output/4026212018509_2001628_VZK.glb;output;gtin
40290;2001632;4026212019162;;4026212019162_2001632_VZK.glb;models/output/4026212019162_2001632_VZK.glb;output;gtin
40291;2001634;4026212020366;;4026212020366_2001634_VZK.glb;models/output/4026212020366_2001634_VZK.glb;output;gtin
40293;2001638;4026212024388;;4026212024388_2001638_VZK.glb;models/output/4026212024388_2001638_VZK.glb;output;gtin
40295;2001642;4026212025231;;4026212025231_2001642_VZK.glb;models/output/4026212025231_2001642_VZK.glb;output;gtin
40302;2001694;4026212036336;META CLIP | Diagonalstab | für Regalbreite 1000 mm| verzinkt;4026212036336_2001694_VZK.glb;models/products/4026212036336_2001694_VZK.glb;products;gtin
40304;200170830;4026212042436;;4026212042436_200170830_RAL_1003.glb;models/output/4026212042436_200170830_RAL_1003.glb;output;gtin
40305;200170831;4026212042443;;4026212042443_200170831_RAL_1003.glb;models/output/4026212042443_200170831_RAL_1003.glb;output;gtin
40306;200170832;4026212042450;;4026212042450_200170832_RAL_1003.glb;models/output/4026212042450_200170832_RAL_1003.glb;output;gtin
40310;2001946;4026212044539;META CLIP | Diagonalstab | für Regalbreite 1300 mm| verzinkt;4026212044539_2001946_VZK.glb;models/output/4026212044539_2001946_VZK.glb;output;gtin
40323;200216;4026212045253;;4026212045253_200216_VZK.glb;models/output/4026212045253_200216_VZK.glb;output;gtin
40334;200218;4026212045369;;4026212045369_200218_VZK.glb;models/output/4026212045369_200218_VZK.glb;output;gtin
40340;200219;4026212045420;;4026212045420_200219_VZK.glb;models/output/4026212045420_200219_VZK.glb;output;gtin
40349;200223;4026212045642;;4026212045642_200223_VZK.glb;models/output/4026212045642_200223_VZK.glb;output;gtin
40351;200225;4026212045710;;4026212045710_200225_VZK.glb;models/output/4026212045710_200225_VZK.glb;output;gtin
40353;200227;4026212045826;;4026212045826_200227_VZK.glb;models/output/4026212045826_200227_VZK.glb;output;gtin
40355;200229;4026212045949;;4026212045949_200229_VZK.glb;models/output/4026212045949_200229_VZK.glb;output;gtin
40396;200266;4026212046908;;4026212046908_200266_VZK.glb;models/output/4026212046908_200266_VZK.glb;output;gtin
40397;200267;4026212046915;;4026212046915_200267_VZK.glb;models/output/4026212046915_200267_VZK.glb;output;gtin
40398;200268;4026212046922;;4026212046922_200268_VZK.glb;models/output/4026212046922_200268_VZK.glb;output;gtin
40399;200269;4026212046939;;4026212046939_200269_VZK.glb;models/output/4026212046939_200269_VZK.glb;output;gtin
40400;200271;4026212046946;;4026212046946_200271_VZK.glb;models/output/4026212046946_200271_VZK.glb;output;gtin
40401;200272;4026212046953;;4026212046953_200272_VZK.glb;models/output/4026212046953_200272_VZK.glb;output;gtin
40402;200273;4026212046977;;4026212046977_200273_VZK.glb;models/output/4026212046977_200273_VZK.glb;output;gtin
40403;200274;4026212046991;;4026212046991_200274_VZK.glb;models/output/4026212046991_200274_VZK.glb;output;gtin
40404;200276;4026212047059;;4026212047059_200276_VZK.glb;models/output/4026212047059_200276_VZK.glb;output;gtin
40405;200277;4026212047066;;4026212047066_200277_VZK.glb;models/output/4026212047066_200277_VZK.glb;output;gtin
40406;200278;4026212047073;;4026212047073_200278_VZK.glb;models/output/4026212047073_200278_VZK.glb;output;gtin
40407;2002922;4026212047080;;4026212047080_2002922_VZK.glb;models/output/4026212047080_2002922_VZK.glb;output;gtin
40408;2002925;4026212047097;;4026212047097_2002925_VZK.glb;models/output/4026212047097_2002925_VZK.glb;output;gtin
40409;2002928;4026212047103;;4026212047103_2002928_VZK.glb;models/output/4026212047103_2002928_VZK.glb;output;gtin
40410;2002930;4026212047110;;4026212047110_2002930_VZK.glb;models/output/4026212047110_2002930_VZK.glb;output;gtin
40411;2002933;4026212047127;;4026212047127_2002933_VZK.glb;models/output/4026212047127_2002933_VZK.glb;output;gtin
40413;2002947;4026212047141;;4026212047141_2002947_VZK.glb;models/output/4026212047141_2002947_VZK.glb;output;gtin
40421;2003037;4026212047257;;4026212047257_2003037_VZK.glb;models/output/4026212047257_2003037_VZK.glb;output;gtin
40423;2003041;4026212047271;;4026212047271_2003041_VZK.glb;models/output/4026212047271_2003041_VZK.glb;output;gtin
40424;2003045;4026212047288;Zusatzboden mit Spanplatte | für META MINI-RACK | 2600 x 1050 mm | 490 kg;4026212047288_2003045_VZK.glb;models/output/4026212047288_2003045_VZK.glb;output;gtin
40449;200373;4026212047752;;4026212047752_200373_VZK.glb;models/output/4026212047752_200373_VZK.glb;output;gtin
40450;200374;4026212047769;;4026212047769_200374_VZK.glb;models/output/4026212047769_200374_VZK.glb;output;gtin
40451;200375;4026212047776;;4026212047776_200375_VZK.glb;models/output/4026212047776_200375_VZK.glb;output;gtin
40452;200376;4026212047783;;4026212047783_200376_VZK.glb;models/output/4026212047783_200376_VZK.glb;output;gtin
40453;200378;4026212047790;;4026212047790_200378_VZK.glb;models/output/4026212047790_200378_VZK.glb;output;gtin
40454;200379;4026212047806;;4026212047806_200379_VZK.glb;models/output/4026212047806_200379_VZK.glb;output;gtin
40455;200380;4026212047813;;4026212047813_200380_VZK.glb;models/output/4026212047813_200380_VZK.glb;output;gtin
40456;200381;4026212047820;;4026212047820_200381_VZK.glb;models/output/4026212047820_200381_VZK.glb;output;gtin
40457;200383;4026212047837;;4026212047837_200383_VZK.glb;models/output/4026212047837_200383_VZK.glb;output;gtin
40458;200384;4026212047844;;4026212047844_200384_VZK.glb;models/output/4026212047844_200384_VZK.glb;output;gtin
40459;200385;4026212047851;;4026212047851_200385_VZK.glb;models/output/4026212047851_200385_VZK.glb;output;gtin
40460;200386;4026212047868;;4026212047868_200386_VZK.glb;models/output/4026212047868_200386_VZK.glb;output;gtin
40461;20041343;4026212047943;META MINI-RACK | Rahmen | 2200 x 800 mm | verzinkt;4026212047943_20041343_VZK.glb;models/output/4026212047943_20041343_VZK.glb;output;gtin
40462;20041344;4026212047950;META MINI-RACK | Rahmen | 2200 x 1050 mm | verzinkt;4026212047950_20041344_VZK.glb;models/output/4026212047950_20041344_VZK.glb;output;gtin
40466;20041769;4026212048087;;4026212048087_20041769_VZK.glb;models/output/4026212048087_20041769_VZK.glb;output;gtin
40467;20041778;4026212048094;;4026212048094_20041778_VZK.glb;models/output/4026212048094_20041778_VZK.glb;output;gtin
40468;20041789;4026212048100;;4026212048100_20041789_VZK.glb;models/output/4026212048100_20041789_VZK.glb;output;gtin
40469;20041790;4026212048117;;4026212048117_20041790_VZK.glb;models/output/4026212048117_20041790_VZK.glb;output;gtin
40476;20042757;4026212048919;META MINI-RACK | Rahmen | 2200 x 650 mm | verzinkt;4026212048919_20042757_VZK.glb;models/output/4026212048919_20042757_VZK.glb;output;gtin
40477;20042785;4026212048926;;4026212048926_20042785_VZK.glb;models/output/4026212048926_20042785_VZK.glb;output;gtin
40481;20042930;4026212048995;Zusatzboden mit Spanplatte | für META MINI-RACK | 1400 x 650 mm | 600 kg;4026212048995_20042930_VZK.glb;models/output/4026212048995_20042930_VZK.glb;output;gtin
40482;20042931;4026212049008;;4026212049008_20042931_VZK.glb;models/output/4026212049008_20042931_VZK.glb;output;gtin
40483;20042932;4026212049015;;4026212049015_20042932_VZK.glb;models/output/4026212049015_20042932_VZK.glb;output;gtin
40484;20043031;4026212049022;;4026212049022_20043031_VZK.glb;models/output/4026212049022_20043031_VZK.glb;output;gtin
40485;20043032;4026212049039;;4026212049039_20043032_VZK.glb;models/output/4026212049039_20043032_VZK.glb;output;gtin
40486;20043033;4026212049046;;4026212049046_20043033_VZK.glb;models/output/4026212049046_20043033_VZK.glb;output;gtin
40487;20043034;4026212049053;;4026212049053_20043034_VZK.glb;models/output/4026212049053_20043034_VZK.glb;output;gtin
40488;20043035;4026212049060;;4026212049060_20043035_VZK.glb;models/output/4026212049060_20043035_VZK.glb;output;gtin
40489;20043036;4026212049077;;4026212049077_20043036_VZK.glb;models/output/4026212049077_20043036_VZK.glb;output;gtin
40490;20043037;4026212049084;;4026212049084_20043037_VZK.glb;models/output/4026212049084_20043037_VZK.glb;output;gtin
40491;20043038;4026212049091;;4026212049091_20043038_VZK.glb;models/output/4026212049091_20043038_VZK.glb;output;gtin
40492;20043039;4026212049107;;4026212049107_20043039_VZK.glb;models/output/4026212049107_20043039_VZK.glb;output;gtin
40493;20043040;4026212049114;;4026212049114_20043040_VZK.glb;models/output/4026212049114_20043040_VZK.glb;output;gtin
40494;20043041;4026212049121;;4026212049121_20043041_VZK.glb;models/output/4026212049121_20043041_VZK.glb;output;gtin
40495;20043042;4026212049138;Zusatzboden mit Stahlpaneelen| für META MINI-RACK | 2600 x 1050 mm | 490 kg;4026212049138_20043042_VZK.glb;models/output/4026212049138_20043042_VZK.glb;output;gtin
40507;20045532;4026212050196;;4026212050196_20045532_VZK.glb;models/output/4026212050196_20045532_VZK.glb;output;gtin
40531;20048930;4026212053753;Distanzstück | für META MINI-RACK | 100 mm;4026212053753_20048930_VZK.glb;models/output/4026212053753_20048930_VZK.glb;output;gtin
40537;20050344;4026212055467;;4026212055467_20050344_RAL_7035.glb;models/output/4026212055467_20050344_RAL_7035.glb;output;gtin
40681;20051366;4026212058994;META MINI-RACK | Rahmen | 2500 x 650 mm | verzinkt;4026212058994_20051366_VZK.glb;models/output/4026212058994_20051366_VZK.glb;output;gtin
40682;20051367;4026212059007;META MINI-RACK | Rahmen | 3000 x 650 mm | verzinkt;4026212059007_20051367_VZK.glb;models/products/4026212059007_20051367_VZK.glb;products;gtin
40683;20051368;4026212059014;META MINI-RACK | Rahmen | 2500 x 800 mm | verzinkt;4026212059014_20051368_VZK.glb;models/output/4026212059014_20051368_VZK.glb;output;gtin
40684;20051369;4026212059021;META MINI-RACK | Rahmen | 3000 x 800 mm | verzinkt;4026212059021_20051369_VZK.glb;models/products/4026212059021_20051369_VZK.glb;products;gtin
40685;20051370;4026212059038;META MINI-RACK | Rahmen | 2500 x 1050 mm | verzinkt;4026212059038_20051370_VZK.glb;models/output/4026212059038_20051370_VZK.glb;output;gtin
40686;20051371;4026212059045;META MINI-RACK | Rahmen | 3000 x 1050 mm | verzinkt;4026212059045_20051371_VZK.glb;models/products/4026212059045_20051371_VZK.glb;products;gtin
40696;20053199;4026212063066;;4026212063066_20053199_RAL_7035.glb;models/output/4026212063066_20053199_RAL_7035.glb;output;gtin
40697;20053200;4026212063073;;4026212063073_20053200_RAL_7035.glb;models/output/4026212063073_20053200_RAL_7035.glb;output;gtin
40698;20053292;4026212063196;;20053292_VZK.glb;models/output/20053292_VZK.glb;output;artikelnummer
40701;20053519;4026212063745;;4026212063745_20053519_VZK.glb;models/output/4026212063745_20053519_VZK.glb;output;gtin
40707;20053597;4026212063967;;20053597_VZK.glb;models/output/20053597_VZK.glb;output;artikelnummer
40708;20054150;4026212064902;;4026212064902_20054150_RAL_7035.glb;models/output/4026212064902_20054150_RAL_7035.glb;output;gtin
40716;20056506;4026212071788;META MULTIPAL | Leichte Tiefenauflage | 800 mm | verzinkt;4026212071788_20056506_VZK.glb;models/output/4026212071788_20056506_VZK.glb;output;gtin
40717;20056507;4026212071795;META MULTIPAL | Leichte Tiefenauflage | 1100 mm | verzinkt;4026212071795_20056507_VZK.glb;models/output/4026212071795_20056507_VZK.glb;output;gtin
40731;20057907;4026212073485;;4026212073485_20057907_VZK.glb;models/output/4026212073485_20057907_VZK.glb;output;gtin
40732;20057908;4026212073492;;4026212073492_20057908_VZK.glb;models/output/4026212073492_20057908_VZK.glb;output;gtin
40740;20058660;4026212074680;;4026212074680_20058660_VZK.glb;models/output/4026212074680_20058660_VZK.glb;output;gtin
40741;20058662;4026212074697;;4026212074697_20058662_VZK.glb;models/output/4026212074697_20058662_VZK.glb;output;gtin
40742;20058683;4026212074710;;4026212074710_20058683_RAL_7035.glb;models/output/4026212074710_20058683_RAL_7035.glb;output;gtin
40743;20058684;4026212074727;;4026212074727_20058684_RAL_7035.glb;models/output/4026212074727_20058684_RAL_7035.glb;output;gtin
40744;20058686;4026212074741;;4026212074741_20058686_RAL_7035.glb;models/output/4026212074741_20058686_RAL_7035.glb;output;gtin
40750;20058699;4026212074819;Abdeckkappe für Doppel-Regal | META CLIP / META COMPACT | RAL 7035;4026212074819_20058699_RAL_7035.glb;models/output/4026212074819_20058699_RAL_7035.glb;output;gtin
40751;20058937;4026212074888;;20058937_VZK.glb;models/output/20058937_VZK.glb;output;artikelnummer
40792;20059773;4026212076240;META CLIP | Draht-Rückwand | 2500 x 1300 mm | inkl. Befestigung | verzinkt;4026212076240_20059773_VZK.glb;models/output/4026212076240_20059773_VZK.glb;output;gtin
40798;20060748;4026212077711;;4026212077711_20060748_RAL_7035.glb;models/output/4026212077711_20060748_RAL_7035.glb;output;gtin
40799;20060749;4026212077728;;4026212077728_20060749_RAL_7035.glb;models/output/4026212077728_20060749_RAL_7035.glb;output;gtin
40800;20060750;4026212077735;;4026212077735_20060750_RAL_7035.glb;models/output/4026212077735_20060750_RAL_7035.glb;output;gtin
40801;20060751;4026212077742;;4026212077742_20060751_RAL_7035.glb;models/output/4026212077742_20060751_RAL_7035.glb;output;gtin
40808;20060873;4026212077841;;4026212077841_20060873_RAL_7035.glb;models/output/4026212077841_20060873_RAL_7035.glb;output;gtin
40812;20061241;4026212078329;;4026212078329_20061241_RAL_7035.glb;models/output/4026212078329_20061241_RAL_7035.glb;output;gtin
40813;20061242;4026212078336;;4026212078336_20061242_RAL_7035.glb;models/output/4026212078336_20061242_RAL_7035.glb;output;gtin
40814;20061243;4026212078343;;4026212078343_20061243_RAL_7035.glb;models/output/4026212078343_20061243_RAL_7035.glb;output;gtin
40817;20061447;4026212079173;;4026212079173_20061447_RAL_7035.glb;models/output/4026212079173_20061447_RAL_7035.glb;output;gtin
40819;20061450;4026212079203;;4026212079203_20061450_RAL_7035.glb;models/output/4026212079203_20061450_RAL_7035.glb;output;gtin
40826;20062429;4026212079951;;20062429_VZK.glb;models/output/20062429_VZK.glb;output;artikelnummer
40827;20062430;4026212079968;;20062430_VZK.glb;models/output/20062430_VZK.glb;output;artikelnummer
40828;20062431;4026212079975;;20062431_VZK.glb;models/output/20062431_VZK.glb;output;artikelnummer
40829;20062432;4026212079982;;4026212079982_20062432_RAL_7035.glb;models/output/4026212079982_20062432_RAL_7035.glb;output;gtin
40830;20062433;4026212079999;;20062433_VZK.glb;models/output/20062433_VZK.glb;output;artikelnummer
40831;20062497;4026212080018;;4026212080018_20062497_RAL_7035.glb;models/output/4026212080018_20062497_RAL_7035.glb;output;gtin
40832;20062635;4026212080070;;4026212080070_20062635_RAL_7035.glb;models/output/4026212080070_20062635_RAL_7035.glb;output;gtin
40834;20063373;4026212081572;;4026212081572_20063373_RAL_7035.glb;models/output/4026212081572_20063373_RAL_7035.glb;output;gtin
40835;20063374;4026212081589;;20063374_VZK.glb;models/output/20063374_VZK.glb;output;artikelnummer
40836;20063404;4026212081800;;4026212081800_20063404_RAL_7035.glb;models/output/4026212081800_20063404_RAL_7035.glb;output;gtin
40837;20063518;4026212082036;;4026212082036_20063518_RAL_7035.glb;models/output/4026212082036_20063518_RAL_7035.glb;output;gtin
40838;20063519;4026212082043;;4026212082043_20063519_RAL_7035.glb;models/output/4026212082043_20063519_RAL_7035.glb;output;gtin
40841;20063710;4026212082197;;4026212082197_20063710_RAL_7035.glb;models/products/4026212082197_20063710_RAL_7035.glb;products;gtin
40842;20063711;4026212082203;;4026212082203_20063711_RAL_7035.glb;models/products/4026212082203_20063711_RAL_7035.glb;products;gtin
40843;20063744;4026212082210;;4026212082210_20063744_RAL_7035.glb;models/products/4026212082210_20063744_RAL_7035.glb;products;gtin
40844;20063745;4026212082227;;20063745_VZK.glb;models/output/20063745_VZK.glb;output;artikelnummer
40848;20064334;4026212082616;;4026212082616_20064334_RAL_7035.glb;models/output/4026212082616_20064334_RAL_7035.glb;output;gtin
40849;20064494;4026212082845;;20064494_VZK.glb;models/output/20064494_VZK.glb;output;artikelnummer
40850;20064495;4026212082852;;4026212082852_20064495_RAL_7035.glb;models/output/4026212082852_20064495_RAL_7035.glb;output;gtin
40851;20064496;4026212082869;;4026212082869_20064496_RAL_7035.glb;models/output/4026212082869_20064496_RAL_7035.glb;output;gtin
40852;20064497;4026212082876;;4026212082876_20064497_RAL_7035.glb;models/output/4026212082876_20064497_RAL_7035.glb;output;gtin
40853;20064499;4026212082890;;4026212082890_20064499_RAL_7035.glb;models/products/4026212082890_20064499_RAL_7035.glb;products;gtin
40861;20065869;4026212084702;;4026212084702_20065869_RAL_7035.glb;models/output/4026212084702_20065869_RAL_7035.glb;output;gtin
40870;20066053;4026212085181;;4026212085181_20066053_RAL_7035.glb;models/output/4026212085181_20066053_RAL_7035.glb;output;gtin
40875;20066103;4026212085372;;4026212085372_20066103_RAL_7035.glb;models/products/4026212085372_20066103_RAL_7035.glb;products;gtin
40878;20066346;4026212085433;;4026212085433_20066346_RAL_7035.glb;models/output/4026212085433_20066346_RAL_7035.glb;output;gtin
40879;20066347;4026212085440;;4026212085440_20066347_RAL_7035.glb;models/output/4026212085440_20066347_RAL_7035.glb;output;gtin
40880;20066348;4026212085457;;4026212085457_20066348_RAL_7035.glb;models/output/4026212085457_20066348_RAL_7035.glb;output;gtin
40881;20066349;4026212085464;;20066349_VZK.glb;models/output/20066349_VZK.glb;output;artikelnummer
40884;20067735;4026212087000;;4026212087000_20067735_RAL_7035.glb;models/output/4026212087000_20067735_RAL_7035.glb;output;gtin
40885;20067738;4026212087031;;20067738_VZK.glb;models/output/20067738_VZK.glb;output;artikelnummer
40886;20067740;4026212087055;;4026212087055_20067740_RAL_7035.glb;models/output/4026212087055_20067740_RAL_7035.glb;output;gtin
40887;20067741;4026212087062;;4026212087062_20067741_RAL_7035.glb;models/output/4026212087062_20067741_RAL_7035.glb;output;gtin
40888;20067745;4026212087086;;20067745_VZK.glb;models/output/20067745_VZK.glb;output;artikelnummer
40889;20067746;4026212087093;;20067746_VZK.glb;models/output/20067746_VZK.glb;output;artikelnummer
40890;20067749;4026212087116;;4026212087116_20067749_RAL_7035.glb;models/products/4026212087116_20067749_RAL_7035.glb;products;gtin
40891;20067751;4026212087130;;4026212087130_20067751_RAL_7035.glb;models/products/4026212087130_20067751_RAL_7035.glb;products;gtin
40892;20067752;4026212087147;;4026212087147_20067752_RAL_7035.glb;models/output/4026212087147_20067752_RAL_7035.glb;output;gtin
40893;20067753;4026212087154;;4026212087154_20067753_RAL_7035.glb;models/products/4026212087154_20067753_RAL_7035.glb;products;gtin
40894;20067754;4026212087161;;4026212087161_20067754_RAL_7035.glb;models/output/4026212087161_20067754_RAL_7035.glb;output;gtin
40899;20067784;4026212087420;;4026212087420_20067784_RAL_7035.glb;models/output/4026212087420_20067784_RAL_7035.glb;output;gtin
40900;20067785;4026212087437;;4026212087437_20067785_RAL_7035.glb;models/output/4026212087437_20067785_RAL_7035.glb;output;gtin
40973;20067882;4026212088335;;20067882_VZK.glb;models/output/20067882_VZK.glb;output;artikelnummer
40974;20067883;4026212088342;;20067883_VZK.glb;models/output/20067883_VZK.glb;output;artikelnummer
40975;20067884;4026212088359;;20067884_VZK.glb;models/output/20067884_VZK.glb;output;artikelnummer
40976;20067885;4026212088366;;20067885_VZK.glb;models/output/20067885_VZK.glb;output;artikelnummer
40977;20067886;4026212088373;;4026212088373_20067886_RAL_7035.glb;models/output/4026212088373_20067886_RAL_7035.glb;output;gtin
40978;20067887;4026212088380;;4026212088380_20067887_RAL_7035.glb;models/output/4026212088380_20067887_RAL_7035.glb;output;gtin
40979;20067888;4026212088397;;4026212088397_20067888_RAL_7035.glb;models/output/4026212088397_20067888_RAL_7035.glb;output;gtin
40980;20067889;4026212088403;;4026212088403_20067889_RAL_7035.glb;models/output/4026212088403_20067889_RAL_7035.glb;output;gtin
40981;20067890;4026212088410;;4026212088410_20067890_RAL_7035.glb;models/output/4026212088410_20067890_RAL_7035.glb;output;gtin
40982;20067891;4026212088427;;4026212088427_20067891_RAL_7035.glb;models/output/4026212088427_20067891_RAL_7035.glb;output;gtin
40983;20067892;4026212088434;;4026212088434_20067892_RAL_7035.glb;models/output/4026212088434_20067892_RAL_7035.glb;output;gtin
40984;20067893;4026212088441;;4026212088441_20067893_RAL_7035.glb;models/output/4026212088441_20067893_RAL_7035.glb;output;gtin
41016;20067956;4026212088878;;4026212088878_20067956_RAL_7035.glb;models/output/4026212088878_20067956_RAL_7035.glb;output;gtin
41017;20067957;4026212088885;;4026212088885_20067957_RAL_7035.glb;models/output/4026212088885_20067957_RAL_7035.glb;output;gtin
41018;20067958;4026212088892;;4026212088892_20067958_RAL_7035.glb;models/output/4026212088892_20067958_RAL_7035.glb;output;gtin
41019;20067959;4026212088908;;4026212088908_20067959_RAL_7035.glb;models/output/4026212088908_20067959_RAL_7035.glb;output;gtin
41020;20067966;4026212088915;;4026212088915_20067966_RAL_7035.glb;models/output/4026212088915_20067966_RAL_7035.glb;output;gtin
41071;20068406;4026212092653;;4026212092653_20068406_RAL_7035.glb;models/output/4026212092653_20068406_RAL_7035.glb;output;gtin
41090;20068714;4026212093841;;4026212093841_20068714_RAL_7035.glb;models/output/4026212093841_20068714_RAL_7035.glb;output;gtin
41091;20068715;4026212093858;;4026212093858_20068715_RAL_7035.glb;models/output/4026212093858_20068715_RAL_7035.glb;output;gtin
41092;20068717;4026212093872;;20068717_VZK.glb;models/output/20068717_VZK.glb;output;artikelnummer
41093;20068720;4026212093896;;20068720_VZK.glb;models/output/20068720_VZK.glb;output;artikelnummer
41094;20068723;4026212093919;;20068723_VZK.glb;models/output/20068723_VZK.glb;output;artikelnummer
41095;20068725;4026212093933;;4026212093933_20068725_RAL_7035.glb;models/output/4026212093933_20068725_RAL_7035.glb;output;gtin
41096;20068726;4026212093940;;4026212093940_20068726_RAL_7035.glb;models/output/4026212093940_20068726_RAL_7035.glb;output;gtin
41097;20068727;4026212093957;;4026212093957_20068727_RAL_7035.glb;models/output/4026212093957_20068727_RAL_7035.glb;output;gtin
41098;20068728;4026212093964;;4026212093964_20068728_RAL_7035.glb;models/output/4026212093964_20068728_RAL_7035.glb;output;gtin
41099;20068729;4026212093971;;4026212093971_20068729_RAL_7035.glb;models/output/4026212093971_20068729_RAL_7035.glb;output;gtin
41100;20068734;4026212094022;;20068734_VZK.glb;models/output/20068734_VZK.glb;output;artikelnummer
41101;20068754;4026212094121;;4026212094121_20068754_RAL_7035.glb;models/output/4026212094121_20068754_RAL_7035.glb;output;gtin
41102;20068755;4026212094138;;4026212094138_20068755_RAL_7035.glb;models/output/4026212094138_20068755_RAL_7035.glb;output;gtin
41103;20068756;4026212094145;;4026212094145_20068756_RAL_7035.glb;models/output/4026212094145_20068756_RAL_7035.glb;output;gtin
41104;20068757;4026212094152;;4026212094152_20068757_RAL_7035.glb;models/output/4026212094152_20068757_RAL_7035.glb;output;gtin
41105;20068759;4026212094176;;4026212094176_20068759_RAL_7035.glb;models/output/4026212094176_20068759_RAL_7035.glb;output;gtin
41106;20068760;4026212094183;;4026212094183_20068760_RAL_7035.glb;models/output/4026212094183_20068760_RAL_7035.glb;output;gtin
41107;20068787;4026212094282;;4026212094282_20068787_RAL_7035.glb;models/output/4026212094282_20068787_RAL_7035.glb;output;gtin
41108;20068788;4026212094299;;4026212094299_20068788_RAL_7035.glb;models/output/4026212094299_20068788_RAL_7035.glb;output;gtin
41109;20068789;4026212094305;;4026212094305_20068789_RAL_7035.glb;models/output/4026212094305_20068789_RAL_7035.glb;output;gtin
41110;20068790;4026212094312;;20068790_VZK.glb;models/output/20068790_VZK.glb;output;artikelnummer
41111;20068791;4026212094329;;4026212094329_20068791_RAL_7035.glb;models/output/4026212094329_20068791_RAL_7035.glb;output;gtin
41112;20068793;4026212094343;;4026212094343_20068793_RAL_7035.glb;models/output/4026212094343_20068793_RAL_7035.glb;output;gtin
41113;20068794;4026212094350;;4026212094350_20068794_RAL_7035.glb;models/output/4026212094350_20068794_RAL_7035.glb;output;gtin
41114;20068795;4026212094367;;4026212094367_20068795_RAL_7035.glb;models/output/4026212094367_20068795_RAL_7035.glb;output;gtin
41116;20068886;4026212095104;;4026212095104_20068886_RAL_7035.glb;models/output/4026212095104_20068886_RAL_7035.glb;output;gtin
41117;20068887;4026212095111;;4026212095111_20068887_RAL_7035.glb;models/output/4026212095111_20068887_RAL_7035.glb;output;gtin
41118;20068888;4026212095128;;4026212095128_20068888_RAL_7035.glb;models/output/4026212095128_20068888_RAL_7035.glb;output;gtin
41119;20068892;4026212095166;;4026212095166_20068892_RAL_7035.glb;models/output/4026212095166_20068892_RAL_7035.glb;output;gtin
41120;20068897;4026212095210;;20068897_VZK.glb;models/output/20068897_VZK.glb;output;artikelnummer
41121;20068899;4026212095234;;4026212095234_20068899_RAL_7035.glb;models/output/4026212095234_20068899_RAL_7035.glb;output;gtin
41122;20068900;4026212095241;;4026212095241_20068900_RAL_7035.glb;models/output/4026212095241_20068900_RAL_7035.glb;output;gtin
41123;20068901;4026212095258;;4026212095258_20068901_RAL_7035.glb;models/output/4026212095258_20068901_RAL_7035.glb;output;gtin
41124;20068913;4026212095302;;4026212095302_20068913_RAL_7035.glb;models/output/4026212095302_20068913_RAL_7035.glb;output;gtin
41125;20068914;4026212095319;;4026212095319_20068914_RAL_7035.glb;models/output/4026212095319_20068914_RAL_7035.glb;output;gtin
41126;20068953;4026212095654;;4026212095654_20068953_RAL_7035.glb;models/output/4026212095654_20068953_RAL_7035.glb;output;gtin
41128;20068987;4026212095838;;4026212095838_20068987_RAL_7035.glb;models/products/4026212095838_20068987_RAL_7035.glb;products;gtin
41129;20068989;4026212095852;;4026212095852_20068989_RAL_7035.glb;models/output/4026212095852_20068989_RAL_7035.glb;output;gtin
41130;20068997;4026212095937;;4026212095937_20068997_RAL_7035.glb;models/output/4026212095937_20068997_RAL_7035.glb;output;gtin
41131;20068999;4026212095951;;4026212095951_20068999_RAL_7035.glb;models/output/4026212095951_20068999_RAL_7035.glb;output;gtin
41141;20069599;4026212097696;;4026212097696_20069599_RAL_7035.glb;models/products/4026212097696_20069599_RAL_7035.glb;products;gtin
41378;20071947;4026212106794;;4026212106794_20071947_VZK.glb;models/output/4026212106794_20071947_VZK.glb;output;gtin
41379;20071951;4026212106831;;4026212106831_20071951_RAL_7035.glb;models/output/4026212106831_20071951_RAL_7035.glb;output;gtin
41380;20071952;4026212106848;;4026212106848_20071952_VZK.glb;models/output/4026212106848_20071952_VZK.glb;output;gtin
41383;20072265;4026212109214;;20072265_VZK.glb;models/output/20072265_VZK.glb;output;artikelnummer
41384;20072266;4026212109221;;20072266_VZK.glb;models/output/20072266_VZK.glb;output;artikelnummer
41385;20072267;4026212109238;;20072267_VZK.glb;models/output/20072267_VZK.glb;output;artikelnummer
41386;20072268;4026212109245;;20072268_VZK.glb;models/output/20072268_VZK.glb;output;artikelnummer
41389;20072403;4026212109566;;4026212109566_20072403_RAL_7035.glb;models/output/4026212109566_20072403_RAL_7035.glb;output;gtin
41390;20072410;4026212109627;META CLIP | Diagonalstab | für Regalbreite 750 mm| verzinkt;4026212109627_20072410_VZK.glb;models/output/4026212109627_20072410_VZK.glb;output;gtin
41396;20072441;4026212109771;;20072441_VZK.glb;models/output/20072441_VZK.glb;output;artikelnummer
41397;20072442;4026212109788;;20072442_VZK.glb;models/output/20072442_VZK.glb;output;artikelnummer
41398;20072443;4026212109795;;20072443_VZK.glb;models/output/20072443_VZK.glb;output;artikelnummer
41399;20072444;4026212109801;;20072444_VZK.glb;models/output/20072444_VZK.glb;output;artikelnummer
41402;20072540;4026212109900;;4026212109900_20072540_RAL_7035.glb;models/output/4026212109900_20072540_RAL_7035.glb;output;gtin
41403;20072541;4026212109917;;4026212109917_20072541_RAL_7035.glb;models/output/4026212109917_20072541_RAL_7035.glb;output;gtin
41404;20072563;4026212109931;;4026212109931_20072563_RAL_7035.glb;models/output/4026212109931_20072563_RAL_7035.glb;output;gtin
41409;20073467;4026212110548;;4026212110548_20073467_VZK.glb;models/output/4026212110548_20073467_VZK.glb;output;gtin
41410;20073468;4026212110555;;4026212110555_20073468_VZK.glb;models/output/4026212110555_20073468_VZK.glb;output;gtin
41412;20073602;4026212110708;;4026212110708_20073602_VZK.glb;models/output/4026212110708_20073602_VZK.glb;output;gtin
41413;20073603;4026212110715;;4026212110715_20073603_VZK.glb;models/output/4026212110715_20073603_VZK.glb;output;gtin
41414;20073604;4026212110722;;4026212110722_20073604_VZK.glb;models/output/4026212110722_20073604_VZK.glb;output;gtin
41415;20073605;4026212110739;;4026212110739_20073605_VZK.glb;models/output/4026212110739_20073605_VZK.glb;output;gtin
41416;20073607;4026212110753;;4026212110753_20073607_VZK.glb;models/output/4026212110753_20073607_VZK.glb;output;gtin
41417;20073612;4026212110807;;4026212110807_20073612_RAL_7035.glb;models/output/4026212110807_20073612_RAL_7035.glb;output;gtin
41418;20073613;4026212110814;;4026212110814_20073613_RAL_7035.glb;models/output/4026212110814_20073613_RAL_7035.glb;output;gtin
41419;20073614;4026212110821;;4026212110821_20073614_RAL_7035.glb;models/output/4026212110821_20073614_RAL_7035.glb;output;gtin
41420;20073615;4026212110838;;4026212110838_20073615_RAL_7035.glb;models/output/4026212110838_20073615_RAL_7035.glb;output;gtin
41421;20073617;4026212110852;;4026212110852_20073617_RAL_7035.glb;models/output/4026212110852_20073617_RAL_7035.glb;output;gtin
41422;20073622;4026212110906;;4026212110906_20073622_VZK.glb;models/output/4026212110906_20073622_VZK.glb;output;gtin
41423;20073623;4026212110913;;4026212110913_20073623_VZK.glb;models/output/4026212110913_20073623_VZK.glb;output;gtin
41424;20073624;4026212110920;;4026212110920_20073624_VZK.glb;models/output/4026212110920_20073624_VZK.glb;output;gtin
41425;20073625;4026212110937;;4026212110937_20073625_VZK.glb;models/output/4026212110937_20073625_VZK.glb;output;gtin
41426;20073627;4026212110951;;4026212110951_20073627_VZK.glb;models/output/4026212110951_20073627_VZK.glb;output;gtin
41427;20073632;4026212111002;;4026212111002_20073632_RAL_7035.glb;models/output/4026212111002_20073632_RAL_7035.glb;output;gtin
41428;20073633;4026212111019;;4026212111019_20073633_RAL_7035.glb;models/output/4026212111019_20073633_RAL_7035.glb;output;gtin
41429;20073634;4026212111026;;4026212111026_20073634_RAL_7035.glb;models/output/4026212111026_20073634_RAL_7035.glb;output;gtin
41430;20073635;4026212111033;;4026212111033_20073635_RAL_7035.glb;models/output/4026212111033_20073635_RAL_7035.glb;output;gtin
41431;20073637;4026212111057;;4026212111057_20073637_RAL_7035.glb;models/output/4026212111057_20073637_RAL_7035.glb;output;gtin
41432;20073682;4026212111507;;4026212111507_20073682_VZK.glb;models/output/4026212111507_20073682_VZK.glb;output;gtin
41433;20073683;4026212111514;;4026212111514_20073683_VZK.glb;models/output/4026212111514_20073683_VZK.glb;output;gtin
41434;20073684;4026212111521;;4026212111521_20073684_VZK.glb;models/output/4026212111521_20073684_VZK.glb;output;gtin
41435;20073685;4026212111538;;4026212111538_20073685_VZK.glb;models/output/4026212111538_20073685_VZK.glb;output;gtin
41436;20073687;4026212111552;;4026212111552_20073687_VZK.glb;models/output/4026212111552_20073687_VZK.glb;output;gtin
41437;20073692;4026212111606;;4026212111606_20073692_RAL_7035.glb;models/output/4026212111606_20073692_RAL_7035.glb;output;gtin
41438;20073693;4026212111613;;4026212111613_20073693_RAL_7035.glb;models/output/4026212111613_20073693_RAL_7035.glb;output;gtin
41439;20073694;4026212111620;;4026212111620_20073694_RAL_7035.glb;models/output/4026212111620_20073694_RAL_7035.glb;output;gtin
41440;20073695;4026212111637;;4026212111637_20073695_RAL_7035.glb;models/output/4026212111637_20073695_RAL_7035.glb;output;gtin
41441;20073697;4026212111651;;4026212111651_20073697_RAL_7035.glb;models/output/4026212111651_20073697_RAL_7035.glb;output;gtin
41675;20074805;4026212117462;;20074805_VZK.glb;models/output/20074805_VZK.glb;output;artikelnummer
41676;20074809;4026212117493;;20074809_VZK.glb;models/output/20074809_VZK.glb;output;artikelnummer
41678;20074811;4026212117516;;20074811_VZK.glb;models/output/20074811_VZK.glb;output;artikelnummer
41679;20074812;4026212117523;;20074812_VZK.glb;models/output/20074812_VZK.glb;output;artikelnummer
41681;20074814;4026212117547;;20074814_VZK.glb;models/output/20074814_VZK.glb;output;artikelnummer
41682;20074815;4026212117554;;20074815_VZK.glb;models/output/20074815_VZK.glb;output;artikelnummer
41683;20074816;4026212117561;;20074816_VZK.glb;models/output/20074816_VZK.glb;output;artikelnummer
41684;20074817;4026212117578;;20074817_VZK.glb;models/output/20074817_VZK.glb;output;artikelnummer
41685;20074818;4026212117585;;20074818_VZK.glb;models/output/20074818_VZK.glb;output;artikelnummer
41686;20074819;4026212117592;;20074819_VZK.glb;models/output/20074819_VZK.glb;output;artikelnummer
41687;20074820;4026212117608;;20074820_VZK.glb;models/output/20074820_VZK.glb;output;artikelnummer
41688;20074821;4026212117615;;20074821_VZK.glb;models/output/20074821_VZK.glb;output;artikelnummer
41689;20074822;4026212117622;;20074822_VZK.glb;models/output/20074822_VZK.glb;output;artikelnummer
41690;20074823;4026212117639;;20074823_VZK.glb;models/output/20074823_VZK.glb;output;artikelnummer
41696;20074831;4026212117691;;20074831_VZK.glb;models/output/20074831_VZK.glb;output;artikelnummer
41708;20074848;4026212117837;;4026212117837_20074848_RAL_5010.glb;models/output/4026212117837_20074848_RAL_5010.glb;output;gtin
41709;20074849;4026212117844;;4026212117844_20074849_RAL_5010.glb;models/output/4026212117844_20074849_RAL_5010.glb;output;gtin
41710;20074850;4026212117851;;4026212117851_20074850_RAL_5010.glb;models/output/4026212117851_20074850_RAL_5010.glb;output;gtin
41711;20074854;4026212117899;;4026212117899_20074854_RAL_5010.glb;models/output/4026212117899_20074854_RAL_5010.glb;output;gtin
41712;20074855;4026212117905;;4026212117905_20074855_RAL_5010.glb;models/output/4026212117905_20074855_RAL_5010.glb;output;gtin
41713;20074856;4026212117912;;4026212117912_20074856_RAL_5010.glb;models/output/4026212117912_20074856_RAL_5010.glb;output;gtin
41714;20074857;4026212117929;;4026212117929_20074857_RAL_5010.glb;models/output/4026212117929_20074857_RAL_5010.glb;output;gtin
41715;20074858;4026212117936;;4026212117936_20074858_RAL_5010.glb;models/output/4026212117936_20074858_RAL_5010.glb;output;gtin
41716;20074859;4026212117943;;4026212117943_20074859_RAL_5010.glb;models/output/4026212117943_20074859_RAL_5010.glb;output;gtin
41717;20074863;4026212117981;;4026212117981_20074863_RAL_5010.glb;models/output/4026212117981_20074863_RAL_5010.glb;output;gtin
41718;20074864;4026212117998;;4026212117998_20074864_RAL_5010.glb;models/output/4026212117998_20074864_RAL_5010.glb;output;gtin
41719;20074865;4026212118001;;4026212118001_20074865_RAL_5010.glb;models/output/4026212118001_20074865_RAL_5010.glb;output;gtin
41720;20074866;4026212118018;;4026212118018_20074866_RAL_5010.glb;models/output/4026212118018_20074866_RAL_5010.glb;output;gtin
41721;20074867;4026212118025;;4026212118025_20074867_RAL_5010.glb;models/output/4026212118025_20074867_RAL_5010.glb;output;gtin
41722;20074868;4026212118032;;4026212118032_20074868_RAL_5010.glb;models/output/4026212118032_20074868_RAL_5010.glb;output;gtin
41723;20074869;4026212118049;;4026212118049_20074869_RAL_5010.glb;models/output/4026212118049_20074869_RAL_5010.glb;output;gtin
41724;20074870;4026212118056;;4026212118056_20074870_RAL_5010.glb;models/output/4026212118056_20074870_RAL_5010.glb;output;gtin
41725;20074871;4026212118063;;4026212118063_20074871_RAL_5010.glb;models/output/4026212118063_20074871_RAL_5010.glb;output;gtin
41726;20074872;4026212118070;;4026212118070_20074872_RAL_5010.glb;models/output/4026212118070_20074872_RAL_5010.glb;output;gtin
41727;20074873;4026212118087;;4026212118087_20074873_RAL_5010.glb;models/output/4026212118087_20074873_RAL_5010.glb;output;gtin
41728;20074874;4026212118094;;4026212118094_20074874_RAL_5010.glb;models/output/4026212118094_20074874_RAL_5010.glb;output;gtin
41729;20074875;4026212118100;;4026212118100_20074875_RAL_5010.glb;models/output/4026212118100_20074875_RAL_5010.glb;output;gtin
41730;20074876;4026212118117;;4026212118117_20074876_RAL_5010.glb;models/output/4026212118117_20074876_RAL_5010.glb;output;gtin
41731;20074877;4026212118124;;4026212118124_20074877_RAL_5010.glb;models/output/4026212118124_20074877_RAL_5010.glb;output;gtin
41732;20074878;4026212118131;;4026212118131_20074878_RAL_5010.glb;models/output/4026212118131_20074878_RAL_5010.glb;output;gtin
41733;20074879;4026212118148;;4026212118148_20074879_RAL_5010.glb;models/output/4026212118148_20074879_RAL_5010.glb;output;gtin
41734;20074880;4026212118155;;4026212118155_20074880_RAL_5010.glb;models/output/4026212118155_20074880_RAL_5010.glb;output;gtin
41735;20074881;4026212118162;;4026212118162_20074881_RAL_5010.glb;models/output/4026212118162_20074881_RAL_5010.glb;output;gtin
41736;20074882;4026212118179;;4026212118179_20074882_RAL_5010.glb;models/output/4026212118179_20074882_RAL_5010.glb;output;gtin
41737;20074883;4026212118186;;4026212118186_20074883_RAL_5010.glb;models/output/4026212118186_20074883_RAL_5010.glb;output;gtin
41738;20074884;4026212118193;;4026212118193_20074884_RAL_5010.glb;models/output/4026212118193_20074884_RAL_5010.glb;output;gtin
41739;20074885;4026212118209;;4026212118209_20074885_RAL_5010.glb;models/output/4026212118209_20074885_RAL_5010.glb;output;gtin
41740;20074886;4026212118216;;4026212118216_20074886_RAL_5010.glb;models/output/4026212118216_20074886_RAL_5010.glb;output;gtin
41741;20074887;4026212118223;;4026212118223_20074887_RAL_5010.glb;models/output/4026212118223_20074887_RAL_5010.glb;output;gtin
41742;20074888;4026212118230;;4026212118230_20074888_RAL_5010.glb;models/output/4026212118230_20074888_RAL_5010.glb;output;gtin
41743;20074889;4026212118247;;4026212118247_20074889_RAL_5010.glb;models/output/4026212118247_20074889_RAL_5010.glb;output;gtin
41744;20074891;4026212118254;Kragarm für META MULTISTRONG L | 400 mm | 220 kg | RAL 5010;4026212118254_20074891_RAL_5010.glb;models/output/4026212118254_20074891_RAL_5010.glb;output;gtin
41745;20074892;4026212118261;Kragarm für META MULTISTRONG L | 500 mm | 175 kg | RAL 5010;4026212118261_20074892_RAL_5010.glb;models/output/4026212118261_20074892_RAL_5010.glb;output;gtin
41746;20074893;4026212118278;Kragarm für META MULTISTRONG L | 600 mm | 140 kg | RAL 5010;4026212118278_20074893_RAL_5010.glb;models/output/4026212118278_20074893_RAL_5010.glb;output;gtin
41747;20074894;4026212118285;Kragarm für META MULTISTRONG M | 400 mm | 535 kg | RAL 5010;4026212118285_20074894_RAL_5010.glb;models/output/4026212118285_20074894_RAL_5010.glb;output;gtin
41748;20074895;4026212118292;Kragarm für META MULTISTRONG M | 500 mm | 430 kg | RAL 5010;4026212118292_20074895_RAL_5010.glb;models/output/4026212118292_20074895_RAL_5010.glb;output;gtin
41749;20074896;4026212118308;Kragarm für META MULTISTRONG M | 600 mm | 355 kg | RAL 5010;4026212118308_20074896_RAL_5010.glb;models/output/4026212118308_20074896_RAL_5010.glb;output;gtin
41750;20074897;4026212118315;Kragarm für META MULTISTRONG M | 800 mm | 250 kg | RAL 5010;4026212118315_20074897_RAL_5010.glb;models/output/4026212118315_20074897_RAL_5010.glb;output;gtin
41751;20074898;4026212118322;;4026212118322_20074898_VZK.glb;models/products/4026212118322_20074898_VZK.glb;products;gtin
41752;20074899;4026212118339;;4026212118339_20074899_VZK.glb;models/products/4026212118339_20074899_VZK.glb;products;gtin
41755;20074903;4026212118360;;4026212118360_20074903_VZK.glb;models/output/4026212118360_20074903_VZK.glb;output;gtin
41756;20074904;4026212118377;;4026212118377_20074904_VZK.glb;models/output/4026212118377_20074904_VZK.glb;output;gtin
41757;20074905;4026212118384;;4026212118384_20074905_VZK.glb;models/output/4026212118384_20074905_VZK.glb;output;gtin
41758;20074906;4026212118391;;4026212118391_20074906_VZK.glb;models/output/4026212118391_20074906_VZK.glb;output;gtin
41759;20074907;4026212118407;;4026212118407_20074907_VZK.glb;models/output/4026212118407_20074907_VZK.glb;output;gtin
41760;20074908;4026212118414;;4026212118414_20074908_VZK.glb;models/output/4026212118414_20074908_VZK.glb;output;gtin
41761;20074909;4026212118421;;4026212118421_20074909_VZK.glb;models/output/4026212118421_20074909_VZK.glb;output;gtin
41762;20074910;4026212118438;;4026212118438_20074910_VZK.glb;models/output/4026212118438_20074910_VZK.glb;output;gtin
41767;20074915;4026212118483;;20074915_VZK.glb;models/output/20074915_VZK.glb;output;artikelnummer
41768;20074916;4026212118490;;20074916_VZK.glb;models/output/20074916_VZK.glb;output;artikelnummer
41769;20074917;4026212118506;;20074917_VZK.glb;models/output/20074917_VZK.glb;output;artikelnummer
41770;20074919;4026212118513;;4026212118513_20074919_VZK.glb;models/output/4026212118513_20074919_VZK.glb;output;gtin
41771;20074920;4026212118520;;4026212118520_20074920_VZK.glb;models/output/4026212118520_20074920_VZK.glb;output;gtin
41772;20074921;4026212118537;;4026212118537_20074921_VZK.glb;models/output/4026212118537_20074921_VZK.glb;output;gtin
41773;20074922;4026212118544;;4026212118544_20074922_VZK.glb;models/output/4026212118544_20074922_VZK.glb;output;gtin
41774;20074923;4026212118551;;4026212118551_20074923_VZK.glb;models/output/4026212118551_20074923_VZK.glb;output;gtin
41775;20074924;4026212118568;;4026212118568_20074924_VZK.glb;models/output/4026212118568_20074924_VZK.glb;output;gtin
41776;20074925;4026212118575;;4026212118575_20074925_VZK.glb;models/output/4026212118575_20074925_VZK.glb;output;gtin
41777;20074926;4026212118582;;4026212118582_20074926_VZK.glb;models/output/4026212118582_20074926_VZK.glb;output;gtin
41778;20074927;4026212118599;;4026212118599_20074927_VZK.glb;models/output/4026212118599_20074927_VZK.glb;output;gtin
41779;20074928;4026212118605;;4026212118605_20074928_VZK.glb;models/output/4026212118605_20074928_VZK.glb;output;gtin
41780;20074929;4026212118612;;4026212118612_20074929_VZK.glb;models/output/4026212118612_20074929_VZK.glb;output;gtin
41781;20074930;4026212118629;;4026212118629_20074930_VZK.glb;models/output/4026212118629_20074930_VZK.glb;output;gtin
41782;20074931;4026212118636;;4026212118636_20074931_VZK.glb;models/output/4026212118636_20074931_VZK.glb;output;gtin
41783;20074932;4026212118643;;4026212118643_20074932_VZK.glb;models/output/4026212118643_20074932_VZK.glb;output;gtin
41784;20074933;4026212118650;;4026212118650_20074933_VZK.glb;models/output/4026212118650_20074933_VZK.glb;output;gtin
41785;20074934;4026212118667;;4026212118667_20074934_VZK.glb;models/output/4026212118667_20074934_VZK.glb;output;gtin
41949;20076032;4026212124385;;4026212124385_20076032_VZK.glb;models/output/4026212124385_20076032_VZK.glb;output;gtin
41950;20076034;4026212124408;;4026212124408_20076034_VZK.glb;models/output/4026212124408_20076034_VZK.glb;output;gtin
41951;20076036;4026212124422;;4026212124422_20076036_VZK.glb;models/output/4026212124422_20076036_VZK.glb;output;gtin
41952;20076037;4026212124439;;4026212124439_20076037_VZK.glb;models/output/4026212124439_20076037_VZK.glb;output;gtin
41953;20076038;4026212124446;MULTIPAL | Ständer | 85/20 | 4400 x 800 mm | verzinkt;4026212124446_20076038_VZK.glb;models/output/4026212124446_20076038_VZK.glb;output;gtin
41954;20076039;4026212124453;;4026212124453_20076039_VZK.glb;models/output/4026212124453_20076039_VZK.glb;output;gtin
41955;20076040;4026212124460;;4026212124460_20076040_VZK.glb;models/output/4026212124460_20076040_VZK.glb;output;gtin
41956;20076093;4026212124552;;4026212124552_20076093_VZK.glb;models/output/4026212124552_20076093_VZK.glb;output;gtin
41957;20076095;4026212124569;;4026212124569_20076095_VZK.glb;models/output/4026212124569_20076095_VZK.glb;output;gtin
41958;20076096;4026212124576;;4026212124576_20076096_VZK.glb;models/output/4026212124576_20076096_VZK.glb;output;gtin
41959;20076097;4026212124583;;4026212124583_20076097_VZK.glb;models/output/4026212124583_20076097_VZK.glb;output;gtin
41960;20076098;4026212124590;;4026212124590_20076098_VZK.glb;models/output/4026212124590_20076098_VZK.glb;output;gtin
41961;20076099;4026212124606;;4026212124606_20076099_VZK.glb;models/output/4026212124606_20076099_VZK.glb;output;gtin
41962;20076100;4026212124613;META MULTIPAL Ständerrahmen | Typ 85/20 | 5500 x 1100 mm | verzinkt;4026212124613_20076100_VZK.glb;models/output/4026212124613_20076100_VZK.glb;output;gtin
41963;20076118;4026212124699;;4026212124699_20076118_RAL_5010.glb;models/output/4026212124699_20076118_RAL_5010.glb;output;gtin
41964;20076119;4026212124705;;4026212124705_20076119_RAL_5010.glb;models/output/4026212124705_20076119_RAL_5010.glb;output;gtin
41965;20076120;4026212124712;;4026212124712_20076120_RAL_5010.glb;models/output/4026212124712_20076120_RAL_5010.glb;output;gtin
41966;20076121;4026212124729;;4026212124729_20076121_RAL_5010.glb;models/output/4026212124729_20076121_RAL_5010.glb;output;gtin
41967;20076122;4026212124736;;4026212124736_20076122_RAL_5010.glb;models/output/4026212124736_20076122_RAL_5010.glb;output;gtin
41968;20076123;4026212124743;;4026212124743_20076123_RAL_5010.glb;models/output/4026212124743_20076123_RAL_5010.glb;output;gtin
41969;20076124;4026212124750;;4026212124750_20076124_RAL_5010.glb;models/output/4026212124750_20076124_RAL_5010.glb;output;gtin
41970;20076210;4026212124910;;4026212124910_20076210_RAL_5010.glb;models/output/4026212124910_20076210_RAL_5010.glb;output;gtin
41971;20076211;4026212124927;;4026212124927_20076211_RAL_5010.glb;models/output/4026212124927_20076211_RAL_5010.glb;output;gtin
41972;20076212;4026212124934;;4026212124934_20076212_RAL_5010.glb;models/output/4026212124934_20076212_RAL_5010.glb;output;gtin
41973;20076213;4026212124941;;4026212124941_20076213_RAL_5010.glb;models/output/4026212124941_20076213_RAL_5010.glb;output;gtin
41974;20076214;4026212124958;;4026212124958_20076214_RAL_5010.glb;models/output/4026212124958_20076214_RAL_5010.glb;output;gtin
41975;20076215;4026212124965;;4026212124965_20076215_RAL_5010.glb;models/output/4026212124965_20076215_RAL_5010.glb;output;gtin
41976;20076216;4026212124972;META MULTIPAL Ständerrahmen | Typ 85/20 | 5500 x 1100 mm | RAL 5010 enzianblau;4026212124972_20076216_RAL_5010.glb;models/output/4026212124972_20076216_RAL_5010.glb;output;gtin
42008;2007639;4026212126532;;4026212126532_2007639_VZK.glb;models/output/4026212126532_2007639_VZK.glb;output;gtin
42029;2007660;4026212128161;;4026212128161_2007660_VZK.glb;models/output/4026212128161_2007660_VZK.glb;output;gtin
42074;20077489;4026212132113;;4026212132113_20077489_RAL_2001.glb;models/output/4026212132113_20077489_RAL_2001.glb;output;gtin
42075;20077491;4026212132137;;4026212132137_20077491_RAL_2001.glb;models/output/4026212132137_20077491_RAL_2001.glb;output;gtin
42117;20077597;4026212133028;;4026212133028_20077597_VZK.glb;models/output/4026212133028_20077597_VZK.glb;output;gtin
42186;20077718;4026212134025;META MULTIPAL | Spanplattenboden 19 mm mit abgesetzten Tiefenauflagen | 2700 x 800 mm;4026212134025_20077718_RAL_KOMB.glb;models/output/4026212134025_20077718_RAL_KOMB.glb;output;gtin
42187;20077719;4026212134032;META MULTIPAL | Spanplattenboden 19 mm mit abgesetzten Tiefenauflagen | 3300 x 800 mm;4026212134032_20077719_RAL_KOMB.glb;models/output/4026212134032_20077719_RAL_KOMB.glb;output;gtin
42188;20077720;4026212134049;META MULTIPAL | Spanplattenboden 19 mm mit abgesetzten Tiefenauflagen | 3600 x 800 mm;4026212134049_20077720_RAL_KOMB.glb;models/output/4026212134049_20077720_RAL_KOMB.glb;output;gtin
42189;20077723;4026212134070;META MULTIPAL | Spanplattenboden 19 mm mit abgesetzten Tiefenauflagen | 2700 x 1100 mm;4026212134070_20077723_RAL_KOMB.glb;models/products/4026212134070_20077723_RAL_KOMB.glb;products;gtin
42190;20077724;4026212134087;META MULTIPAL | Spanplattenboden 19 mm mit abgesetzten Tiefenauflagen | 3300 x 1100 mm;4026212134087_20077724_RAL_KOMB.glb;models/output/4026212134087_20077724_RAL_KOMB.glb;output;gtin
42191;20077725;4026212134094;META MULTIPAL | Spanplattenboden 19 mm mit abgesetzten Tiefenauflagen | 3600 x 1100 mm;4026212134094_20077725_RAL_KOMB.glb;models/output/4026212134094_20077725_RAL_KOMB.glb;output;gtin
42192;20077782;4026212134476;;4026212134476_20077782_RAL_KOMB.glb;models/output/4026212134476_20077782_RAL_KOMB.glb;output;gtin
42193;20077783;4026212134483;;4026212134483_20077783_RAL_KOMB.glb;models/output/4026212134483_20077783_RAL_KOMB.glb;output;gtin
42194;20077784;4026212134490;;4026212134490_20077784_RAL_KOMB.glb;models/output/4026212134490_20077784_RAL_KOMB.glb;output;gtin
42195;20077787;4026212134520;;4026212134520_20077787_RAL_KOMB.glb;models/output/4026212134520_20077787_RAL_KOMB.glb;output;gtin
42196;20077788;4026212134537;;4026212134537_20077788_RAL_KOMB.glb;models/output/4026212134537_20077788_RAL_KOMB.glb;output;gtin
42197;20077789;4026212134544;;4026212134544_20077789_RAL_KOMB.glb;models/output/4026212134544_20077789_RAL_KOMB.glb;output;gtin
42198;20077791;4026212134551;META MULTIPAL | Leichte Tiefenauflage | 800 mm | RAL 2001;4026212134551_20077791_RAL_2001.glb;models/output/4026212134551_20077791_RAL_2001.glb;output;gtin
42199;20077792;4026212134568;META MULTIPAL | Leichte Tiefenauflage | 1100 mm | RAL 2001;4026212134568_20077792_RAL_2001.glb;models/output/4026212134568_20077792_RAL_2001.glb;output;gtin
42210;20078107;4026212135275;Endständerrahmenerhöhung für META MULTIPAL | Tiefe 800 mm | verzinkt;4026212135275_20078107_VZK.glb;models/output/4026212135275_20078107_VZK.glb;output;gtin
42211;20078108;4026212135282;Endständerrahmenerhöhung für META MULTIPAL | Tiefe 1100 mm | verzinkt;4026212135282_20078108_VZK.glb;models/output/4026212135282_20078108_VZK.glb;output;gtin
42212;20078124;4026212135343;;4026212135343_20078124_VZK.glb;models/output/4026212135343_20078124_VZK.glb;output;gtin
42213;20078125;4026212135350;;4026212135350_20078125_VZK.glb;models/output/4026212135350_20078125_VZK.glb;output;gtin
42234;2007827;4026212136128;;4026212136128_2007827_VZK.glb;models/output/4026212136128_2007827_VZK.glb;output;gtin
42237;2007839;4026212136234;;4026212136234_2007839_VZK.glb;models/output/4026212136234_2007839_VZK.glb;output;gtin
42239;2007851;4026212136265;;4026212136265_2007851_VZK.glb;models/output/4026212136265_2007851_VZK.glb;output;gtin
42248;20078863;4026212136906;;4026212136906_20078863_RAL_2001.glb;models/output/4026212136906_20078863_RAL_2001.glb;output;gtin
42249;20078939;4026212137095;;4026212137095_20078939_VZK.glb;models/output/4026212137095_20078939_VZK.glb;output;gtin
42278;20079391;4026212138610;;4026212138610_20079391_RAL_7035.glb;models/output/4026212138610_20079391_RAL_7035.glb;output;gtin
42279;20079392;4026212138627;;4026212138627_20079392_RAL_7035.glb;models/output/4026212138627_20079392_RAL_7035.glb;output;gtin
42280;20079393;4026212138634;;4026212138634_20079393_RAL_7035.glb;models/output/4026212138634_20079393_RAL_7035.glb;output;gtin
42288;2007956;4026212139068;;4026212139068_2007956_VZK.glb;models/output/4026212139068_2007956_VZK.glb;output;gtin
42289;2007958;4026212139105;;4026212139105_2007958_VZK.glb;models/output/4026212139105_2007958_VZK.glb;output;gtin
42290;2007960;4026212139167;;4026212139167_2007960_VZK.glb;models/output/4026212139167_2007960_VZK.glb;output;gtin
42291;2007962;4026212139181;;4026212139181_2007962_VZK.glb;models/output/4026212139181_2007962_VZK.glb;output;gtin
42295;2007975;4026212139617;;4026212139617_2007975_VZK.glb;models/output/4026212139617_2007975_VZK.glb;output;gtin
42296;20079796;4026212139624;;4026212139624_20079796_VZK.glb;models/output/4026212139624_20079796_VZK.glb;output;gtin
42297;20079797;4026212139631;;4026212139631_20079797_VZK.glb;models/output/4026212139631_20079797_VZK.glb;output;gtin
42330;20080469;4026212141726;;4026212141726_20080469_VZK.glb;models/output/4026212141726_20080469_VZK.glb;output;gtin
42331;20080654;4026212142075;META MULTIPAL | Spanplattenboden 38 mm mit abgesetzten Tiefenauflagen | 2700 x 800 mm;4026212142075_20080654_RAL_KOMB.glb;models/output/4026212142075_20080654_RAL_KOMB.glb;output;gtin
42332;20080655;4026212142082;META MULTIPAL | Spanplattenboden 38 mm mit abgesetzten Tiefenauflagen | 3300 x 800 mm;4026212142082_20080655_RAL_KOMB.glb;models/output/4026212142082_20080655_RAL_KOMB.glb;output;gtin
42333;20080656;4026212142099;META MULTIPAL | Spanplattenboden 38 mm mit abgesetzten Tiefenauflagen | 3600 x 800 mm;4026212142099_20080656_RAL_KOMB.glb;models/output/4026212142099_20080656_RAL_KOMB.glb;output;gtin
42334;20080659;4026212142129;META MULTIPAL | Spanplattenboden 38 mm mit abgesetzten Tiefenauflagen | 2700 x 1100 mm;4026212142129_20080659_RAL_KOMB.glb;models/output/4026212142129_20080659_RAL_KOMB.glb;output;gtin
42335;20080660;4026212142136;META MULTIPAL | Spanplattenboden 38 mm mit abgesetzten Tiefenauflagen | 3300 x 1100 mm;4026212142136_20080660_RAL_KOMB.glb;models/output/4026212142136_20080660_RAL_KOMB.glb;output;gtin
42336;20080661;4026212142143;META MULTIPAL | Spanplattenboden 38 mm mit abgesetzten Tiefenauflagen | 3600 x 1100 mm;4026212142143_20080661_RAL_KOMB.glb;models/output/4026212142143_20080661_RAL_KOMB.glb;output;gtin
42337;20080662;4026212142150;META MULTIPAL | Abgesetzte Tiefenauflage 38 mm | 800 mm | RAL 2001;4026212142150_20080662_RAL_2001.glb;models/output/4026212142150_20080662_RAL_2001.glb;output;gtin
42338;20080663;4026212142167;META MULTIPAL | Abgesetzte Tiefenauflage 38 mm | 1100 mm | RAL 2001;4026212142167_20080663_RAL_2001.glb;models/output/4026212142167_20080663_RAL_2001.glb;output;gtin
42373;20080901;4026212143225;;4026212143225_20080901_VZK.glb;models/output/4026212143225_20080901_VZK.glb;output;gtin
42374;20080902;4026212143232;;4026212143232_20080902_VZK.glb;models/output/4026212143232_20080902_VZK.glb;output;gtin
42375;20080903;4026212143249;;4026212143249_20080903_VZK.glb;models/output/4026212143249_20080903_VZK.glb;output;gtin
42386;20080948;4026212143393;;4026212143393_20080948_VZK.glb;models/output/4026212143393_20080948_VZK.glb;output;gtin
42430;20081081;4026212143942;META MULTIPAL | Abgesetzte Tiefenauflage 19 mm | 800 mm | RAL 2001;4026212143942_20081081_RAL_2001.glb;models/output/4026212143942_20081081_RAL_2001.glb;output;gtin
42431;20081083;4026212143966;META MULTIPAL | Abgesetzte Tiefenauflage 19 mm | 1100 mm | RAL 2001;4026212143966_20081083_RAL_2001.glb;models/output/4026212143966_20081083_RAL_2001.glb;output;gtin
42432;200811;4026212144024;;4026212144024_200811_VZK.glb;models/output/4026212144024_200811_VZK.glb;output;gtin
42489;20081209;4026212144734;;4026212144734_20081209_VZK.glb;models/output/4026212144734_20081209_VZK.glb;output;gtin
42490;20081210;4026212144741;;4026212144741_20081210_VZK.glb;models/output/4026212144741_20081210_VZK.glb;output;gtin
42491;20081211;4026212144758;;4026212144758_20081211_VZK.glb;models/output/4026212144758_20081211_VZK.glb;output;gtin
42492;20081212;4026212144765;;4026212144765_20081212_VZK.glb;models/output/4026212144765_20081212_VZK.glb;output;gtin
42493;20081213;4026212144772;;4026212144772_20081213_VZK.glb;models/output/4026212144772_20081213_VZK.glb;output;gtin
42494;20081214;4026212144789;;4026212144789_20081214_VZK.glb;models/output/4026212144789_20081214_VZK.glb;output;gtin
42500;2008830;4026212146493;;4026212146493_2008830_VZK.glb;models/output/4026212146493_2008830_VZK.glb;output;gtin
42501;2008832;4026212146509;;4026212146509_2008832_VZK.glb;models/output/4026212146509_2008832_VZK.glb;output;gtin
42502;2008834;4026212146516;;4026212146516_2008834_VZK.glb;models/output/4026212146516_2008834_VZK.glb;output;gtin
42503;2008836;4026212146523;;4026212146523_2008836_VZK.glb;models/output/4026212146523_2008836_VZK.glb;output;gtin
42504;2008842;4026212146547;;4026212146547_2008842_VZK.glb;models/output/4026212146547_2008842_VZK.glb;output;gtin
42514;2009896;4026212147964;;4026212147964_2009896_VZK.glb;models/output/4026212147964_2009896_VZK.glb;output;gtin
42515;2009909;4026212147988;;4026212147988_2009909_VZK.glb;models/output/4026212147988_2009909_VZK.glb;output;gtin
42516;2009912;4026212147995;;4026212147995_2009912_VZK.glb;models/output/4026212147995_2009912_VZK.glb;output;gtin
42517;2009937;4026212148008;;4026212148008_2009937_VZK.glb;models/output/4026212148008_2009937_VZK.glb;output;gtin
42518;2009972;4026212148039;;4026212148039_2009972_VZK.glb;models/output/4026212148039_2009972_VZK.glb;output;gtin
42522;20082720;4026212149685;META CLIP | Euroloch-Rückwand | 2000 x 1000 mm | inkl. Befestigung | RAL 7035;4026212149685_20082720_RAL_7035.glb;models/products/4026212149685_20082720_RAL_7035.glb;products;gtin
42523;20082721;4026212149692;META CLIP | Euroloch-Rückwand | 2500 x 1000 mm | inkl. Befestigung | RAL 7035;4026212149692_20082721_RAL_7035.glb;models/output/4026212149692_20082721_RAL_7035.glb;output;gtin
42524;20082722;4026212149708;META CLIP | Euroloch-Rückwand | 3000 x 1000 mm | inkl. Befestigung | RAL 7035;4026212149708_20082722_RAL_7035.glb;models/output/4026212149708_20082722_RAL_7035.glb;output;gtin
42525;20082723;4026212149715;META CLIP | Euroloch-Rückwand | 2000 x 1300 mm | inkl. Befestigung | RAL 7035;4026212149715_20082723_RAL_7035.glb;models/output/4026212149715_20082723_RAL_7035.glb;output;gtin
42526;20082724;4026212149722;META CLIP | Euroloch-Rückwand | 2500 x 1300 mm | inkl. Befestigung | RAL 7035;4026212149722_20082724_RAL_7035.glb;models/output/4026212149722_20082724_RAL_7035.glb;output;gtin
42527;20082725;4026212149739;META CLIP | Euroloch-Rückwand | 3000 x 1300 mm | inkl. Befestigung | RAL 7035;4026212149739_20082725_RAL_7035.glb;models/output/4026212149739_20082725_RAL_7035.glb;output;gtin
42629;20084966;4026212169447;;4026212169447_20084966.glb;models/products/4026212169447_20084966.glb;products;gtin
42630;20084967;4026212169454;;4026212169454_20084967_VZK.glb;models/output/4026212169454_20084967_VZK.glb;output;gtin
42631;20084968;4026212169461;;4026212169461_20084968_RAL_7035.glb;models/output/4026212169461_20084968_RAL_7035.glb;output;gtin
42632;20084969;4026212169478;;4026212169478_20084969_VZK.glb;models/output/4026212169478_20084969_VZK.glb;output;gtin
42633;20084970;4026212169485;;4026212169485_20084970_RAL_7035.glb;models/output/4026212169485_20084970_RAL_7035.glb;output;gtin
42642;200173888;4026212177732;;4026212177732_200173888_VZK.glb;models/output/4026212177732_200173888_VZK.glb;output;gtin
42643;200173889;4026212177749;;4026212177749_200173889_VZK.glb;models/output/4026212177749_200173889_VZK.glb;output;gtin
42644;200173890;4026212177787;;4026212177787_200173890_VZK.glb;models/output/4026212177787_200173890_VZK.glb;output;gtin
42645;200173891;4026212177794;;4026212177794_200173891_VZK.glb;models/output/4026212177794_200173891_VZK.glb;output;gtin
42646;200173892;4026212177800;;4026212177800_200173892_VZK.glb;models/output/4026212177800_200173892_VZK.glb;output;gtin
42647;200173894;4026212177831;;4026212177831_200173894_VZK.glb;models/output/4026212177831_200173894_VZK.glb;output;gtin
42648;200173926;4026212178159;;4026212178159_200173926_VZK.glb;models/output/4026212178159_200173926_VZK.glb;output;gtin
42649;200173927;4026212178173;;4026212178173_200173927_VZK.glb;models/output/4026212178173_200173927_VZK.glb;output;gtin
42650;200173928;4026212178180;;4026212178180_200173928_VZK.glb;models/output/4026212178180_200173928_VZK.glb;output;gtin
42651;200173929;4026212178197;;4026212178197_200173929_VZK.glb;models/output/4026212178197_200173929_VZK.glb;output;gtin
42652;200173930;4026212178203;;4026212178203_200173930_VZK.glb;models/output/4026212178203_200173930_VZK.glb;output;gtin
42653;200173932;4026212178227;;4026212178227_200173932_VZK.glb;models/output/4026212178227_200173932_VZK.glb;output;gtin
42654;200174001;4026212178937;;4026212178937_200174001_RAL_5010.glb;models/output/4026212178937_200174001_RAL_5010.glb;output;gtin
42655;200174336;4026212179767;;4026212179767_200174336_VZK.glb;models/output/4026212179767_200174336_VZK.glb;output;gtin
42656;200174337;4026212179774;;4026212179774_200174337_VZK.glb;models/output/4026212179774_200174337_VZK.glb;output;gtin
42657;200174338;4026212179781;;4026212179781_200174338_VZK.glb;models/output/4026212179781_200174338_VZK.glb;output;gtin
42658;200174339;4026212179798;;4026212179798_200174339_VZK.glb;models/output/4026212179798_200174339_VZK.glb;output;gtin
42659;200174340;4026212179804;;4026212179804_200174340_VZK.glb;models/output/4026212179804_200174340_VZK.glb;output;gtin
42660;200174341;4026212179811;;4026212179811_200174341_VZK.glb;models/output/4026212179811_200174341_VZK.glb;output;gtin
42661;200174342;4026212179828;;4026212179828_200174342_VZK.glb;models/output/4026212179828_200174342_VZK.glb;output;gtin
42662;200174343;4026212179835;;4026212179835_200174343_VZK.glb;models/output/4026212179835_200174343_VZK.glb;output;gtin
42663;200174344;4026212179842;;4026212179842_200174344_VZK.glb;models/output/4026212179842_200174344_VZK.glb;output;gtin
42664;200174345;4026212179859;;4026212179859_200174345_VZK.glb;models/output/4026212179859_200174345_VZK.glb;output;gtin
42665;200174346;4026212179866;;4026212179866_200174346_VZK.glb;models/output/4026212179866_200174346_VZK.glb;output;gtin
42666;200174347;4026212179873;;4026212179873_200174347_VZK.glb;models/output/4026212179873_200174347_VZK.glb;output;gtin
42667;200174348;4026212179880;;4026212179880_200174348_VZK.glb;models/output/4026212179880_200174348_VZK.glb;output;gtin
42668;200174349;4026212179897;;4026212179897_200174349_VZK.glb;models/output/4026212179897_200174349_VZK.glb;output;gtin
42669;200174350;4026212179903;;4026212179903_200174350_VZK.glb;models/output/4026212179903_200174350_VZK.glb;output;gtin
42670;200174351;4026212179910;;4026212179910_200174351_VZK.glb;models/output/4026212179910_200174351_VZK.glb;output;gtin
42671;200174352;4026212179927;;4026212179927_200174352_VZK.glb;models/output/4026212179927_200174352_VZK.glb;output;gtin
42672;200174353;4026212179934;;4026212179934_200174353_VZK.glb;models/output/4026212179934_200174353_VZK.glb;output;gtin
42673;200174354;4026212179941;;4026212179941_200174354_VZK.glb;models/output/4026212179941_200174354_VZK.glb;output;gtin
42674;200174374;4026212182804;;4026212182804_200174374_VZK.glb;models/output/4026212182804_200174374_VZK.glb;output;gtin
42675;200174375;4026212182811;;4026212182811_200174375_VZK.glb;models/output/4026212182811_200174375_VZK.glb;output;gtin
42676;200174376;4026212182828;;4026212182828_200174376_VZK.glb;models/output/4026212182828_200174376_VZK.glb;output;gtin
42677;200174377;4026212182835;;4026212182835_200174377_VZK.glb;models/output/4026212182835_200174377_VZK.glb;output;gtin
42678;200174378;4026212182842;;4026212182842_200174378_VZK.glb;models/output/4026212182842_200174378_VZK.glb;output;gtin
42679;200174379;4026212182866;;4026212182866_200174379_VZK.glb;models/output/4026212182866_200174379_VZK.glb;output;gtin
42680;200174380;4026212182873;META MULTIPAL Ständerrahmen | Typ 100/20 | 5500 x 1100 mm | verzinkt;4026212182873_200174380_VZK.glb;models/output/4026212182873_200174380_VZK.glb;output;gtin
42681;200174381;4026212182880;;4026212182880_200174381_VZK.glb;models/output/4026212182880_200174381_VZK.glb;output;gtin
42682;200174382;4026212182897;;4026212182897_200174382_VZK.glb;models/output/4026212182897_200174382_VZK.glb;output;gtin
42683;200174383;4026212182903;;4026212182903_200174383_VZK.glb;models/output/4026212182903_200174383_VZK.glb;output;gtin
42684;200174384;4026212182910;;4026212182910_200174384_VZK.glb;models/output/4026212182910_200174384_VZK.glb;output;gtin
42685;200174385;4026212182927;;4026212182927_200174385_VZK.glb;models/output/4026212182927_200174385_VZK.glb;output;gtin
42686;200174386;4026212182934;;4026212182934_200174386_VZK.glb;models/output/4026212182934_200174386_VZK.glb;output;gtin
42687;200174387;4026212182941;;4026212182941_200174387_VZK.glb;models/output/4026212182941_200174387_VZK.glb;output;gtin
42688;200174388;4026212182958;;4026212182958_200174388_VZK.glb;models/output/4026212182958_200174388_VZK.glb;output;gtin
42689;200174389;4026212182965;;4026212182965_200174389_VZK.glb;models/output/4026212182965_200174389_VZK.glb;output;gtin
42690;200174390;4026212182972;;4026212182972_200174390_VZK.glb;models/output/4026212182972_200174390_VZK.glb;output;gtin
42691;200174391;4026212182989;;4026212182989_200174391_VZK.glb;models/output/4026212182989_200174391_VZK.glb;output;gtin
42692;200174392;4026212182996;;4026212182996_200174392_VZK.glb;models/output/4026212182996_200174392_VZK.glb;output;gtin
42693;200174450;4026212183771;;4026212183771_200174450_RAL_5010.glb;models/output/4026212183771_200174450_RAL_5010.glb;output;gtin
42694;200174451;4026212183788;;4026212183788_200174451_RAL_5010.glb;models/output/4026212183788_200174451_RAL_5010.glb;output;gtin
42695;200174452;4026212183795;;4026212183795_200174452_RAL_5010.glb;models/output/4026212183795_200174452_RAL_5010.glb;output;gtin
42696;200174453;4026212183801;;4026212183801_200174453_RAL_5010.glb;models/output/4026212183801_200174453_RAL_5010.glb;output;gtin
42697;200174454;4026212183818;;4026212183818_200174454_RAL_5010.glb;models/output/4026212183818_200174454_RAL_5010.glb;output;gtin
42698;200174455;4026212183825;;4026212183825_200174455_RAL_5010.glb;models/output/4026212183825_200174455_RAL_5010.glb;output;gtin
42699;200174456;4026212183832;;4026212183832_200174456_RAL_5010.glb;models/output/4026212183832_200174456_RAL_5010.glb;output;gtin
42700;200174039;4026212186314;;4026212186314_200174039_RAL_5010.glb;models/output/4026212186314_200174039_RAL_5010.glb;output;gtin
42701;200174488;4026212187748;;4026212187748_200174488_RAL_5010.glb;models/output/4026212187748_200174488_RAL_5010.glb;output;gtin
42702;200174489;4026212187755;;4026212187755_200174489_RAL_5010.glb;models/output/4026212187755_200174489_RAL_5010.glb;output;gtin
42703;200174490;4026212187786;;4026212187786_200174490_RAL_5010.glb;models/output/4026212187786_200174490_RAL_5010.glb;output;gtin
42704;200174491;4026212187816;;4026212187816_200174491_RAL_5010.glb;models/output/4026212187816_200174491_RAL_5010.glb;output;gtin
42705;200174492;4026212187854;;4026212187854_200174492_RAL_5010.glb;models/output/4026212187854_200174492_RAL_5010.glb;output;gtin
42706;200174493;4026212187885;;4026212187885_200174493_RAL_5010.glb;models/output/4026212187885_200174493_RAL_5010.glb;output;gtin
42707;200174494;4026212187908;META MULTIPAL Ständerrahmen | Typ 100/20 | 5500 x 1100 mm | RAL 5010 enzianblau;4026212187908_200174494_RAL_5010.glb;models/output/4026212187908_200174494_RAL_5010.glb;output;gtin
42708;200174495;4026212188004;;4026212188004_200174495_RAL_5010.glb;models/output/4026212188004_200174495_RAL_5010.glb;output;gtin
42717;20086477;4026212199420;;4026212199420_20086477_RAL_7035.glb;models/output/4026212199420_20086477_RAL_7035.glb;output;gtin
42718;20086463;4026212199437;;4026212199437_20086463_VZK.glb;models/output/4026212199437_20086463_VZK.glb;output;gtin
42719;20086482;4026212199451;;4026212199451_20086482_VZK.glb;models/output/4026212199451_20086482_VZK.glb;output;gtin
42720;20086485;4026212199468;;4026212199468_20086485_RAL_7035.glb;models/output/4026212199468_20086485_RAL_7035.glb;output;gtin
42721;20086487;4026212199475;;4026212199475_20086487_VZK.glb;models/output/4026212199475_20086487_VZK.glb;output;gtin
42722;20086488;4026212199482;;4026212199482_20086488_RAL_7035.glb;models/output/4026212199482_20086488_RAL_7035.glb;output;gtin
42723;20086490;4026212199499;;4026212199499_20086490_VZK.glb;models/output/4026212199499_20086490_VZK.glb;output;gtin
42724;20086492;4026212199505;;4026212199505_20086492_RAL_7035.glb;models/output/4026212199505_20086492_RAL_7035.glb;output;gtin
42725;20086494;4026212199512;;4026212199512_20086494_VZK.glb;models/output/4026212199512_20086494_VZK.glb;output;gtin
42726;20086495;4026212199529;;4026212199529_20086495_RAL_7035.glb;models/output/4026212199529_20086495_RAL_7035.glb;output;gtin
42727;20086497;4026212199536;COMPACT Boden 1250 x 600 mit M-Kanal vzk c;4026212199536_20086497_VZK.glb;models/output/4026212199536_20086497_VZK.glb;output;gtin
42728;20086498;4026212199543;;4026212199543_20086498_RAL_7035.glb;models/output/4026212199543_20086498_RAL_7035.glb;output;gtin
42739;200175810;4026212200669;;4026212200669_200175810_RAL_2001.glb;models/output/4026212200669_200175810_RAL_2001.glb;output;gtin
42740;200175811;4026212200676;;4026212200676_200175811_RAL_2001.glb;models/output/4026212200676_200175811_RAL_2001.glb;output;gtin
42779;20087040;4026212205183;;4026212205183_20087040_VZK.glb;models/output/4026212205183_20087040_VZK.glb;output;gtin
42780;20087041;4026212205190;;4026212205190_20087041_VZK.glb;models/output/4026212205190_20087041_VZK.glb;output;gtin
42781;20087042;4026212205206;;4026212205206_20087042_VZK.glb;models/output/4026212205206_20087042_VZK.glb;output;gtin
42782;20087043;4026212205213;;4026212205213_20087043_VZK.glb;models/output/4026212205213_20087043_VZK.glb;output;gtin
42783;20087044;4026212205220;;4026212205220_20087044_VZK.glb;models/output/4026212205220_20087044_VZK.glb;output;gtin
42784;20087045;4026212205237;;4026212205237_20087045_VZK.glb;models/output/4026212205237_20087045_VZK.glb;output;gtin
42785;20087046;4026212205244;;4026212205244_20087046_VZK.glb;models/output/4026212205244_20087046_VZK.glb;output;gtin
42786;20087047;4026212205251;;4026212205251_20087047_VZK.glb;models/output/4026212205251_20087047_VZK.glb;output;gtin
42787;20087048;4026212205268;;4026212205268_20087048_VZK.glb;models/output/4026212205268_20087048_VZK.glb;output;gtin
42794;20087058;4026212205398;;4026212205398_20087058_VZK.glb;models/output/4026212205398_20087058_VZK.glb;output;gtin
42795;20087059;4026212205404;;4026212205404_20087059_VZK.glb;models/output/4026212205404_20087059_VZK.glb;output;gtin
42807;20087106;4026212205732;;4026212205732_20087106_RAL_7035.glb;models/output/4026212205732_20087106_RAL_7035.glb;output;gtin
42844;20087153;4026212206265;;4026212206265_20087153_VZK.glb;models/output/4026212206265_20087153_VZK.glb;output;gtin
42845;20087154;4026212206272;;4026212206272_20087154_RAL_7035.glb;models/products/4026212206272_20087154_RAL_7035.glb;products;gtin
42884;20087592;4026212211115;;4026212211115_20087592_VZK.glb;models/output/4026212211115_20087592_VZK.glb;output;gtin
42886;20087695;4026212212044;META CLIP | Draht-Rückwand | 3000 x 1300 mm | inkl. Befestigung | verzinkt;4026212212044_20087695_VZK.glb;models/output/4026212212044_20087695_VZK.glb;output;gtin
42887;20087747;4026212212518;;4026212212518_20087747_RAL_7035.glb;models/output/4026212212518_20087747_RAL_7035.glb;output;gtin
42895;20051833;4026212212952;;20051833_VZK.glb;models/output/20051833_VZK.glb;output;artikelnummer
42899;20078928;4026212214017;;4026212214017_20078928_VZK.glb;models/output/4026212214017_20078928_VZK.glb;output;gtin
42900;20078929;4026212214024;;4026212214024_20078929_VZK.glb;models/output/4026212214024_20078929_VZK.glb;output;gtin
42901;20078930;4026212214031;;4026212214031_20078930_VZK.glb;models/output/4026212214031_20078930_VZK.glb;output;gtin
42902;20078931;4026212214048;;4026212214048_20078931_VZK.glb;models/output/4026212214048_20078931_VZK.glb;output;gtin
42903;20078932;4026212214055;;4026212214055_20078932_VZK.glb;models/output/4026212214055_20078932_VZK.glb;output;gtin
42904;20078938;4026212214116;;4026212214116_20078938_VZK.glb;models/output/4026212214116_20078938_VZK.glb;output;gtin
42905;20078940;4026212214123;;4026212214123_20078940_VZK.glb;models/output/4026212214123_20078940_VZK.glb;output;gtin
42906;20078941;4026212214130;;4026212214130_20078941_VZK.glb;models/output/4026212214130_20078941_VZK.glb;output;gtin
42907;20078942;4026212214147;;4026212214147_20078942_VZK.glb;models/output/4026212214147_20078942_VZK.glb;output;gtin
42939;20087088;4026212215656;;4026212215656_20087088_VZK.glb;models/output/4026212215656_20087088_VZK.glb;output;gtin
42941;200174457;4026212216943;;4026212216943_200174457_RAL_5010.glb;models/output/4026212216943_200174457_RAL_5010.glb;output;gtin
42967;20088338;4026212221961;;4026212221961_20088338_VZK.glb;models/output/4026212221961_20088338_VZK.glb;output;gtin
42970;20088341;4026212221992;;4026212221992_20088341_RAL_2001.glb;models/output/4026212221992_20088341_RAL_2001.glb;output;gtin
42973;20088446;4026212222272;;4026212222272_20088446_VZK.glb;models/output/4026212222272_20088446_VZK.glb;output;gtin
42976;20088450;4026212222319;;4026212222319_20088450_RAL_2001.glb;models/output/4026212222319_20088450_RAL_2001.glb;output;gtin
42981;20088481;4026212222494;;4026212222494_20088481_VZK.glb;models/output/4026212222494_20088481_VZK.glb;output;gtin
42984;20088484;4026212222524;;4026212222524_20088484_RAL_2001.glb;models/output/4026212222524_20088484_RAL_2001.glb;output;gtin
43093;20089506;4026212228052;;4026212228052_20089506_VZK.glb;models/output/4026212228052_20089506_VZK.glb;output;gtin
43094;20089522;4026212228526;;4026212228526_20089522_VZK.glb;models/output/4026212228526_20089522_VZK.glb;output;gtin
43095;20089523;4026212228533;;4026212228533_20089523_VZK.glb;models/output/4026212228533_20089523_VZK.glb;output;gtin
43101;20089525;4026212228601;;20089525_VZK.glb;models/output/20089525_VZK.glb;output;artikelnummer
43134;20089706;4026212230031;;20089706_VZK.glb;models/output/20089706_VZK.glb;output;artikelnummer
43135;20089707;4026212230048;;20089707_VZK.glb;models/output/20089707_VZK.glb;output;artikelnummer
43136;20089708;4026212230055;;20089708_VZK.glb;models/output/20089708_VZK.glb;output;artikelnummer
43138;20089710;4026212230079;;20089710_VZK.glb;models/output/20089710_VZK.glb;output;artikelnummer
43139;20089711;4026212230086;;20089711_VZK.glb;models/output/20089711_VZK.glb;output;artikelnummer
43144;20089916;4026212232042;;4026212232042_20089916_RAL_7035.glb;models/output/4026212232042_20089916_RAL_7035.glb;output;gtin
43145;20089917;4026212232059;;4026212232059_20089917_RAL_7035.glb;models/output/4026212232059_20089917_RAL_7035.glb;output;gtin
43182;20091076;4026212238174;;4026212238174_20091076_VZK.glb;models/output/4026212238174_20091076_VZK.glb;output;gtin
43183;20091077;4026212238181;;4026212238181_20091077_VZK.glb;models/output/4026212238181_20091077_VZK.glb;output;gtin
43196;20091424;4026212239065;;4026212239065_20091424_RAL_7035.glb;models/output/4026212239065_20091424_RAL_7035.glb;output;gtin
43197;20091425;4026212239072;;4026212239072_20091425_RAL_7035.glb;models/output/4026212239072_20091425_RAL_7035.glb;output;gtin
43198;20091442;4026212239126;;4026212239126_20091442_RAL_5010.glb;models/output/4026212239126_20091442_RAL_5010.glb;output;gtin
43199;20091443;4026212239133;;4026212239133_20091443_RAL_5010.glb;models/output/4026212239133_20091443_RAL_5010.glb;output;gtin
43200;20091444;4026212239140;;4026212239140_20091444_RAL_5010.glb;models/output/4026212239140_20091444_RAL_5010.glb;output;gtin
43201;20091447;4026212239188;;4026212239188_20091447_RAL_5010.glb;models/output/4026212239188_20091447_RAL_5010.glb;output;gtin
43202;20091448;4026212239195;;4026212239195_20091448_RAL_5010.glb;models/output/4026212239195_20091448_RAL_5010.glb;output;gtin
43203;20091449;4026212239201;;4026212239201_20091449_RAL_5010.glb;models/output/4026212239201_20091449_RAL_5010.glb;output;gtin
43226;20089998;4026212241396;META MULTIPAL | Schwere Tiefenauflage | 1100 mm | 1500 kg | verzinkt;4026212241396_20089998_RAL_FVZK.glb;models/output/4026212241396_20089998_RAL_FVZK.glb;output;gtin
43227;20091958;4026212241716;;4026212241716_20091958_RAL_7035.glb;models/output/4026212241716_20091958_RAL_7035.glb;output;gtin
43229;20092087;4026212242379;;4026212242379_20092087_VZK.glb;models/output/4026212242379_20092087_VZK.glb;output;gtin
43230;20092098;4026212242393;;4026212242393_20092098_VZK.glb;models/output/4026212242393_20092098_VZK.glb;output;gtin
43231;20092102;4026212242423;;4026212242423_20092102_VZK.glb;models/output/4026212242423_20092102_VZK.glb;output;gtin
43232;20092103;4026212242430;;4026212242430_20092103_VZK.glb;models/output/4026212242430_20092103_VZK.glb;output;gtin
43233;20092121;4026212242553;;4026212242553_20092121_VZK.glb;models/output/4026212242553_20092121_VZK.glb;output;gtin
43234;20092123;4026212242577;;4026212242577_20092123_VZK.glb;models/output/4026212242577_20092123_VZK.glb;output;gtin
43235;20092129;4026212242652;;4026212242652_20092129_VZK.glb;models/output/4026212242652_20092129_VZK.glb;output;gtin
43236;20092130;4026212242669;;4026212242669_20092130_VZK.glb;models/output/4026212242669_20092130_VZK.glb;output;gtin
43237;20092134;4026212242683;;4026212242683_20092134_VZK.glb;models/output/4026212242683_20092134_VZK.glb;output;gtin
43238;20092135;4026212242690;;4026212242690_20092135_VZK.glb;models/output/4026212242690_20092135_VZK.glb;output;gtin
43239;20092136;4026212242706;;4026212242706_20092136_VZK.glb;models/output/4026212242706_20092136_VZK.glb;output;gtin
43240;20092143;4026212242768;;4026212242768_20092143_RAL_7035.glb;models/output/4026212242768_20092143_RAL_7035.glb;output;gtin
43241;20092159;4026212242836;;20092159_VZK.glb;models/output/20092159_VZK.glb;output;artikelnummer
43242;20092169;4026212242881;;20092169_VZK.glb;models/output/20092169_VZK.glb;output;artikelnummer
43243;20092170;4026212242911;;20092170_VZK.glb;models/output/20092170_VZK.glb;output;artikelnummer
43244;20092180;4026212243024;;20092180_VZK.glb;models/output/20092180_VZK.glb;output;artikelnummer
43245;20092181;4026212243031;;20092181_VZK.glb;models/output/20092181_VZK.glb;output;artikelnummer
43246;20092185;4026212243079;;20092185_VZK.glb;models/output/20092185_VZK.glb;output;artikelnummer
43247;20092188;4026212243109;;20092188_VZK.glb;models/output/20092188_VZK.glb;output;artikelnummer
43248;20092191;4026212243130;;4026212243130_20092191_RAL_7035.glb;models/output/4026212243130_20092191_RAL_7035.glb;output;gtin
43249;20092192;4026212243147;;4026212243147_20092192_RAL_7035.glb;models/output/4026212243147_20092192_RAL_7035.glb;output;gtin
43250;20092201;4026212243185;;4026212243185_20092201_RAL_7035.glb;models/output/4026212243185_20092201_RAL_7035.glb;output;gtin
43251;20092202;4026212243208;;4026212243208_20092202_RAL_7035.glb;models/output/4026212243208_20092202_RAL_7035.glb;output;gtin
43252;20092212;4026212243291;;4026212243291_20092212_RAL_7035.glb;models/output/4026212243291_20092212_RAL_7035.glb;output;gtin
43253;20092252;4026212243567;;4026212243567_20092252_VZK.glb;models/output/4026212243567_20092252_VZK.glb;output;gtin
43254;20092256;4026212243604;;20092256_VZK.glb;models/output/20092256_VZK.glb;output;artikelnummer
43255;20092260;4026212243635;;4026212243635_20092260_VZK.glb;models/output/4026212243635_20092260_VZK.glb;output;gtin
43256;20092262;4026212243659;;4026212243659_20092262_VZK.glb;models/output/4026212243659_20092262_VZK.glb;output;gtin
43257;20092264;4026212243673;;20092264_VZK.glb;models/output/20092264_VZK.glb;output;artikelnummer
43258;20092269;4026212243710;;4026212243710_20092269_VZK.glb;models/output/4026212243710_20092269_VZK.glb;output;gtin
43259;20092272;4026212243734;;4026212243734_20092272_VZK.glb;models/output/4026212243734_20092272_VZK.glb;output;gtin
43260;20092274;4026212243758;;20092274_VZK.glb;models/output/20092274_VZK.glb;output;artikelnummer
43261;20092277;4026212243789;;4026212243789_20092277_VZK.glb;models/output/4026212243789_20092277_VZK.glb;output;gtin
43262;20092278;4026212243796;;4026212243796_20092278_VZK.glb;models/output/4026212243796_20092278_VZK.glb;output;gtin
43263;20092281;4026212243802;;20092281_VZK.glb;models/output/20092281_VZK.glb;output;artikelnummer
43264;20092284;4026212243833;;4026212243833_20092284_VZK.glb;models/output/4026212243833_20092284_VZK.glb;output;gtin
43266;20092289;4026212243888;;4026212243888_20092289_RAL_7035.glb;models/output/4026212243888_20092289_RAL_7035.glb;output;gtin
43267;20092294;4026212243925;;20092294_VZK.glb;models/output/20092294_VZK.glb;output;artikelnummer
43268;20092304;4026212244007;;20092304_VZK.glb;models/output/20092304_VZK.glb;output;artikelnummer
43269;20092310;4026212244038;;20092310_VZK.glb;models/output/20092310_VZK.glb;output;artikelnummer
43270;20092320;4026212244076;;20092320_VZK.glb;models/output/20092320_VZK.glb;output;artikelnummer
43271;20092327;4026212244137;;20092327_VZK.glb;models/output/20092327_VZK.glb;output;artikelnummer
43272;20092330;4026212244168;;20092330_VZK.glb;models/output/20092330_VZK.glb;output;artikelnummer
43273;20092368;4026212244717;;20092368_VZK.glb;models/output/20092368_VZK.glb;output;artikelnummer
43275;20092569;4026212245615;;4026212245615_20092569_RAL_7035.glb;models/output/4026212245615_20092569_RAL_7035.glb;output;gtin
43276;20092571;4026212245653;;4026212245653_20092571_RAL_7035.glb;models/output/4026212245653_20092571_RAL_7035.glb;output;gtin
43277;20092572;4026212245660;;4026212245660_20092572_RAL_7035.glb;models/output/4026212245660_20092572_RAL_7035.glb;output;gtin
43278;20092579;4026212245707;;4026212245707_20092579_RAL_7035.glb;models/output/4026212245707_20092579_RAL_7035.glb;output;gtin
43279;20092589;4026212245837;;4026212245837_20092589_RAL_7035.glb;models/output/4026212245837_20092589_RAL_7035.glb;output;gtin
43280;20092677;4026212246148;;4026212246148_20092677_RAL_7035.glb;models/output/4026212246148_20092677_RAL_7035.glb;output;gtin
43282;20092685;4026212246162;META MULTIPAL | Schwere Tiefenauflage | 800 mm | 1500 kg | verzinkt;4026212246162_20092685_RAL_FVZK.glb;models/output/4026212246162_20092685_RAL_FVZK.glb;output;gtin
43289;20092844;4026212246940;;4026212246940_20092844_RAL_2001.glb;models/output/4026212246940_20092844_RAL_2001.glb;output;gtin
43292;20062616;4026212247442;;4026212247442_20062616_VZK.glb;models/output/4026212247442_20062616_VZK.glb;output;gtin
43293;20092946;4026212247466;META CLIP | Draht-Rückwand | 2000 x 1300 mm | inkl. Befestigung | verzinkt;4026212247466_20092946_VZK.glb;models/output/4026212247466_20092946_VZK.glb;output;gtin
43422;20094816;4026212259384;;4026212259384_20094816_RAL_2001.glb;models/output/4026212259384_20094816_RAL_2001.glb;output;gtin
43423;20094817;4026212259391;;4026212259391_20094817_RAL_2001.glb;models/output/4026212259391_20094817_RAL_2001.glb;output;gtin
43424;20094818;4026212259407;;4026212259407_20094818_RAL_2001.glb;models/output/4026212259407_20094818_RAL_2001.glb;output;gtin
43425;20094819;4026212259414;;4026212259414_20094819_RAL_2001.glb;models/output/4026212259414_20094819_RAL_2001.glb;output;gtin
43426;20094820;4026212259421;;4026212259421_20094820_RAL_2001.glb;models/output/4026212259421_20094820_RAL_2001.glb;output;gtin
43427;20094821;4026212259438;;4026212259438_20094821_RAL_2001.glb;models/output/4026212259438_20094821_RAL_2001.glb;output;gtin
43450;20095009;4026212260083;;4026212260083_20095009_VZK.glb;models/output/4026212260083_20095009_VZK.glb;output;gtin
43454;20095013;4026212260151;;4026212260151_20095013_RAL_7035.glb;models/output/4026212260151_20095013_RAL_7035.glb;output;gtin
43455;20095014;4026212260168;;4026212260168_20095014_RAL_7035.glb;models/output/4026212260168_20095014_RAL_7035.glb;output;gtin
43456;20095015;4026212260175;;4026212260175_20095015_RAL_7035.glb;models/output/4026212260175_20095015_RAL_7035.glb;output;gtin
43457;20095016;4026212260182;;4026212260182_20095016_RAL_7035.glb;models/output/4026212260182_20095016_RAL_7035.glb;output;gtin
43490;20095086;4026212260649;;4026212260649_20095086_VZK.glb;models/output/4026212260649_20095086_VZK.glb;output;gtin
43491;20095087;4026212260656;;4026212260656_20095087_VZK.glb;models/output/4026212260656_20095087_VZK.glb;output;gtin
43492;20095088;4026212260663;;4026212260663_20095088_VZK.glb;models/output/4026212260663_20095088_VZK.glb;output;gtin
43493;20095089;4026212260670;;4026212260670_20095089_VZK.glb;models/output/4026212260670_20095089_VZK.glb;output;gtin
43494;20095090;4026212260687;;4026212260687_20095090_VZK.glb;models/output/4026212260687_20095090_VZK.glb;output;gtin
43495;20095091;4026212260694;;4026212260694_20095091_VZK.glb;models/output/4026212260694_20095091_VZK.glb;output;gtin
43496;20095092;4026212260700;;4026212260700_20095092_VZK.glb;models/output/4026212260700_20095092_VZK.glb;output;gtin
43497;20095093;4026212260717;;4026212260717_20095093_VZK.glb;models/output/4026212260717_20095093_VZK.glb;output;gtin
43498;20095094;4026212260724;;4026212260724_20095094_VZK.glb;models/output/4026212260724_20095094_VZK.glb;output;gtin
43499;20095095;4026212260731;;4026212260731_20095095_VZK.glb;models/output/4026212260731_20095095_VZK.glb;output;gtin
43500;20095096;4026212260748;;4026212260748_20095096_VZK.glb;models/output/4026212260748_20095096_VZK.glb;output;gtin
43501;20095097;4026212260755;;4026212260755_20095097_VZK.glb;models/output/4026212260755_20095097_VZK.glb;output;gtin
43502;20095098;4026212260762;;4026212260762_20095098_VZK.glb;models/output/4026212260762_20095098_VZK.glb;output;gtin
43503;20095099;4026212260779;;4026212260779_20095099_VZK.glb;models/output/4026212260779_20095099_VZK.glb;output;gtin
43504;20095100;4026212260786;;4026212260786_20095100_VZK.glb;models/output/4026212260786_20095100_VZK.glb;output;gtin
43505;20095101;4026212260793;;4026212260793_20095101_VZK.glb;models/output/4026212260793_20095101_VZK.glb;output;gtin
43506;20095102;4026212260809;;4026212260809_20095102_VZK.glb;models/output/4026212260809_20095102_VZK.glb;output;gtin
43507;20095103;4026212260816;;4026212260816_20095103_VZK.glb;models/output/4026212260816_20095103_VZK.glb;output;gtin
43508;20095104;4026212260823;;4026212260823_20095104_VZK.glb;models/output/4026212260823_20095104_VZK.glb;output;gtin
43509;20095107;4026212260830;;4026212260830_20095107_RAL_5010.glb;models/output/4026212260830_20095107_RAL_5010.glb;output;gtin
43510;20095108;4026212260847;;4026212260847_20095108_RAL_5010.glb;models/output/4026212260847_20095108_RAL_5010.glb;output;gtin
43511;20095109;4026212260854;;4026212260854_20095109_RAL_5010.glb;models/output/4026212260854_20095109_RAL_5010.glb;output;gtin
43512;20095110;4026212260861;;4026212260861_20095110_RAL_5010.glb;models/output/4026212260861_20095110_RAL_5010.glb;output;gtin
43513;20095111;4026212260878;;4026212260878_20095111_RAL_5010.glb;models/output/4026212260878_20095111_RAL_5010.glb;output;gtin
43514;20095112;4026212260885;;4026212260885_20095112_RAL_5010.glb;models/output/4026212260885_20095112_RAL_5010.glb;output;gtin
43515;20095113;4026212260892;;4026212260892_20095113_RAL_5010.glb;models/output/4026212260892_20095113_RAL_5010.glb;output;gtin
43516;20095114;4026212260908;;4026212260908_20095114_RAL_5010.glb;models/output/4026212260908_20095114_RAL_5010.glb;output;gtin
43517;20095115;4026212260915;;4026212260915_20095115_VZK.glb;models/output/4026212260915_20095115_VZK.glb;output;gtin
43518;20095116;4026212260922;;4026212260922_20095116_VZK.glb;models/output/4026212260922_20095116_VZK.glb;output;gtin
43519;20095117;4026212260939;;4026212260939_20095117_VZK.glb;models/output/4026212260939_20095117_VZK.glb;output;gtin
43520;20095118;4026212260946;;4026212260946_20095118_VZK.glb;models/output/4026212260946_20095118_VZK.glb;output;gtin
43521;20095119;4026212260953;MULTIPAL Ständer | 120/20 | 4400 x 1100 mm | verzinkt;4026212260953_20095119_VZK.glb;models/output/4026212260953_20095119_VZK.glb;output;gtin
43522;20095120;4026212260960;;4026212260960_20095120_VZK.glb;models/output/4026212260960_20095120_VZK.glb;output;gtin
43523;20095121;4026212260977;META MULTIPAL Ständerrahmen | Typ 120/20 | 5500 x 1100 mm | verzinkt;4026212260977_20095121_VZK.glb;models/output/4026212260977_20095121_VZK.glb;output;gtin
43524;20095122;4026212260984;;4026212260984_20095122_VZK.glb;models/output/4026212260984_20095122_VZK.glb;output;gtin
43525;20095123;4026212260991;;4026212260991_20095123_VZK.glb;models/output/4026212260991_20095123_VZK.glb;output;gtin
43526;20095124;4026212261004;;4026212261004_20095124_VZK.glb;models/output/4026212261004_20095124_VZK.glb;output;gtin
43527;20095125;4026212261011;;4026212261011_20095125_VZK.glb;models/output/4026212261011_20095125_VZK.glb;output;gtin
43528;20095126;4026212261028;;4026212261028_20095126_VZK.glb;models/output/4026212261028_20095126_VZK.glb;output;gtin
43529;20095127;4026212261035;;4026212261035_20095127_VZK.glb;models/output/4026212261035_20095127_VZK.glb;output;gtin
43530;20095128;4026212261042;;4026212261042_20095128_VZK.glb;models/output/4026212261042_20095128_VZK.glb;output;gtin
43531;20095129;4026212261059;;4026212261059_20095129_VZK.glb;models/output/4026212261059_20095129_VZK.glb;output;gtin
43532;20095130;4026212261066;;4026212261066_20095130_VZK.glb;models/output/4026212261066_20095130_VZK.glb;output;gtin
43533;20095131;4026212261073;;4026212261073_20095131_VZK.glb;models/output/4026212261073_20095131_VZK.glb;output;gtin
43534;20095132;4026212261080;;4026212261080_20095132_VZK.glb;models/output/4026212261080_20095132_VZK.glb;output;gtin
43535;20095133;4026212261097;;4026212261097_20095133_VZK.glb;models/output/4026212261097_20095133_VZK.glb;output;gtin
43536;20095139;4026212261103;;4026212261103_20095139_VZK.glb;models/output/4026212261103_20095139_VZK.glb;output;gtin
43537;20095140;4026212261110;;4026212261110_20095140_VZK.glb;models/output/4026212261110_20095140_VZK.glb;output;gtin
43538;20095158;4026212261127;;4026212261127_20095158_RAL_5010.glb;models/output/4026212261127_20095158_RAL_5010.glb;output;gtin
43539;20095141;4026212261134;;4026212261134_20095141_VZK.glb;models/output/4026212261134_20095141_VZK.glb;output;gtin
43540;20095159;4026212261141;;4026212261141_20095159_RAL_5010.glb;models/output/4026212261141_20095159_RAL_5010.glb;output;gtin
43541;20095142;4026212261158;;4026212261158_20095142_VZK.glb;models/output/4026212261158_20095142_VZK.glb;output;gtin
43542;20095160;4026212261165;;4026212261165_20095160_RAL_5010.glb;models/output/4026212261165_20095160_RAL_5010.glb;output;gtin
43543;20095143;4026212261172;;4026212261172_20095143_VZK.glb;models/output/4026212261172_20095143_VZK.glb;output;gtin
43544;20095161;4026212261189;;4026212261189_20095161_RAL_5010.glb;models/output/4026212261189_20095161_RAL_5010.glb;output;gtin
43545;20095144;4026212261196;;4026212261196_20095144_VZK.glb;models/output/4026212261196_20095144_VZK.glb;output;gtin
43546;20095162;4026212261202;;4026212261202_20095162_RAL_5010.glb;models/output/4026212261202_20095162_RAL_5010.glb;output;gtin
43547;20095145;4026212261219;;4026212261219_20095145_VZK.glb;models/output/4026212261219_20095145_VZK.glb;output;gtin
43548;20095163;4026212261226;;4026212261226_20095163_RAL_5010.glb;models/output/4026212261226_20095163_RAL_5010.glb;output;gtin
43549;20095146;4026212261233;;4026212261233_20095146_VZK.glb;models/output/4026212261233_20095146_VZK.glb;output;gtin
43550;20095147;4026212261240;;4026212261240_20095147_VZK.glb;models/output/4026212261240_20095147_VZK.glb;output;gtin
43551;20095164;4026212261257;META MULTIPAL Ständerrahmen | Typ 120/20 | 5500 x 1100 mm | RAL 5010 enzianblau;4026212261257_20095164_RAL_5010.glb;models/output/4026212261257_20095164_RAL_5010.glb;output;gtin
43552;20095165;4026212261264;;4026212261264_20095165_RAL_5010.glb;models/output/4026212261264_20095165_RAL_5010.glb;output;gtin
43553;20095148;4026212261271;;4026212261271_20095148_VZK.glb;models/output/4026212261271_20095148_VZK.glb;output;gtin
43554;20095149;4026212261288;;4026212261288_20095149_VZK.glb;models/output/4026212261288_20095149_VZK.glb;output;gtin
43555;20095150;4026212261295;;4026212261295_20095150_VZK.glb;models/output/4026212261295_20095150_VZK.glb;output;gtin
43556;20095166;4026212261301;;4026212261301_20095166_VZK.glb;models/output/4026212261301_20095166_VZK.glb;output;gtin
43557;20095151;4026212261318;;4026212261318_20095151_VZK.glb;models/output/4026212261318_20095151_VZK.glb;output;gtin
43558;20095152;4026212261325;;4026212261325_20095152_VZK.glb;models/output/4026212261325_20095152_VZK.glb;output;gtin
43559;20095167;4026212261332;;4026212261332_20095167_VZK.glb;models/output/4026212261332_20095167_VZK.glb;output;gtin
43560;20095153;4026212261349;;4026212261349_20095153_VZK.glb;models/output/4026212261349_20095153_VZK.glb;output;gtin
43561;20095154;4026212261356;;4026212261356_20095154_VZK.glb;models/output/4026212261356_20095154_VZK.glb;output;gtin
43562;20095168;4026212261363;;4026212261363_20095168_VZK.glb;models/output/4026212261363_20095168_VZK.glb;output;gtin
43563;20095155;4026212261370;;4026212261370_20095155_VZK.glb;models/output/4026212261370_20095155_VZK.glb;output;gtin
43564;20095169;4026212261387;;4026212261387_20095169_VZK.glb;models/output/4026212261387_20095169_VZK.glb;output;gtin
43565;20095156;4026212261394;;4026212261394_20095156_VZK.glb;models/output/4026212261394_20095156_VZK.glb;output;gtin
43566;20095170;4026212261400;;4026212261400_20095170_VZK.glb;models/output/4026212261400_20095170_VZK.glb;output;gtin
43567;20095157;4026212261417;;4026212261417_20095157_VZK.glb;models/output/4026212261417_20095157_VZK.glb;output;gtin
43568;20095171;4026212261424;;4026212261424_20095171_VZK.glb;models/output/4026212261424_20095171_VZK.glb;output;gtin
43569;20095172;4026212261431;;4026212261431_20095172_VZK.glb;models/output/4026212261431_20095172_VZK.glb;output;gtin
43570;20095193;4026212261448;;4026212261448_20095193_RAL_5010.glb;models/output/4026212261448_20095193_RAL_5010.glb;output;gtin
43571;20095173;4026212261455;;4026212261455_20095173_VZK.glb;models/output/4026212261455_20095173_VZK.glb;output;gtin
43572;20095194;4026212261462;;4026212261462_20095194_RAL_5010.glb;models/output/4026212261462_20095194_RAL_5010.glb;output;gtin
43573;20095174;4026212261479;;4026212261479_20095174_VZK.glb;models/output/4026212261479_20095174_VZK.glb;output;gtin
43574;20095195;4026212261486;;4026212261486_20095195_RAL_5010.glb;models/output/4026212261486_20095195_RAL_5010.glb;output;gtin
43575;20095175;4026212261493;;4026212261493_20095175_VZK.glb;models/output/4026212261493_20095175_VZK.glb;output;gtin
43576;20095196;4026212261509;;4026212261509_20095196_RAL_5010.glb;models/output/4026212261509_20095196_RAL_5010.glb;output;gtin
43577;20095176;4026212261516;;4026212261516_20095176_VZK.glb;models/output/4026212261516_20095176_VZK.glb;output;gtin
43578;20095197;4026212261523;;4026212261523_20095197_RAL_5010.glb;models/output/4026212261523_20095197_RAL_5010.glb;output;gtin
43579;20095177;4026212261530;;4026212261530_20095177_VZK.glb;models/output/4026212261530_20095177_VZK.glb;output;gtin
43580;20095198;4026212261547;;4026212261547_20095198_RAL_5010.glb;models/output/4026212261547_20095198_RAL_5010.glb;output;gtin
43581;20095178;4026212261554;;4026212261554_20095178_VZK.glb;models/output/4026212261554_20095178_VZK.glb;output;gtin
43582;20095199;4026212261561;;4026212261561_20095199_RAL_5010.glb;models/output/4026212261561_20095199_RAL_5010.glb;output;gtin
43583;20095200;4026212261578;;4026212261578_20095200_RAL_5010.glb;models/output/4026212261578_20095200_RAL_5010.glb;output;gtin
43584;20095179;4026212261585;;4026212261585_20095179_VZK.glb;models/output/4026212261585_20095179_VZK.glb;output;gtin
43585;20095180;4026212261592;;4026212261592_20095180_VZK.glb;models/output/4026212261592_20095180_VZK.glb;output;gtin
43586;20095181;4026212261608;;4026212261608_20095181_VZK.glb;models/output/4026212261608_20095181_VZK.glb;output;gtin
43587;20095182;4026212261615;;4026212261615_20095182_VZK.glb;models/output/4026212261615_20095182_VZK.glb;output;gtin
43588;20095183;4026212261622;;4026212261622_20095183_VZK.glb;models/output/4026212261622_20095183_VZK.glb;output;gtin
43589;20095184;4026212261639;;4026212261639_20095184_VZK.glb;models/output/4026212261639_20095184_VZK.glb;output;gtin
43590;20095185;4026212261646;;4026212261646_20095185_RAL_5010.glb;models/output/4026212261646_20095185_RAL_5010.glb;output;gtin
43591;20095186;4026212261653;;4026212261653_20095186_RAL_5010.glb;models/output/4026212261653_20095186_RAL_5010.glb;output;gtin
43592;20095187;4026212261660;;4026212261660_20095187_RAL_5010.glb;models/output/4026212261660_20095187_RAL_5010.glb;output;gtin
43593;20095188;4026212261677;;4026212261677_20095188_RAL_5010.glb;models/output/4026212261677_20095188_RAL_5010.glb;output;gtin
43594;20095189;4026212261684;;4026212261684_20095189_RAL_5010.glb;models/output/4026212261684_20095189_RAL_5010.glb;output;gtin
43595;20095190;4026212261691;;4026212261691_20095190_RAL_5010.glb;models/output/4026212261691_20095190_RAL_5010.glb;output;gtin
43596;20095191;4026212261707;;4026212261707_20095191_RAL_5010.glb;models/output/4026212261707_20095191_RAL_5010.glb;output;gtin
43597;20095192;4026212261714;;4026212261714_20095192_RAL_5010.glb;models/output/4026212261714_20095192_RAL_5010.glb;output;gtin
43600;20095575;4026212264814;Zusatzboden für CLIP Regal | MS150 III | 1000 x 400 x 40 mm | verzinkt | inkl. 4 Fachbodenträger;4026212264814_20095575_VZK.glb;models/output/4026212264814_20095575_VZK.glb;output;gtin
43601;20095576;4026212264821;;4026212264821_20095576_VZK.glb;models/output/4026212264821_20095576_VZK.glb;output;gtin
43602;20095577;4026212264838;;4026212264838_20095577_VZK.glb;models/output/4026212264838_20095577_VZK.glb;output;gtin
43612;20095672;4026212265286;;20095672_VZK.glb;models/output/20095672_VZK.glb;output;artikelnummer
43613;20095673;4026212265293;;20095673_VZK.glb;models/output/20095673_VZK.glb;output;artikelnummer
43614;20095674;4026212265309;;20095674_VZK.glb;models/output/20095674_VZK.glb;output;artikelnummer
43627;20095844;4026212266191;;4026212266191_20095844_VZK.glb;models/output/4026212266191_20095844_VZK.glb;output;gtin
43628;20095845;4026212266207;;4026212266207_20095845_VZK.glb;models/output/4026212266207_20095845_VZK.glb;output;gtin
43629;20095846;4026212266214;;4026212266214_20095846_VZK.glb;models/output/4026212266214_20095846_VZK.glb;output;gtin
43630;20095847;4026212266221;;4026212266221_20095847_RAL_7035.glb;models/output/4026212266221_20095847_RAL_7035.glb;output;gtin
43631;20095848;4026212266238;;4026212266238_20095848_RAL_7035.glb;models/output/4026212266238_20095848_RAL_7035.glb;output;gtin
43632;20095849;4026212266245;;4026212266245_20095849_RAL_7035.glb;models/output/4026212266245_20095849_RAL_7035.glb;output;gtin
43633;20095850;4026212266252;;4026212266252_20095850_VZK.glb;models/output/4026212266252_20095850_VZK.glb;output;gtin
43634;20095851;4026212266269;;4026212266269_20095851_VZK.glb;models/output/4026212266269_20095851_VZK.glb;output;gtin
43635;20095852;4026212266276;;4026212266276_20095852_VZK.glb;models/output/4026212266276_20095852_VZK.glb;output;gtin
43636;20095853;4026212266283;;4026212266283_20095853_RAL_7035.glb;models/output/4026212266283_20095853_RAL_7035.glb;output;gtin
43637;20095854;4026212266290;;4026212266290_20095854_RAL_7035.glb;models/output/4026212266290_20095854_RAL_7035.glb;output;gtin
43638;20095855;4026212266306;;4026212266306_20095855_RAL_7035.glb;models/output/4026212266306_20095855_RAL_7035.glb;output;gtin
43639;20095856;4026212266313;;4026212266313_20095856_VZK.glb;models/output/4026212266313_20095856_VZK.glb;output;gtin
43640;20095857;4026212266320;;4026212266320_20095857_VZK.glb;models/output/4026212266320_20095857_VZK.glb;output;gtin
43641;20095858;4026212266337;;4026212266337_20095858_VZK.glb;models/output/4026212266337_20095858_VZK.glb;output;gtin
43642;20095859;4026212266344;;4026212266344_20095859_RAL_7035.glb;models/output/4026212266344_20095859_RAL_7035.glb;output;gtin
43643;20095860;4026212266351;;4026212266351_20095860_RAL_7035.glb;models/output/4026212266351_20095860_RAL_7035.glb;output;gtin
43644;20095861;4026212266368;;4026212266368_20095861_RAL_7035.glb;models/output/4026212266368_20095861_RAL_7035.glb;output;gtin
43645;20095862;4026212266375;;4026212266375_20095862_VZK.glb;models/output/4026212266375_20095862_VZK.glb;output;gtin
43646;20095863;4026212266405;;4026212266405_20095863_VZK.glb;models/output/4026212266405_20095863_VZK.glb;output;gtin
43647;20095864;4026212266412;;4026212266412_20095864_VZK.glb;models/output/4026212266412_20095864_VZK.glb;output;gtin
43648;20095865;4026212266429;;4026212266429_20095865_RAL_7035.glb;models/output/4026212266429_20095865_RAL_7035.glb;output;gtin
43649;20095866;4026212266436;;4026212266436_20095866_RAL_7035.glb;models/output/4026212266436_20095866_RAL_7035.glb;output;gtin
43650;20095867;4026212266443;;4026212266443_20095867_RAL_7035.glb;models/output/4026212266443_20095867_RAL_7035.glb;output;gtin
43652;20095896;4026212266542;;4026212266542_20095896_VZK.glb;models/output/4026212266542_20095896_VZK.glb;output;gtin
43656;20095897;4026212266580;;4026212266580_20095897_VZK.glb;models/output/4026212266580_20095897_VZK.glb;output;gtin
43657;20095898;4026212266597;;20095898_VZK.glb;models/output/20095898_VZK.glb;output;artikelnummer
43870;20097273;4026212273328;;4026212273328_20097273_RAL_7035.glb;models/output/4026212273328_20097273_RAL_7035.glb;output;gtin
43871;20097272;4026212273335;;4026212273335_20097272_RAL_7035.glb;models/output/4026212273335_20097272_RAL_7035.glb;output;gtin
43872;20097271;4026212273342;;4026212273342_20097271_RAL_7035.glb;models/output/4026212273342_20097271_RAL_7035.glb;output;gtin
43873;20097274;4026212273359;;4026212273359_20097274_RAL_7035.glb;models/output/4026212273359_20097274_RAL_7035.glb;output;gtin
43874;20097275;4026212273366;;4026212273366_20097275_RAL_7035.glb;models/output/4026212273366_20097275_RAL_7035.glb;output;gtin
43875;20097276;4026212273373;;4026212273373_20097276_RAL_7035.glb;models/output/4026212273373_20097276_RAL_7035.glb;output;gtin
43882;20097284;4026212273441;;4026212273441_20097284_RAL_7035.glb;models/output/4026212273441_20097284_RAL_7035.glb;output;gtin
43883;20097285;4026212273458;;4026212273458_20097285_RAL_7035.glb;models/output/4026212273458_20097285_RAL_7035.glb;output;gtin
43884;20097286;4026212273465;;4026212273465_20097286_RAL_7035.glb;models/output/4026212273465_20097286_RAL_7035.glb;output;gtin
43885;20097293;4026212273489;;4026212273489_20097293_RAL_7035.glb;models/output/4026212273489_20097293_RAL_7035.glb;output;gtin
43886;20097298;4026212273540;;20097298_VZK.glb;models/output/20097298_VZK.glb;output;artikelnummer
43887;20097299;4026212273557;;20097299_VZK.glb;models/output/20097299_VZK.glb;output;artikelnummer
43888;20097300;4026212273564;;20097300_VZK.glb;models/output/20097300_VZK.glb;output;artikelnummer
43889;20097301;4026212273571;;20097301_VZK.glb;models/output/20097301_VZK.glb;output;artikelnummer
43890;20097302;4026212273588;;20097302_VZK.glb;models/output/20097302_VZK.glb;output;artikelnummer
43891;20097303;4026212273595;;20097303_VZK.glb;models/output/20097303_VZK.glb;output;artikelnummer
43892;20097304;4026212273601;;20097304_VZK.glb;models/output/20097304_VZK.glb;output;artikelnummer
43893;20097305;4026212273618;;20097305_VZK.glb;models/output/20097305_VZK.glb;output;artikelnummer
43894;20097328;4026212273670;;4026212273670_20097328_RAL_7035.glb;models/output/4026212273670_20097328_RAL_7035.glb;output;gtin
43934;20098025;4026212276299;;4026212276299_20098025_RAL_5010.glb;models/output/4026212276299_20098025_RAL_5010.glb;output;gtin
43935;20098026;4026212276305;;4026212276305_20098026_RAL_5010.glb;models/output/4026212276305_20098026_RAL_5010.glb;output;gtin
43936;20098027;4026212276312;;4026212276312_20098027_RAL_5010.glb;models/output/4026212276312_20098027_RAL_5010.glb;output;gtin
43937;20098028;4026212276329;;4026212276329_20098028_RAL_5010.glb;models/output/4026212276329_20098028_RAL_5010.glb;output;gtin
43938;20098029;4026212276336;;4026212276336_20098029_RAL_5010.glb;models/output/4026212276336_20098029_RAL_5010.glb;output;gtin
43939;20098030;4026212276343;;4026212276343_20098030_RAL_5010.glb;models/output/4026212276343_20098030_RAL_5010.glb;output;gtin
44097;200177599;4026212286489;;4026212286489_200177599_VZK.glb;models/output/4026212286489_200177599_VZK.glb;output;gtin
44098;200177600;4026212286496;;4026212286496_200177600_VZK.glb;models/output/4026212286496_200177600_VZK.glb;output;gtin
44099;200177601;4026212286502;;2_4026212286502_200177601_VZK.glb;models/products/2_4026212286502_200177601_VZK.glb;products;gtin
44100;200177602;4026212286519;;4026212286519_200177602_VZK.glb;models/output/4026212286519_200177602_VZK.glb;output;gtin
44101;200177603;4026212286526;;4026212286526_200177603_VZK.glb;models/output/4026212286526_200177603_VZK.glb;output;gtin
44102;200177604;4026212286533;;4026212286533_200177604_VZK.glb;models/output/4026212286533_200177604_VZK.glb;output;gtin
44103;200177605;4026212286540;;4026212286540_200177605_VZK.glb;models/output/4026212286540_200177605_VZK.glb;output;gtin
44104;200177606;4026212286557;;4026212286557_200177606_VZK.glb;models/output/4026212286557_200177606_VZK.glb;output;gtin
44105;200177607;4026212286564;;4026212286564_200177607_VZK.glb;models/output/4026212286564_200177607_VZK.glb;output;gtin
44106;200177608;4026212286571;;4026212286571_200177608_VZK.glb;models/output/4026212286571_200177608_VZK.glb;output;gtin
44107;200177609;4026212286588;;4026212286588_200177609_VZK.glb;models/output/4026212286588_200177609_VZK.glb;output;gtin
44108;200177610;4026212286595;;4026212286595_200177610_VZK.glb;models/output/4026212286595_200177610_VZK.glb;output;gtin
44109;200177611;4026212286601;;4026212286601_200177611_RAL_7035.glb;models/output/4026212286601_200177611_RAL_7035.glb;output;gtin
44110;200177612;4026212286618;;4026212286618_200177612_RAL_7035.glb;models/output/4026212286618_200177612_RAL_7035.glb;output;gtin
44111;200177613;4026212286625;;4026212286625_200177613_RAL_7035.glb;models/output/4026212286625_200177613_RAL_7035.glb;output;gtin
44112;200177614;4026212286632;;4026212286632_200177614_RAL_7035.glb;models/output/4026212286632_200177614_RAL_7035.glb;output;gtin
44113;200177615;4026212286649;;4026212286649_200177615_RAL_7035.glb;models/output/4026212286649_200177615_RAL_7035.glb;output;gtin
44114;200177616;4026212286656;;4026212286656_200177616_RAL_7035.glb;models/output/4026212286656_200177616_RAL_7035.glb;output;gtin
44115;200177617;4026212286663;;4026212286663_200177617_RAL_7035.glb;models/output/4026212286663_200177617_RAL_7035.glb;output;gtin
44116;200177618;4026212286670;;4026212286670_200177618_RAL_7035.glb;models/output/4026212286670_200177618_RAL_7035.glb;output;gtin
44117;200177619;4026212286687;;4026212286687_200177619_RAL_7035.glb;models/output/4026212286687_200177619_RAL_7035.glb;output;gtin
44118;200177620;4026212286694;;4026212286694_200177620_RAL_7035.glb;models/output/4026212286694_200177620_RAL_7035.glb;output;gtin
44119;200177621;4026212286700;;4026212286700_200177621_RAL_7035.glb;models/output/4026212286700_200177621_RAL_7035.glb;output;gtin
44120;200177622;4026212286717;;4026212286717_200177622_RAL_7035.glb;models/output/4026212286717_200177622_RAL_7035.glb;output;gtin
44185;200178360;4026212289640;;4026212289640_200178360_VZK.glb;models/output/4026212289640_200178360_VZK.glb;output;gtin
44186;200178361;4026212289664;;4026212289664_200178361_VZK.glb;models/output/4026212289664_200178361_VZK.glb;output;gtin
44187;200178372;4026212289688;;4026212289688_200178372_RAL_7035.glb;models/output/4026212289688_200178372_RAL_7035.glb;output;gtin
44188;200178373;4026212289695;;4026212289695_200178373_RAL_7035.glb;models/output/4026212289695_200178373_RAL_7035.glb;output;gtin
44263;200178362;4026212290806;;4026212290806_200178362_VZK.glb;models/output/4026212290806_200178362_VZK.glb;output;gtin
44264;200178363;4026212290813;;4026212290813_200178363_VZK.glb;models/output/4026212290813_200178363_VZK.glb;output;gtin
44265;200178374;4026212290820;;4026212290820_200178374_RAL_7035.glb;models/output/4026212290820_200178374_RAL_7035.glb;output;gtin
44266;200178375;4026212290837;;4026212290837_200178375_RAL_7035.glb;models/output/4026212290837_200178375_RAL_7035.glb;output;gtin
44267;200178366;4026212290899;;4026212290899_200178366_VZK.glb;models/output/4026212290899_200178366_VZK.glb;output;gtin
44268;200178367;4026212290905;;4026212290905_200178367_VZK.glb;models/output/4026212290905_200178367_VZK.glb;output;gtin
44269;200178368;4026212290912;;4026212290912_200178368_VZK.glb;models/output/4026212290912_200178368_VZK.glb;output;gtin
44270;200178378;4026212290929;;4026212290929_200178378_RAL_7035.glb;models/output/4026212290929_200178378_RAL_7035.glb;output;gtin
44271;200178379;4026212290936;;4026212290936_200178379_RAL_7035.glb;models/output/4026212290936_200178379_RAL_7035.glb;output;gtin
44272;200178380;4026212290943;;4026212290943_200178380_RAL_7035.glb;models/output/4026212290943_200178380_RAL_7035.glb;output;gtin
44273;200178369;4026212290950;;4026212290950_200178369_VZK.glb;models/output/4026212290950_200178369_VZK.glb;output;gtin
44274;200178370;4026212290967;;4026212290967_200178370_VZK.glb;models/output/4026212290967_200178370_VZK.glb;output;gtin
44275;200178381;4026212290974;;4026212290974_200178381_RAL_7035.glb;models/output/4026212290974_200178381_RAL_7035.glb;output;gtin
44276;200178382;4026212290981;;4026212290981_200178382_RAL_7035.glb;models/output/4026212290981_200178382_RAL_7035.glb;output;gtin
44358;200179768;4026212298024;;4026212298024_200179768_RAL_5010.glb;models/output/4026212298024_200179768_RAL_5010.glb;output;gtin
44359;200179769;4026212298031;;4026212298031_200179769_RAL_5010.glb;models/output/4026212298031_200179769_RAL_5010.glb;output;gtin
44360;200179770;4026212298048;;4026212298048_200179770_RAL_5010.glb;models/output/4026212298048_200179770_RAL_5010.glb;output;gtin
44361;200179771;4026212298055;;4026212298055_200179771_RAL_5010.glb;models/output/4026212298055_200179771_RAL_5010.glb;output;gtin
44362;200179772;4026212298062;;4026212298062_200179772_RAL_5010.glb;models/output/4026212298062_200179772_RAL_5010.glb;output;gtin
44363;200179773;4026212298079;;4026212298079_200179773_RAL_5010.glb;models/output/4026212298079_200179773_RAL_5010.glb;output;gtin
44364;200179774;4026212298086;;4026212298086_200179774_RAL_5010.glb;models/output/4026212298086_200179774_RAL_5010.glb;output;gtin
44365;200179775;4026212298093;;4026212298093_200179775_RAL_5010.glb;models/output/4026212298093_200179775_RAL_5010.glb;output;gtin
44392;20084965;4026212303391;;4026212303391_20084965_VZK.glb;models/output/4026212303391_20084965_VZK.glb;output;gtin
44393;200181591;4026212303407;;4026212303407_200181591_VZK.glb;models/output/4026212303407_200181591_VZK.glb;output;gtin
44394;200181592;4026212303414;;4026212303414_200181592_VZK.glb;models/output/4026212303414_200181592_VZK.glb;output;gtin
44395;200181593;4026212303421;;4026212303421_200181593_VZK.glb;models/output/4026212303421_200181593_VZK.glb;output;gtin
44396;200181594;4026212303438;;4026212303438_200181594_RAL_7035.glb;models/output/4026212303438_200181594_RAL_7035.glb;output;gtin
44397;200181595;4026212303445;;4026212303445_200181595_RAL_7035.glb;models/output/4026212303445_200181595_RAL_7035.glb;output;gtin
44398;200181596;4026212303452;;4026212303452_200181596_RAL_7035.glb;models/output/4026212303452_200181596_RAL_7035.glb;output;gtin
44604;200182277;4026212307443;META CLIP | Diagonalstab | für Regalbreite 1500 mm| verzinkt;4026212307443_200182277_VZK.glb;models/output/4026212307443_200182277_VZK.glb;output;gtin
44605;200182279;4026212307467;META CLIP | Diagonalstab | für Regalbreite 1700 mm| verzinkt;4026212307467_200182279_VZK.glb;models/output/4026212307467_200182279_VZK.glb;output;gtin
44606;200182319;4026212307573;;4026212307573_200182319_VZK.glb;models/output/4026212307573_200182319_VZK.glb;output;gtin
44607;200182320;4026212307580;;4026212307580_200182320_VZK.glb;models/output/4026212307580_200182320_VZK.glb;output;gtin
44608;200182321;4026212307597;;3_4026212307597_200182321_VZK.glb;models/products/3_4026212307597_200182321_VZK.glb;products;gtin
44609;200182322;4026212307603;;4026212307603_200182322_VZK.glb;models/output/4026212307603_200182322_VZK.glb;output;gtin
44610;200182323;4026212307610;;4026212307610_200182323_RAL_7035.glb;models/output/4026212307610_200182323_RAL_7035.glb;output;gtin
44611;200182324;4026212307627;;4026212307627_200182324_RAL_7035.glb;models/output/4026212307627_200182324_RAL_7035.glb;output;gtin
44612;200182325;4026212307634;;4026212307634_200182325_RAL_7035.glb;models/output/4026212307634_200182325_RAL_7035.glb;output;gtin
44613;200182326;4026212307641;;4026212307641_200182326_RAL_7035.glb;models/output/4026212307641_200182326_RAL_7035.glb;output;gtin
44639;200182605;4026212308341;;4026212308341_200182605_VZK.glb;models/output/4026212308341_200182605_VZK.glb;output;gtin
44640;200182616;4026212308358;;4026212308358_200182616_RAL_7035.glb;models/output/4026212308358_200182616_RAL_7035.glb;output;gtin
44641;200182610;4026212308365;;4026212308365_200182610_VZK.glb;models/output/4026212308365_200182610_VZK.glb;output;gtin
44642;200182606;4026212308372;;4026212308372_200182606_VZK.glb;models/output/4026212308372_200182606_VZK.glb;output;gtin
44643;200182607;4026212308389;;4026212308389_200182607_VZK.glb;models/output/4026212308389_200182607_VZK.glb;output;gtin
44644;200182608;4026212308396;;4026212308396_200182608_VZK.glb;models/output/4026212308396_200182608_VZK.glb;output;gtin
44645;200182609;4026212308402;;4026212308402_200182609_VZK.glb;models/output/4026212308402_200182609_VZK.glb;output;gtin
44646;200182611;4026212308419;;4026212308419_200182611_RAL_7035.glb;models/output/4026212308419_200182611_RAL_7035.glb;output;gtin
44647;200182612;4026212308426;;4026212308426_200182612_RAL_7035.glb;models/output/4026212308426_200182612_RAL_7035.glb;output;gtin
44648;200182613;4026212308433;;4026212308433_200182613_RAL_7035.glb;models/output/4026212308433_200182613_RAL_7035.glb;output;gtin
44649;200182614;4026212308440;;4026212308440_200182614_RAL_7035.glb;models/output/4026212308440_200182614_RAL_7035.glb;output;gtin
44650;200182615;4026212308457;;4026212308457_200182615_RAL_7035.glb;models/output/4026212308457_200182615_RAL_7035.glb;output;gtin
44651;200182510;4026212308563;;4026212308563_200182510_RAL_FVZK.glb;models/output/4026212308563_200182510_RAL_FVZK.glb;output;gtin
44652;200182511;4026212308570;;4026212308570_200182511_RAL_FVZK.glb;models/output/4026212308570_200182511_RAL_FVZK.glb;output;gtin
44653;200182512;4026212308587;;4026212308587_200182512_RAL_FVZK.glb;models/output/4026212308587_200182512_RAL_FVZK.glb;output;gtin
44654;200182515;4026212308617;;4026212308617_200182515_RAL_FVZK.glb;models/output/4026212308617_200182515_RAL_FVZK.glb;output;gtin
44655;200182516;4026212308624;;4026212308624_200182516_RAL_FVZK.glb;models/output/4026212308624_200182516_RAL_FVZK.glb;output;gtin
44656;200182517;4026212308631;;4026212308631_200182517_RAL_FVZK.glb;models/output/4026212308631_200182517_RAL_FVZK.glb;output;gtin
44657;200182530;4026212308662;;4026212308662_200182530_RAL_FVZK.glb;models/output/4026212308662_200182530_RAL_FVZK.glb;output;gtin
44658;200182531;4026212308679;;4026212308679_200182531_RAL_FVZK.glb;models/output/4026212308679_200182531_RAL_FVZK.glb;output;gtin
44659;200182532;4026212308686;;4026212308686_200182532_RAL_FVZK.glb;models/output/4026212308686_200182532_RAL_FVZK.glb;output;gtin
44660;200182535;4026212308716;;4026212308716_200182535_RAL_FVZK.glb;models/output/4026212308716_200182535_RAL_FVZK.glb;output;gtin
44661;200182536;4026212308723;;4026212308723_200182536_RAL_FVZK.glb;models/output/4026212308723_200182536_RAL_FVZK.glb;output;gtin
44662;200182537;4026212308730;;4026212308730_200182537_RAL_FVZK.glb;models/output/4026212308730_200182537_RAL_FVZK.glb;output;gtin
44663;200182540;4026212308761;;4026212308761_200182540_RAL_FVZK.glb;models/output/4026212308761_200182540_RAL_FVZK.glb;output;gtin
44664;200182541;4026212308778;;4026212308778_200182541_RAL_FVZK.glb;models/output/4026212308778_200182541_RAL_FVZK.glb;output;gtin
44665;200182542;4026212308785;;4026212308785_200182542_RAL_FVZK.glb;models/output/4026212308785_200182542_RAL_FVZK.glb;output;gtin
44666;200182545;4026212308815;META MULTIPAL Gitterrostboden | 2700 x 1100 mm | aufgelegt | Palettenlast 1000 kg;4026212308815_200182545_RAL_FVZK.glb;models/output/4026212308815_200182545_RAL_FVZK.glb;output;gtin
44667;200182546;4026212308822;;4026212308822_200182546_RAL_FVZK.glb;models/output/4026212308822_200182546_RAL_FVZK.glb;output;gtin
44668;200182547;4026212308839;;4026212308839_200182547_RAL_FVZK.glb;models/output/4026212308839_200182547_RAL_FVZK.glb;output;gtin
44669;200182550;4026212308860;;4026212308860_200182550_RAL_FVZK.glb;models/output/4026212308860_200182550_RAL_FVZK.glb;output;gtin
44670;200182551;4026212308877;;4026212308877_200182551_RAL_FVZK.glb;models/output/4026212308877_200182551_RAL_FVZK.glb;output;gtin
44671;200182552;4026212308884;;4026212308884_200182552_RAL_FVZK.glb;models/output/4026212308884_200182552_RAL_FVZK.glb;output;gtin
44672;200182555;4026212308914;;4026212308914_200182555_RAL_FVZK.glb;models/output/4026212308914_200182555_RAL_FVZK.glb;output;gtin
44673;200182556;4026212308921;;4026212308921_200182556_RAL_FVZK.glb;models/output/4026212308921_200182556_RAL_FVZK.glb;output;gtin
44674;200182557;4026212308938;META MULTIPAL Gitterrostboden | 3600 x 1100 mm | eingelegt| Palettenlast 500 kg;4026212308938_200182557_RAL_FVZK.glb;models/output/4026212308938_200182557_RAL_FVZK.glb;output;gtin
44675;200182570;4026212308969;;4026212308969_200182570_RAL_FVZK.glb;models/output/4026212308969_200182570_RAL_FVZK.glb;output;gtin
44676;200182571;4026212308976;;4026212308976_200182571_RAL_FVZK.glb;models/output/4026212308976_200182571_RAL_FVZK.glb;output;gtin
44677;200182572;4026212308983;;4026212308983_200182572_RAL_FVZK.glb;models/output/4026212308983_200182572_RAL_FVZK.glb;output;gtin
44678;200182575;4026212309010;;4026212309010_200182575_RAL_FVZK.glb;models/output/4026212309010_200182575_RAL_FVZK.glb;output;gtin
44679;200182576;4026212309027;;4026212309027_200182576_RAL_FVZK.glb;models/output/4026212309027_200182576_RAL_FVZK.glb;output;gtin
44680;200182577;4026212309034;;4026212309034_200182577_RAL_FVZK.glb;models/output/4026212309034_200182577_RAL_FVZK.glb;output;gtin
44681;200182580;4026212309065;;4026212309065_200182580_RAL_FVZK.glb;models/output/4026212309065_200182580_RAL_FVZK.glb;output;gtin
44682;200182581;4026212309072;;4026212309072_200182581_RAL_FVZK.glb;models/output/4026212309072_200182581_RAL_FVZK.glb;output;gtin
44683;200182582;4026212309089;;4026212309089_200182582_RAL_FVZK.glb;models/output/4026212309089_200182582_RAL_FVZK.glb;output;gtin
44684;200182585;4026212309119;;4026212309119_200182585_RAL_FVZK.glb;models/output/4026212309119_200182585_RAL_FVZK.glb;output;gtin
44685;200182586;4026212309126;;4026212309126_200182586_RAL_FVZK.glb;models/output/4026212309126_200182586_RAL_FVZK.glb;output;gtin
44686;200182587;4026212309133;;4026212309133_200182587_RAL_FVZK.glb;models/output/4026212309133_200182587_RAL_FVZK.glb;output;gtin
44688;200182688;4026212309157;;4026212309157_200182688_VZK.glb;models/output/4026212309157_200182688_VZK.glb;output;gtin
44689;200182689;4026212309164;;4026212309164_200182689_VZK.glb;models/output/4026212309164_200182689_VZK.glb;output;gtin
44690;200182690;4026212309171;;4026212309171_200182690_VZK.glb;models/output/4026212309171_200182690_VZK.glb;output;gtin
44691;200182691;4026212309188;;4026212309188_200182691_VZK.glb;models/output/4026212309188_200182691_VZK.glb;output;gtin
44692;200182692;4026212309195;;4026212309195_200182692_VZK.glb;models/output/4026212309195_200182692_VZK.glb;output;gtin
44693;200182693;4026212309218;;4026212309218_200182693_VZK.glb;models/output/4026212309218_200182693_VZK.glb;output;gtin
44694;200182694;4026212309225;;4026212309225_200182694_RAL_7035.glb;models/output/4026212309225_200182694_RAL_7035.glb;output;gtin
44695;200182695;4026212309256;;4026212309256_200182695_RAL_7035.glb;models/output/4026212309256_200182695_RAL_7035.glb;output;gtin
44696;200182696;4026212309270;;4026212309270_200182696_RAL_7035.glb;models/output/4026212309270_200182696_RAL_7035.glb;output;gtin
44697;200182697;4026212309287;;4026212309287_200182697_RAL_7035.glb;models/output/4026212309287_200182697_RAL_7035.glb;output;gtin
44698;200182698;4026212309294;;4026212309294_200182698_RAL_7035.glb;models/output/4026212309294_200182698_RAL_7035.glb;output;gtin
44699;200182699;4026212309300;;4026212309300_200182699_RAL_7035.glb;models/output/4026212309300_200182699_RAL_7035.glb;output;gtin
44748;200182954;4026212311235;;4026212311235_200182954_RAL_5010.glb;models/output/4026212311235_200182954_RAL_5010.glb;output;gtin
44749;200182955;4026212311242;;4026212311242_200182955_RAL_5010.glb;models/output/4026212311242_200182955_RAL_5010.glb;output;gtin
44750;200182956;4026212311259;;4026212311259_200182956_RAL_5010.glb;models/output/4026212311259_200182956_RAL_5010.glb;output;gtin
44751;200182957;4026212311266;;4026212311266_200182957_RAL_5010.glb;models/output/4026212311266_200182957_RAL_5010.glb;output;gtin
44812;200183392;4026212313741;;4026212313741_200183392_VZK.glb;models/output/4026212313741_200183392_VZK.glb;output;gtin
44839;200183487;4026212314212;;200183487_VZK.glb;models/output/200183487_VZK.glb;output;artikelnummer
44840;200183488;4026212314229;;200183488_VZK.glb;models/output/200183488_VZK.glb;output;artikelnummer
44841;200183489;4026212314236;;200183489_VZK.glb;models/output/200183489_VZK.glb;output;artikelnummer
44842;200183490;4026212314243;;200183490_VZK.glb;models/output/200183490_VZK.glb;output;artikelnummer
44845;200183627;4026212314830;;4026212314830_200183627_VZK.glb;models/output/4026212314830_200183627_VZK.glb;output;gtin
44846;200183628;4026212314847;;4026212314847_200183628_VZK.glb;models/output/4026212314847_200183628_VZK.glb;output;gtin
44847;200183629;4026212314854;;4026212314854_200183629_VZK.glb;models/output/4026212314854_200183629_VZK.glb;output;gtin
44848;200183630;4026212314861;;4026212314861_200183630_VZK.glb;models/output/4026212314861_200183630_VZK.glb;output;gtin
44849;200183631;4026212314878;;4026212314878_200183631_VZK.glb;models/output/4026212314878_200183631_VZK.glb;output;gtin
44850;200183632;4026212314885;;4026212314885_200183632_VZK.glb;models/output/4026212314885_200183632_VZK.glb;output;gtin
44851;200183633;4026212314892;;4026212314892_200183633_VZK.glb;models/output/4026212314892_200183633_VZK.glb;output;gtin
44852;200183634;4026212314908;;4026212314908_200183634_VZK.glb;models/output/4026212314908_200183634_VZK.glb;output;gtin
44853;200183635;4026212314915;;4026212314915_200183635_VZK.glb;models/output/4026212314915_200183635_VZK.glb;output;gtin
44854;200183636;4026212314922;;4026212314922_200183636_VZK.glb;models/output/4026212314922_200183636_VZK.glb;output;gtin
44855;200183637;4026212314939;;4026212314939_200183637_VZK.glb;models/output/4026212314939_200183637_VZK.glb;output;gtin
44856;200183638;4026212314946;;4026212314946_200183638_VZK.glb;models/output/4026212314946_200183638_VZK.glb;output;gtin
44857;200183639;4026212314953;;4026212314953_200183639_VZK.glb;models/output/4026212314953_200183639_VZK.glb;output;gtin
44858;200183640;4026212314960;;4026212314960_200183640_VZK.glb;models/output/4026212314960_200183640_VZK.glb;output;gtin
44859;200183641;4026212314977;;4026212314977_200183641_VZK.glb;models/output/4026212314977_200183641_VZK.glb;output;gtin
44860;200183642;4026212314984;;4026212314984_200183642_VZK.glb;models/output/4026212314984_200183642_VZK.glb;output;gtin
44861;200183643;4026212314991;;4026212314991_200183643_VZK.glb;models/output/4026212314991_200183643_VZK.glb;output;gtin
44862;200183644;4026212315004;;4026212315004_200183644_VZK.glb;models/output/4026212315004_200183644_VZK.glb;output;gtin
44863;200183646;4026212315028;;4026212315028_200183646_VZK.glb;models/output/4026212315028_200183646_VZK.glb;output;gtin
44864;200183647;4026212315035;;4026212315035_200183647_VZK.glb;models/output/4026212315035_200183647_VZK.glb;output;gtin
44865;200183648;4026212315042;;4026212315042_200183648_VZK.glb;models/output/4026212315042_200183648_VZK.glb;output;gtin
44866;200183649;4026212315059;;4026212315059_200183649_VZK.glb;models/output/4026212315059_200183649_VZK.glb;output;gtin
44867;200183650;4026212315066;;4026212315066_200183650_VZK.glb;models/output/4026212315066_200183650_VZK.glb;output;gtin
44868;200183651;4026212315073;;4026212315073_200183651_VZK.glb;models/output/4026212315073_200183651_VZK.glb;output;gtin
44869;200183652;4026212315080;;4026212315080_200183652_VZK.glb;models/output/4026212315080_200183652_VZK.glb;output;gtin
44870;200183653;4026212315097;;4026212315097_200183653_VZK.glb;models/output/4026212315097_200183653_VZK.glb;output;gtin
44871;200183654;4026212315103;;4026212315103_200183654_VZK.glb;models/output/4026212315103_200183654_VZK.glb;output;gtin
44872;200183655;4026212315110;;4026212315110_200183655_VZK.glb;models/output/4026212315110_200183655_VZK.glb;output;gtin
44873;200183656;4026212315127;;4026212315127_200183656_VZK.glb;models/output/4026212315127_200183656_VZK.glb;output;gtin
44874;200183657;4026212315134;;4026212315134_200183657_VZK.glb;models/output/4026212315134_200183657_VZK.glb;output;gtin
44875;200183658;4026212315141;;4026212315141_200183658_VZK.glb;models/output/4026212315141_200183658_VZK.glb;output;gtin
44876;200183659;4026212315158;;4026212315158_200183659_VZK.glb;models/output/4026212315158_200183659_VZK.glb;output;gtin
44877;200183660;4026212315165;;4026212315165_200183660_VZK.glb;models/output/4026212315165_200183660_VZK.glb;output;gtin
44878;200183661;4026212315172;;4026212315172_200183661_VZK.glb;models/output/4026212315172_200183661_VZK.glb;output;gtin
44879;200183662;4026212315189;;4026212315189_200183662_VZK.glb;models/output/4026212315189_200183662_VZK.glb;output;gtin
44880;200183663;4026212315196;;4026212315196_200183663_VZK.glb;models/output/4026212315196_200183663_VZK.glb;output;gtin
44881;200183664;4026212315202;;4026212315202_200183664_RAL_5010.glb;models/output/4026212315202_200183664_RAL_5010.glb;output;gtin
44882;200183672;4026212315219;;4026212315219_200183672_RAL_5010.glb;models/output/4026212315219_200183672_RAL_5010.glb;output;gtin
44883;200183491;4026212315226;;200183491_VZK.glb;models/output/200183491_VZK.glb;output;artikelnummer
44884;200183492;4026212315233;;200183492_VZK.glb;models/output/200183492_VZK.glb;output;artikelnummer
44885;200183493;4026212315240;;200183493_VZK.glb;models/output/200183493_VZK.glb;output;artikelnummer
44886;200183494;4026212315257;;200183494_VZK.glb;models/output/200183494_VZK.glb;output;artikelnummer
44887;200183665;4026212315264;;4026212315264_200183665_RAL_5010.glb;models/output/4026212315264_200183665_RAL_5010.glb;output;gtin
44888;200183666;4026212315271;;4026212315271_200183666_RAL_5010.glb;models/output/4026212315271_200183666_RAL_5010.glb;output;gtin
44889;200183667;4026212315288;;4026212315288_200183667_RAL_5010.glb;models/output/4026212315288_200183667_RAL_5010.glb;output;gtin
44890;200183668;4026212315295;;4026212315295_200183668_RAL_5010.glb;models/output/4026212315295_200183668_RAL_5010.glb;output;gtin
44891;200183669;4026212315301;;4026212315301_200183669_RAL_5010.glb;models/output/4026212315301_200183669_RAL_5010.glb;output;gtin
44892;200183670;4026212315318;;4026212315318_200183670_RAL_5010.glb;models/output/4026212315318_200183670_RAL_5010.glb;output;gtin
44893;200183671;4026212315325;;4026212315325_200183671_RAL_5010.glb;models/output/4026212315325_200183671_RAL_5010.glb;output;gtin
44894;200183673;4026212315332;;4026212315332_200183673_RAL_5010.glb;models/output/4026212315332_200183673_RAL_5010.glb;output;gtin
44895;200183674;4026212315349;;4026212315349_200183674_RAL_5010.glb;models/output/4026212315349_200183674_RAL_5010.glb;output;gtin
44896;200183675;4026212315356;;4026212315356_200183675_RAL_5010.glb;models/output/4026212315356_200183675_RAL_5010.glb;output;gtin
44897;200183676;4026212315363;;4026212315363_200183676_RAL_5010.glb;models/output/4026212315363_200183676_RAL_5010.glb;output;gtin
44898;200183677;4026212315370;;4026212315370_200183677_RAL_5010.glb;models/output/4026212315370_200183677_RAL_5010.glb;output;gtin
44899;200183678;4026212315387;;4026212315387_200183678_RAL_5010.glb;models/output/4026212315387_200183678_RAL_5010.glb;output;gtin
44900;200183679;4026212315394;;4026212315394_200183679_RAL_5010.glb;models/output/4026212315394_200183679_RAL_5010.glb;output;gtin
44901;200183696;4026212315455;;4026212315455_200183696_VZK.glb;models/output/4026212315455_200183696_VZK.glb;output;gtin
44902;200183697;4026212315462;;4026212315462_200183697_VZK.glb;models/output/4026212315462_200183697_VZK.glb;output;gtin
44903;200183698;4026212315479;;4026212315479_200183698_VZK.glb;models/output/4026212315479_200183698_VZK.glb;output;gtin
44910;200183861;4026212316919;;4026212316919_200183861_RAL_2001.glb;models/output/4026212316919_200183861_RAL_2001.glb;output;gtin
44911;200183863;4026212316933;;4026212316933_200183863_RAL_2001.glb;models/output/4026212316933_200183863_RAL_2001.glb;output;gtin
44929;200184490;4026212319767;;4026212319767_200184490_VZK.glb;models/output/4026212319767_200184490_VZK.glb;output;gtin
44930;200184491;4026212319774;;4026212319774_200184491_RAL_7035.glb;models/output/4026212319774_200184491_RAL_7035.glb;output;gtin
44931;20076194;4026212319798;;4026212319798_20076194_VZK.glb;models/output/4026212319798_20076194_VZK.glb;output;gtin
44932;200184507;4026212319804;;4026212319804_200184507_RAL_7035.glb;models/output/4026212319804_200184507_RAL_7035.glb;output;gtin
44933;200184508;4026212319811;;4026212319811_200184508_VZK.glb;models/output/4026212319811_200184508_VZK.glb;output;gtin
44934;200184509;4026212319828;;4026212319828_200184509_RAL_7035.glb;models/output/4026212319828_200184509_RAL_7035.glb;output;gtin
44935;200184510;4026212319835;;4026212319835_200184510_VZK.glb;models/output/4026212319835_200184510_VZK.glb;output;gtin
44936;200184511;4026212319842;;4026212319842_200184511_RAL_7035.glb;models/output/4026212319842_200184511_RAL_7035.glb;output;gtin
44937;200184512;4026212319859;;4026212319859_200184512_VZK.glb;models/output/4026212319859_200184512_VZK.glb;output;gtin
44938;200184513;4026212319866;;4026212319866_200184513_RAL_7035.glb;models/output/4026212319866_200184513_RAL_7035.glb;output;gtin
44976;200184708;4026212320978;META CLIP | Euroloch-Rückwand | 2000 x 1000 mm | inkl. Befestigung | verzinkt;4026212320978_200184708_VZK.glb;models/products/4026212320978_200184708_VZK.glb;products;gtin
44990;200184988;4026212321982;;4026212321982_200184988_RAL_7035.glb;models/output/4026212321982_200184988_RAL_7035.glb;output;gtin
45026;200185074;4026212322644;;4026212322644_200185074_RAL_7035.glb;models/output/4026212322644_200185074_RAL_7035.glb;output;gtin
45027;200185084;4026212322699;;4026212322699_200185084_VZK.glb;models/output/4026212322699_200185084_VZK.glb;output;gtin
45029;200185185;4026212323115;;4026212323115_200185185_RAL_7035.glb;models/output/4026212323115_200185185_RAL_7035.glb;output;gtin
45343;200185677;4026212326925;META CLIP | Euroloch-Rückwand | 2500 x 1000 mm | inkl. Befestigung | verzinkt;4026212326925_200185677_VZK.glb;models/output/4026212326925_200185677_VZK.glb;output;gtin
45344;200185678;4026212326956;META CLIP | Euroloch-Rückwand | 3000 x 1000 mm | inkl. Befestigung | verzinkt;4026212326956_200185678_VZK.glb;models/output/4026212326956_200185678_VZK.glb;output;gtin
45349;200185663;4026212327090;;4026212327090_200185663_VZK.glb;models/output/4026212327090_200185663_VZK.glb;output;gtin
45350;200185664;4026212327106;;4026212327106_200185664_VZK.glb;models/output/4026212327106_200185664_VZK.glb;output;gtin
45351;200185696;4026212327113;;4026212327113_200185696_VZK.glb;models/output/4026212327113_200185696_VZK.glb;output;gtin
45352;200185697;4026212327120;;4026212327120_200185697_VZK.glb;models/output/4026212327120_200185697_VZK.glb;output;gtin
45387;200186717;4026212336399;;4026212336399_200186717_VZK.glb;models/output/4026212336399_200186717_VZK.glb;output;gtin
45406;200186779;4026212336771;META CLIP | Euroloch-Rückwand | 2000 x 1300 mm | inkl. Befestigung | verzinkt;4026212336771_200186779_VZK.glb;models/output/4026212336771_200186779_VZK.glb;output;gtin
45407;200186780;4026212336788;META CLIP | Euroloch-Rückwand | 2500 x 1300 mm | inkl. Befestigung | verzinkt;4026212336788_200186780_VZK.glb;models/output/4026212336788_200186780_VZK.glb;output;gtin
45408;200186781;4026212336795;META CLIP | Euroloch-Rückwand | 3000 x 1300 mm | inkl. Befestigung | verzinkt;4026212336795_200186781_VZK.glb;models/output/4026212336795_200186781_VZK.glb;output;gtin
45411;200187085;4026212337976;;4026212337976_200187085_VZK.glb;models/output/4026212337976_200187085_VZK.glb;output;gtin
45418;200187509;4026212339437;;200187509_VZK.glb;models/output/200187509_VZK.glb;output;artikelnummer
45419;200188174;4026212341676;;200188174_VZK.glb;models/output/200188174_VZK.glb;output;artikelnummer
45460;200188804;4026212343205;;4026212343205_200188804_RAL_7035.glb;models/output/4026212343205_200188804_RAL_7035.glb;output;gtin
45461;200188805;4026212343212;;4026212343212_200188805_RAL_7035.glb;models/output/4026212343212_200188805_RAL_7035.glb;output;gtin
45462;200188806;4026212343229;;4026212343229_200188806_RAL_7035.glb;models/output/4026212343229_200188806_RAL_7035.glb;output;gtin
45463;200188807;4026212343236;;4026212343236_200188807_VZK.glb;models/output/4026212343236_200188807_VZK.glb;output;gtin
45464;200188808;4026212343243;;4026212343243_200188808_VZK.glb;models/output/4026212343243_200188808_VZK.glb;output;gtin
45465;200188809;4026212343250;;4026212343250_200188809_VZK.glb;models/output/4026212343250_200188809_VZK.glb;output;gtin
45466;200188810;4026212343267;;4026212343267_200188810_RAL_7035.glb;models/output/4026212343267_200188810_RAL_7035.glb;output;gtin
45467;200188811;4026212343274;;4026212343274_200188811_RAL_7035.glb;models/output/4026212343274_200188811_RAL_7035.glb;output;gtin
45468;200188812;4026212343281;;4026212343281_200188812_RAL_7035.glb;models/output/4026212343281_200188812_RAL_7035.glb;output;gtin
45469;200188813;4026212343298;;4026212343298_200188813_RAL_7035.glb;models/output/4026212343298_200188813_RAL_7035.glb;output;gtin
45470;200188814;4026212343304;;4026212343304_200188814_RAL_7035.glb;models/output/4026212343304_200188814_RAL_7035.glb;output;gtin
45471;200188815;4026212343311;;4026212343311_200188815_VZK.glb;models/output/4026212343311_200188815_VZK.glb;output;gtin
45472;200188816;4026212343328;;4026212343328_200188816_VZK.glb;models/output/4026212343328_200188816_VZK.glb;output;gtin
45473;200188817;4026212343335;;4026212343335_200188817_VZK.glb;models/output/4026212343335_200188817_VZK.glb;output;gtin
45474;200188818;4026212343342;;4026212343342_200188818_VZK.glb;models/output/4026212343342_200188818_VZK.glb;output;gtin
45475;200188819;4026212343359;;4026212343359_200188819_VZK.glb;models/output/4026212343359_200188819_VZK.glb;output;gtin
45476;200188831;4026212343427;;4026212343427_200188831_VZK.glb;models/output/4026212343427_200188831_VZK.glb;output;gtin
45477;200188832;4026212343434;;4026212343434_200188832_VZK.glb;models/output/4026212343434_200188832_VZK.glb;output;gtin
45478;200188833;4026212343441;;4026212343441_200188833_VZK.glb;models/output/4026212343441_200188833_VZK.glb;output;gtin
45479;200188834;4026212343458;;4026212343458_200188834_VZK.glb;models/output/4026212343458_200188834_VZK.glb;output;gtin
45480;200188835;4026212343465;;4026212343465_200188835_VZK.glb;models/output/4026212343465_200188835_VZK.glb;output;gtin
45481;200188836;4026212343472;;4026212343472_200188836_RAL_7035.glb;models/output/4026212343472_200188836_RAL_7035.glb;output;gtin
45482;200188837;4026212343489;;4026212343489_200188837_RAL_7035.glb;models/output/4026212343489_200188837_RAL_7035.glb;output;gtin
45483;200188838;4026212343496;;4026212343496_200188838_RAL_7035.glb;models/output/4026212343496_200188838_RAL_7035.glb;output;gtin
45484;200188839;4026212343502;;4026212343502_200188839_RAL_7035.glb;models/output/4026212343502_200188839_RAL_7035.glb;output;gtin
45485;200188840;4026212343519;;4026212343519_200188840_RAL_7035.glb;models/output/4026212343519_200188840_RAL_7035.glb;output;gtin
45486;200189070;4026212343908;;4026212343908_200189070_RAL_FVZK.glb;models/output/4026212343908_200189070_RAL_FVZK.glb;output;gtin
45487;200189071;4026212343915;;4026212343915_200189071_RAL_FVZK.glb;models/output/4026212343915_200189071_RAL_FVZK.glb;output;gtin
45488;200189072;4026212343922;;4026212343922_200189072_RAL_FVZK.glb;models/output/4026212343922_200189072_RAL_FVZK.glb;output;gtin
45489;200189073;4026212343939;;4026212343939_200189073_RAL_FVZK.glb;models/output/4026212343939_200189073_RAL_FVZK.glb;output;gtin
45490;200189074;4026212343946;;4026212343946_200189074_RAL_FVZK.glb;models/output/4026212343946_200189074_RAL_FVZK.glb;output;gtin
45491;200189075;4026212343953;;4026212343953_200189075_RAL_FVZK.glb;models/output/4026212343953_200189075_RAL_FVZK.glb;output;gtin
45492;200189076;4026212343960;;4026212343960_200189076_RAL_FVZK.glb;models/output/4026212343960_200189076_RAL_FVZK.glb;output;gtin
45493;200189077;4026212343977;;4026212343977_200189077_RAL_FVZK.glb;models/output/4026212343977_200189077_RAL_FVZK.glb;output;gtin
45494;200189078;4026212343984;;4026212343984_200189078_RAL_FVZK.glb;models/output/4026212343984_200189078_RAL_FVZK.glb;output;gtin
45495;200189079;4026212343991;;4026212343991_200189079_RAL_FVZK.glb;models/output/4026212343991_200189079_RAL_FVZK.glb;output;gtin
45496;200189080;4026212344011;;4026212344011_200189080_RAL_FVZK.glb;models/output/4026212344011_200189080_RAL_FVZK.glb;output;gtin
45497;200189081;4026212344028;;4026212344028_200189081_RAL_FVZK.glb;models/output/4026212344028_200189081_RAL_FVZK.glb;output;gtin
45498;20082636;4026212345186;;20082636_VZK.glb;models/output/20082636_VZK.glb;output;artikelnummer
45499;200189581;4026212346121;;4026212346121_200189581_VZK.glb;models/output/4026212346121_200189581_VZK.glb;output;gtin
45500;200189582;4026212346138;;4026212346138_200189582_VZK.glb;models/output/4026212346138_200189582_VZK.glb;output;gtin
45502;200189082;4026212346558;;4026212346558_200189082_RAL_FVZK.glb;models/output/4026212346558_200189082_RAL_FVZK.glb;output;gtin
45503;200189083;4026212346565;;4026212346565_200189083_RAL_FVZK.glb;models/output/4026212346565_200189083_RAL_FVZK.glb;output;gtin
45504;200189084;4026212346572;;4026212346572_200189084_RAL_FVZK.glb;models/output/4026212346572_200189084_RAL_FVZK.glb;output;gtin
45505;200189085;4026212346589;;4026212346589_200189085_RAL_FVZK.glb;models/output/4026212346589_200189085_RAL_FVZK.glb;output;gtin
45506;200189086;4026212346596;;4026212346596_200189086_RAL_FVZK.glb;models/output/4026212346596_200189086_RAL_FVZK.glb;output;gtin
45507;200189087;4026212346602;;4026212346602_200189087_RAL_FVZK.glb;models/output/4026212346602_200189087_RAL_FVZK.glb;output;gtin
45508;200189088;4026212346619;;4026212346619_200189088_RAL_FVZK.glb;models/output/4026212346619_200189088_RAL_FVZK.glb;output;gtin
45509;200189089;4026212346626;;4026212346626_200189089_RAL_FVZK.glb;models/output/4026212346626_200189089_RAL_FVZK.glb;output;gtin
45510;200189090;4026212346633;;4026212346633_200189090_RAL_FVZK.glb;models/output/4026212346633_200189090_RAL_FVZK.glb;output;gtin
45511;200189091;4026212346640;;4026212346640_200189091_RAL_FVZK.glb;models/output/4026212346640_200189091_RAL_FVZK.glb;output;gtin
45512;200189092;4026212346664;;4026212346664_200189092_RAL_FVZK.glb;models/output/4026212346664_200189092_RAL_FVZK.glb;output;gtin
45513;200189093;4026212346671;;4026212346671_200189093_RAL_FVZK.glb;models/output/4026212346671_200189093_RAL_FVZK.glb;output;gtin
45514;200189671;4026212346732;;4026212346732_200189671_VZK.glb;models/output/4026212346732_200189671_VZK.glb;output;gtin
45515;200189680;4026212346770;;4026212346770_200189680_VZK.glb;models/output/4026212346770_200189680_VZK.glb;output;gtin
45516;200189681;4026212346787;;4026212346787_200189681_VZK.glb;models/output/4026212346787_200189681_VZK.glb;output;gtin
45517;200189682;4026212346794;;4026212346794_200189682_VZK.glb;models/output/4026212346794_200189682_VZK.glb;output;gtin
45518;200189683;4026212346800;;4026212346800_200189683_VZK.glb;models/output/4026212346800_200189683_VZK.glb;output;gtin
45519;200189711;4026212346947;;200189711_VZK.glb;models/output/200189711_VZK.glb;output;artikelnummer
45520;200189730;4026212346992;;4026212346992_200189730_VZK.glb;models/output/4026212346992_200189730_VZK.glb;output;gtin
45521;200189675;4026212347029;;4026212347029_200189675_RAL_KOMB.glb;models/output/4026212347029_200189675_RAL_KOMB.glb;output;gtin
45522;200189734;4026212347081;;4026212347081_200189734_RAL_KOMB.glb;models/output/4026212347081_200189734_RAL_KOMB.glb;output;gtin
45523;200189747;4026212347128;;4026212347128_200189747_VZK.glb;models/output/4026212347128_200189747_VZK.glb;output;gtin
45524;200189749;4026212347142;;4026212347142_200189749_RAL_KOMB.glb;models/output/4026212347142_200189749_RAL_KOMB.glb;output;gtin
45525;200189751;4026212347739;;4026212347739_200189751_VZK.glb;models/output/4026212347739_200189751_VZK.glb;output;gtin
45526;200189753;4026212347753;;4026212347753_200189753_RAL_KOMB.glb;models/output/4026212347753_200189753_RAL_KOMB.glb;output;gtin
45527;200189755;4026212347777;;4026212347777_200189755_VZK.glb;models/output/4026212347777_200189755_VZK.glb;output;gtin
45528;200189757;4026212347791;;4026212347791_200189757_RAL_KOMB.glb;models/output/4026212347791_200189757_RAL_KOMB.glb;output;gtin
45529;200189927;4026212347920;;4026212347920_200189927_RAL_KOMB.glb;models/output/4026212347920_200189927_RAL_KOMB.glb;output;gtin
45530;200189928;4026212347937;;4026212347937_200189928_RAL_KOMB.glb;models/output/4026212347937_200189928_RAL_KOMB.glb;output;gtin
45531;200189929;4026212347944;;4026212347944_200189929_RAL_KOMB.glb;models/output/4026212347944_200189929_RAL_KOMB.glb;output;gtin
45532;200189931;4026212347951;META MULTIPAL | Spanplattenboden 19 mm mit abgesetzten Tiefenauflagen | 1825 x 800 mm;4026212347951_200189931_RAL_KOMB.glb;models/output/4026212347951_200189931_RAL_KOMB.glb;output;gtin
45533;200189932;4026212347968;META MULTIPAL | Spanplattenboden 19 mm mit abgesetzten Tiefenauflagen | 2225 x 800 mm;4026212347968_200189932_RAL_KOMB.glb;models/output/4026212347968_200189932_RAL_KOMB.glb;output;gtin
45534;200189933;4026212347975;META MULTIPAL | Spanplattenboden 19 mm mit abgesetzten Tiefenauflagen | 1825 x 1100 mm;4026212347975_200189933_RAL_KOMB.glb;models/output/4026212347975_200189933_RAL_KOMB.glb;output;gtin
45535;200189934;4026212347982;META MULTIPAL | Spanplattenboden 19 mm mit abgesetzten Tiefenauflagen | 2225 x 1100 mm;4026212347982_200189934_RAL_KOMB.glb;models/output/4026212347982_200189934_RAL_KOMB.glb;output;gtin
45536;200189935;4026212347999;META MULTIPAL | Spanplattenboden 38 mm mit abgesetzten Tiefenauflagen | 1825 x 800 mm;4026212347999_200189935_RAL_KOMB.glb;models/output/4026212347999_200189935_RAL_KOMB.glb;output;gtin
45537;200189936;4026212348002;META MULTIPAL | Spanplattenboden 38 mm mit abgesetzten Tiefenauflagen | 2225 x 800 mm;4026212348002_200189936_RAL_KOMB.glb;models/output/4026212348002_200189936_RAL_KOMB.glb;output;gtin
45538;200189937;4026212348019;META MULTIPAL | Spanplattenboden 38 mm mit abgesetzten Tiefenauflagen | 1825 x 1100 mm;4026212348019_200189937_RAL_KOMB.glb;models/output/4026212348019_200189937_RAL_KOMB.glb;output;gtin
45539;200189938;4026212348026;META MULTIPAL | Spanplattenboden 38 mm mit abgesetzten Tiefenauflagen | 2225 x 1100 mm;4026212348026_200189938_RAL_KOMB.glb;models/output/4026212348026_200189938_RAL_KOMB.glb;output;gtin
45540;200189943;4026212348057;;4026212348057_200189943_RAL_KOMB.glb;models/output/4026212348057_200189943_RAL_KOMB.glb;output;gtin
45541;200189947;4026212348095;;4026212348095_200189947_RAL_KOMB.glb;models/output/4026212348095_200189947_RAL_KOMB.glb;output;gtin
45542;200189950;4026212348125;;4026212348125_200189950_RAL_KOMB.glb;models/output/4026212348125_200189950_RAL_KOMB.glb;output;gtin
45543;200189952;4026212348149;;4026212348149_200189952_RAL_KOMB.glb;models/output/4026212348149_200189952_RAL_KOMB.glb;output;gtin
45544;200189954;4026212348163;;4026212348163_200189954_RAL_KOMB.glb;models/output/4026212348163_200189954_RAL_KOMB.glb;output;gtin
45548;200189965;4026212348200;;4026212348200_200189965_RAL_2001.glb;models/output/4026212348200_200189965_RAL_2001.glb;output;gtin
45549;200189966;4026212348217;;4026212348217_200189966_RAL_2001.glb;models/output/4026212348217_200189966_RAL_2001.glb;output;gtin
45550;200189968;4026212348224;;4026212348224_200189968_RAL_2001.glb;models/output/4026212348224_200189968_RAL_2001.glb;output;gtin
45551;200189969;4026212348231;;4026212348231_200189969_RAL_2001.glb;models/output/4026212348231_200189969_RAL_2001.glb;output;gtin
45552;200189973;4026212348248;;4026212348248_200189973_RAL_2001.glb;models/output/4026212348248_200189973_RAL_2001.glb;output;gtin
45553;200189974;4026212348255;;4026212348255_200189974_RAL_2001.glb;models/output/4026212348255_200189974_RAL_2001.glb;output;gtin
45554;200189976;4026212348279;;4026212348279_200189976_RAL_2001.glb;models/output/4026212348279_200189976_RAL_2001.glb;output;gtin
45555;200189977;4026212348286;;4026212348286_200189977_RAL_2001.glb;models/output/4026212348286_200189977_RAL_2001.glb;output;gtin
45556;200189978;4026212348293;;4026212348293_200189978_RAL_2001.glb;models/output/4026212348293_200189978_RAL_2001.glb;output;gtin
45557;200189979;4026212348309;;4026212348309_200189979_RAL_2001.glb;models/output/4026212348309_200189979_RAL_2001.glb;output;gtin
45569;200189930;4026212348538;;4026212348538_200189930_RAL_KOMB.glb;models/output/4026212348538_200189930_RAL_KOMB.glb;output;gtin
45668;9900002269;4026212364972;;4026212364972_9900002269_RAL_2001.glb;models/output/4026212364972_9900002269_RAL_2001.glb;output;gtin
45736;9900004605;4026212385724;;4026212385724_9900004605_RAL_7035.glb;models/output/4026212385724_9900004605_RAL_7035.glb;output;gtin
45737;9900004606;4026212385731;;4026212385731_9900004606_RAL_7035.glb;models/output/4026212385731_9900004606_RAL_7035.glb;output;gtin
45738;9900004607;4026212385748;;4026212385748_9900004607_VZK.glb;models/output/4026212385748_9900004607_VZK.glb;output;gtin
45739;9900004608;4026212385755;;4026212385755_9900004608_RAL_7035.glb;models/output/4026212385755_9900004608_RAL_7035.glb;output;gtin
45740;9900004609;4026212385762;;4026212385762_9900004609_VZK.glb;models/output/4026212385762_9900004609_VZK.glb;output;gtin
45741;9900004610;4026212385779;;4026212385779_9900004610_RAL_7035.glb;models/output/4026212385779_9900004610_RAL_7035.glb;output;gtin
45742;9900004611;4026212385786;;4026212385786_9900004611_RAL_7035.glb;models/output/4026212385786_9900004611_RAL_7035.glb;output;gtin
45743;9900004612;4026212385793;;4026212385793_9900004612_VZK.glb;models/output/4026212385793_9900004612_VZK.glb;output;gtin
45744;9900004736;4026212386707;;4026212386707_9900004736_RAL_1003.glb;models/output/4026212386707_9900004736_RAL_1003.glb;output;gtin
45855;9900007014;4026212401455;;4026212401455_9900007014_VZK.glb;models/output/4026212401455_9900007014_VZK.glb;output;gtin
45856;9900007016;4026212401479;;4026212401479_9900007016_VZK.glb;models/output/4026212401479_9900007016_VZK.glb;output;gtin
45857;9900007017;4026212401486;;4026212401486_9900007017_VZK.glb;models/output/4026212401486_9900007017_VZK.glb;output;gtin
45858;9900007018;4026212401493;;4026212401493_9900007018_VZK.glb;models/output/4026212401493_9900007018_VZK.glb;output;gtin
45859;9900007019;4026212401509;;4026212401509_9900007019_VZK.glb;models/products/4026212401509_9900007019_VZK.glb;products;gtin
45860;9900007020;4026212401516;;4026212401516_9900007020_VZK.glb;models/products/4026212401516_9900007020_VZK.glb;products;gtin
45885;9900008199;4026212407778;META CLIP | Drahtgitterfachboden einzeln | 1000 x 500 mm | 150 kg | verzinkt;9900008199_VZK.glb;models/output/9900008199_VZK.glb;output;artikelnummer
45886;9900008200;4026212407785;META CLIP | Drahtgitterfachboden einzeln | 1000 x 600 mm | 150 kg | verzinkt;9900008200_VZK.glb;models/output/9900008200_VZK.glb;output;artikelnummer
45887;9900008201;4026212407792;META CLIP | Drahtgitterfachboden einzeln | 1000 x 800 mm | 150 kg | verzinkt;9900008201_VZK.glb;models/output/9900008201_VZK.glb;output;artikelnummer
45888;9900008204;4026212407822;META CLIP | Drahtgitterfachboden einzeln | 1300 x 600 mm | 150 kg | verzinkt;9900008204_VZK.glb;models/output/9900008204_VZK.glb;output;artikelnummer
45889;9900008205;4026212407839;META CLIP | Drahtgitterfachboden einzeln | 1300 x 800 mm | 150 kg | verzinkt;9900008205_VZK.glb;models/output/9900008205_VZK.glb;output;artikelnummer
45893;9900008483;4026212409451;;4026212409451_9900008483_VZK.glb;models/output/4026212409451_9900008483_VZK.glb;output;gtin
45894;9900008484;4026212409468;;4026212409468_9900008484_VZK.glb;models/output/4026212409468_9900008484_VZK.glb;output;gtin
45895;9900008485;4026212409475;;4026212409475_9900008485_VZK.glb;models/output/4026212409475_9900008485_VZK.glb;output;gtin
45914;9900008970;4026212412116;;4026212412116_9900008970_RAL_2001.glb;models/output/4026212412116_9900008970_RAL_2001.glb;output;gtin
45930;200172898;4026212214727;;200172898_VZK.glb;models/output/200172898_VZK.glb;output;artikelnummer
46728;9900012971;4026212436389;;4026212436389_9900012971_RAL_7035.glb;models/output/4026212436389_9900012971_RAL_7035.glb;output;gtin
46729;9900012973;4026212436396;;4026212436396_9900012973_RAL_7035.glb;models/output/4026212436396_9900012973_RAL_7035.glb;output;gtin
46730;9900012974;4026212436402;;4026212436402_9900012974_RAL_7035.glb;models/output/4026212436402_9900012974_RAL_7035.glb;output;gtin
46731;9900012976;4026212436426;;4026212436426_9900012976_RAL_7035.glb;models/output/4026212436426_9900012976_RAL_7035.glb;output;gtin
46732;9900012977;4026212436433;;4026212436433_9900012977_RAL_7035.glb;models/output/4026212436433_9900012977_RAL_7035.glb;output;gtin
46733;9900012978;4026212436440;;4026212436440_9900012978_RAL_7035.glb;models/output/4026212436440_9900012978_RAL_7035.glb;output;gtin
46888;9900012975;4026212436419;;9900012975_VZK.glb;models/output/9900012975_VZK.glb;output;artikelnummer
46889;9900012979;4026212436457;;9900012979_VZK.glb;models/output/9900012979_VZK.glb;output;artikelnummer
46890;9900013087;4026212437294;;4026212437294_9900013087_RAL_5010.glb;models/output/4026212437294_9900013087_RAL_5010.glb;output;gtin
46891;9900013088;4026212437300;;4026212437300_9900013088_RAL_5010.glb;models/output/4026212437300_9900013088_RAL_5010.glb;output;gtin
46895;9900013098;4026212437362;;4026212437362_9900013098_VZK.glb;models/output/4026212437362_9900013098_VZK.glb;output;gtin
46896;9900013099;4026212437379;;4026212437379_9900013099_RAL_KOMB.glb;models/output/4026212437379_9900013099_RAL_KOMB.glb;output;gtin
46897;9900013100;4026212437386;;4026212437386_9900013100_RAL_KOMB.glb;models/output/4026212437386_9900013100_RAL_KOMB.glb;output;gtin
47491;9900013732;4026212442380;;4026212442380_9900013732_VZK.glb;models/output/4026212442380_9900013732_VZK.glb;output;gtin
47492;9900013733;4026212442434;;4026212442434_9900013733_VZK.glb;models/output/4026212442434_9900013733_VZK.glb;output;gtin
47493;9900013734;4026212442458;;4026212442458_9900013734_VZK.glb;models/output/4026212442458_9900013734_VZK.glb;output;gtin
47494;9900013735;4026212442472;;4026212442472_9900013735_VZK.glb;models/output/4026212442472_9900013735_VZK.glb;output;gtin
47841;9900013431;4026212439717;META CLIP S3 | Fachbodenregal | Doppel-Grundregal | 2000 x 1300 x 400 mm | Fachlast 150 kg | 4+1 Ebenen | verzinkt;4026212439717_9900013431.glb;models/products/4026212439717_9900013431.glb;products;gtin
48172;200176785;4026212282993;;200176785_VZK.glb;models/output/200176785_VZK.glb;output;artikelnummer
48258;200178371;4026212289671;CLIP Fachboden 230 kg 1000 x 300 mm RAL 7035;4026212289671_200178371_RAL_7035.glb;models/output/4026212289671_200178371_RAL_7035.glb;output;gtin
48358;200178359;4026212289626;;4026212289626_200178359_VZK.glb;models/output/4026212289626_200178359_VZK.glb;output;gtin
48359;200178377;4026212290790;;4026212290790_200178377_RAL_7035.glb;models/output/4026212290790_200178377_RAL_7035.glb;output;gtin
48360;200178630;4026212291407;Boden MS150-III 1300 x 600 RAL 7035 ohne Tiefenkanal;4026212291407_200178630_RAL_7035.glb;models/output/4026212291407_200178630_RAL_7035.glb;output;gtin
48361;200179707;4026212295863;;4026212295863_200179707_RAL_7035.glb;models/output/4026212295863_200179707_RAL_7035.glb;output;gtin
48362;200183695;4026212315448;;4026212315448_200183695_VZK.glb;models/output/4026212315448_200183695_VZK.glb;output;gtin
48363;9900004438;4026212384376;;4026212384376_9900004438_RAL_7035.glb;models/output/4026212384376_9900004438_RAL_7035.glb;output;gtin
48376;9900013736;4026212442489;;4026212442489_9900013736_RAL_7035.glb;models/output/4026212442489_9900013736_RAL_7035.glb;output;gtin
48377;9900013739;4026212442496;;4026212442496_9900013739_RAL_7035.glb;models/output/4026212442496_9900013739_RAL_7035.glb;output;gtin
48378;9900013738;4026212442502;;4026212442502_9900013738_RAL_7035.glb;models/output/4026212442502_9900013738_RAL_7035.glb;output;gtin
48379;9900013737;4026212442557;;4026212442557_9900013737_RAL_7035.glb;models/output/4026212442557_9900013737_RAL_7035.glb;output;gtin
48406;20059027;4026212074956;;20059027_VZK.glb;models/output/20059027_VZK.glb;output;artikelnummer
48795;20061344;4026212078848;;4026212078848_20061344_RAL_7035.glb;models/output/4026212078848_20061344_RAL_7035.glb;output;gtin
48796;20061347;4026212078879;;4026212078879_20061347_RAL_7035.glb;models/output/4026212078879_20061347_RAL_7035.glb;output;gtin
48797;20061350;4026212078909;;4026212078909_20061350_RAL_7035.glb;models/output/4026212078909_20061350_RAL_7035.glb;output;gtin
48801;20067758;4026212087208;;20067758_VZK.glb;models/output/20067758_VZK.glb;output;artikelnummer
48975;9900003510;4026212368581;;4026212368581_9900003510_RAL_5010.glb;models/output/4026212368581_9900003510_RAL_5010.glb;output;gtin
48976;9900003511;4026212368598;;4026212368598_9900003511_RAL_5010.glb;models/output/4026212368598_9900003511_RAL_5010.glb;output;gtin
48977;9900003512;4026212368604;;4026212368604_9900003512_RAL_5010.glb;models/output/4026212368604_9900003512_RAL_5010.glb;output;gtin
48978;9900003513;4026212368611;;4026212368611_9900003513_RAL_5010.glb;models/output/4026212368611_9900003513_RAL_5010.glb;output;gtin
48979;9900003514;4026212368628;;4026212368628_9900003514_RAL_5010.glb;models/output/4026212368628_9900003514_RAL_5010.glb;output;gtin
48980;9900003515;4026212368635;;4026212368635_9900003515_RAL_5010.glb;models/output/4026212368635_9900003515_RAL_5010.glb;output;gtin
48981;9900003516;4026212368642;;4026212368642_9900003516_RAL_5010.glb;models/output/4026212368642_9900003516_RAL_5010.glb;output;gtin
48982;9900003517;4026212368659;;4026212368659_9900003517_RAL_5010.glb;models/output/4026212368659_9900003517_RAL_5010.glb;output;gtin
48983;9900003518;4026212368666;;4026212368666_9900003518_RAL_5010.glb;models/output/4026212368666_9900003518_RAL_5010.glb;output;gtin
48984;9900003519;4026212368673;;4026212368673_9900003519_RAL_5010.glb;models/output/4026212368673_9900003519_RAL_5010.glb;output;gtin
48985;9900003520;4026212368680;;4026212368680_9900003520_RAL_5010.glb;models/output/4026212368680_9900003520_RAL_5010.glb;output;gtin
48986;9900003521;4026212368697;;4026212368697_9900003521_RAL_5010.glb;models/output/4026212368697_9900003521_RAL_5010.glb;output;gtin
48987;9900003522;4026212368703;;4026212368703_9900003522_RAL_5010.glb;models/output/4026212368703_9900003522_RAL_5010.glb;output;gtin
48988;9900003523;4026212368710;;4026212368710_9900003523_RAL_5010.glb;models/output/4026212368710_9900003523_RAL_5010.glb;output;gtin
48989;9900003524;4026212368727;;4026212368727_9900003524_RAL_5010.glb;models/output/4026212368727_9900003524_RAL_5010.glb;output;gtin
48990;9900003525;4026212368734;;4026212368734_9900003525_RAL_5010.glb;models/output/4026212368734_9900003525_RAL_5010.glb;output;gtin
48991;9900003526;4026212368741;;4026212368741_9900003526_RAL_5010.glb;models/output/4026212368741_9900003526_RAL_5010.glb;output;gtin
48992;9900003527;4026212368758;;4026212368758_9900003527_RAL_5010.glb;models/output/4026212368758_9900003527_RAL_5010.glb;output;gtin
48993;9900003528;4026212368765;;4026212368765_9900003528_RAL_5010.glb;models/output/4026212368765_9900003528_RAL_5010.glb;output;gtin
48994;9900003529;4026212368772;;4026212368772_9900003529_RAL_5010.glb;models/output/4026212368772_9900003529_RAL_5010.glb;output;gtin
48995;9900003530;4026212368789;;4026212368789_9900003530_RAL_5010.glb;models/output/4026212368789_9900003530_RAL_5010.glb;output;gtin
48996;9900003531;4026212368796;;4026212368796_9900003531_RAL_5010.glb;models/output/4026212368796_9900003531_RAL_5010.glb;output;gtin
48997;9900003532;4026212368802;;4026212368802_9900003532_RAL_5010.glb;models/output/4026212368802_9900003532_RAL_5010.glb;output;gtin
48998;9900003533;4026212368819;;4026212368819_9900003533_RAL_5010.glb;models/output/4026212368819_9900003533_RAL_5010.glb;output;gtin
48999;9900003534;4026212368826;;4026212368826_9900003534_RAL_5010.glb;models/output/4026212368826_9900003534_RAL_5010.glb;output;gtin
49000;9900003535;4026212368833;;4026212368833_9900003535_RAL_5010.glb;models/output/4026212368833_9900003535_RAL_5010.glb;output;gtin
49001;9900003536;4026212368840;;4026212368840_9900003536_RAL_5010.glb;models/output/4026212368840_9900003536_RAL_5010.glb;output;gtin
49002;9900003537;4026212368857;;4026212368857_9900003537_RAL_5010.glb;models/output/4026212368857_9900003537_RAL_5010.glb;output;gtin
49003;9900003538;4026212368864;;4026212368864_9900003538_RAL_5010.glb;models/output/4026212368864_9900003538_RAL_5010.glb;output;gtin
49004;9900003539;4026212368871;;4026212368871_9900003539_RAL_5010.glb;models/output/4026212368871_9900003539_RAL_5010.glb;output;gtin
49005;9900003540;4026212368888;;4026212368888_9900003540_RAL_5010.glb;models/output/4026212368888_9900003540_RAL_5010.glb;output;gtin
49006;9900003541;4026212368895;;4026212368895_9900003541_RAL_5010.glb;models/output/4026212368895_9900003541_RAL_5010.glb;output;gtin
49007;9900003542;4026212368901;;4026212368901_9900003542_RAL_5010.glb;models/output/4026212368901_9900003542_RAL_5010.glb;output;gtin
49008;9900003543;4026212368918;;4026212368918_9900003543_RAL_5010.glb;models/output/4026212368918_9900003543_RAL_5010.glb;output;gtin
49009;9900003544;4026212368925;;4026212368925_9900003544_RAL_5010.glb;models/output/4026212368925_9900003544_RAL_5010.glb;output;gtin
49010;9900003545;4026212368932;;4026212368932_9900003545_RAL_5010.glb;models/output/4026212368932_9900003545_RAL_5010.glb;output;gtin
49011;9900003546;4026212368949;;4026212368949_9900003546_RAL_5010.glb;models/output/4026212368949_9900003546_RAL_5010.glb;output;gtin
49012;9900003547;4026212368956;;4026212368956_9900003547_RAL_5010.glb;models/output/4026212368956_9900003547_RAL_5010.glb;output;gtin
49013;9900003548;4026212368963;;4026212368963_9900003548_RAL_5010.glb;models/output/4026212368963_9900003548_RAL_5010.glb;output;gtin
49014;9900003549;4026212368970;;4026212368970_9900003549_RAL_5010.glb;models/output/4026212368970_9900003549_RAL_5010.glb;output;gtin
49015;9900003550;4026212368987;;4026212368987_9900003550_RAL_5010.glb;models/output/4026212368987_9900003550_RAL_5010.glb;output;gtin
49016;9900003551;4026212368994;;4026212368994_9900003551_RAL_5010.glb;models/output/4026212368994_9900003551_RAL_5010.glb;output;gtin
49017;9900003552;4026212369007;;4026212369007_9900003552_RAL_5010.glb;models/output/4026212369007_9900003552_RAL_5010.glb;output;gtin
49018;9900003553;4026212369014;;4026212369014_9900003553_RAL_5010.glb;models/output/4026212369014_9900003553_RAL_5010.glb;output;gtin
49019;9900003554;4026212369021;;4026212369021_9900003554_RAL_5010.glb;models/output/4026212369021_9900003554_RAL_5010.glb;output;gtin
49020;9900003555;4026212369038;;4026212369038_9900003555_RAL_5010.glb;models/output/4026212369038_9900003555_RAL_5010.glb;output;gtin
49021;9900003556;4026212369045;;4026212369045_9900003556_RAL_5010.glb;models/output/4026212369045_9900003556_RAL_5010.glb;output;gtin
49022;9900003557;4026212369052;;4026212369052_9900003557_RAL_5010.glb;models/output/4026212369052_9900003557_RAL_5010.glb;output;gtin
49023;9900003558;4026212369069;;4026212369069_9900003558_RAL_5010.glb;models/output/4026212369069_9900003558_RAL_5010.glb;output;gtin
49024;9900003559;4026212369076;;4026212369076_9900003559_RAL_5010.glb;models/output/4026212369076_9900003559_RAL_5010.glb;output;gtin
49025;9900003560;4026212369083;;4026212369083_9900003560_RAL_5010.glb;models/output/4026212369083_9900003560_RAL_5010.glb;output;gtin
49026;9900003561;4026212369090;;4026212369090_9900003561_RAL_5010.glb;models/output/4026212369090_9900003561_RAL_5010.glb;output;gtin
49027;9900003562;4026212369106;;4026212369106_9900003562_RAL_5010.glb;models/output/4026212369106_9900003562_RAL_5010.glb;output;gtin
49028;9900003563;4026212369113;;4026212369113_9900003563_RAL_5010.glb;models/output/4026212369113_9900003563_RAL_5010.glb;output;gtin
49029;9900003564;4026212369120;;4026212369120_9900003564_RAL_5010.glb;models/output/4026212369120_9900003564_RAL_5010.glb;output;gtin
49030;9900003565;4026212369137;;4026212369137_9900003565_RAL_5010.glb;models/output/4026212369137_9900003565_RAL_5010.glb;output;gtin
49031;9900003566;4026212369144;;4026212369144_9900003566_RAL_5010.glb;models/output/4026212369144_9900003566_RAL_5010.glb;output;gtin
49032;9900003567;4026212369151;;4026212369151_9900003567_RAL_5010.glb;models/output/4026212369151_9900003567_RAL_5010.glb;output;gtin
49033;9900003568;4026212369168;;4026212369168_9900003568_RAL_5010.glb;models/output/4026212369168_9900003568_RAL_5010.glb;output;gtin
49034;9900003569;4026212369175;;4026212369175_9900003569_RAL_5010.glb;models/output/4026212369175_9900003569_RAL_5010.glb;output;gtin
49035;9900003570;4026212369182;;4026212369182_9900003570_RAL_5010.glb;models/output/4026212369182_9900003570_RAL_5010.glb;output;gtin
49036;9900003571;4026212369199;;4026212369199_9900003571_RAL_5010.glb;models/output/4026212369199_9900003571_RAL_5010.glb;output;gtin
49037;9900003572;4026212369205;;4026212369205_9900003572_RAL_5010.glb;models/output/4026212369205_9900003572_RAL_5010.glb;output;gtin
49038;9900003573;4026212369212;;4026212369212_9900003573_RAL_5010.glb;models/output/4026212369212_9900003573_RAL_5010.glb;output;gtin
49039;9900003574;4026212369229;;4026212369229_9900003574_RAL_5010.glb;models/output/4026212369229_9900003574_RAL_5010.glb;output;gtin
49040;9900003575;4026212369236;;4026212369236_9900003575_RAL_5010.glb;models/output/4026212369236_9900003575_RAL_5010.glb;output;gtin
49041;9900003576;4026212369243;;4026212369243_9900003576_RAL_5010.glb;models/output/4026212369243_9900003576_RAL_5010.glb;output;gtin
49042;9900003577;4026212369250;;4026212369250_9900003577_RAL_5010.glb;models/output/4026212369250_9900003577_RAL_5010.glb;output;gtin
49043;9900003578;4026212369267;;4026212369267_9900003578_RAL_5010.glb;models/output/4026212369267_9900003578_RAL_5010.glb;output;gtin
49044;9900003579;4026212369274;;4026212369274_9900003579_RAL_5010.glb;models/output/4026212369274_9900003579_RAL_5010.glb;output;gtin
49045;9900003580;4026212369281;;4026212369281_9900003580_RAL_5010.glb;models/output/4026212369281_9900003580_RAL_5010.glb;output;gtin
49046;9900003581;4026212369298;;4026212369298_9900003581_RAL_5010.glb;models/output/4026212369298_9900003581_RAL_5010.glb;output;gtin
49047;9900003582;4026212369304;;4026212369304_9900003582_RAL_5010.glb;models/output/4026212369304_9900003582_RAL_5010.glb;output;gtin
49048;9900003583;4026212369311;;4026212369311_9900003583_RAL_5010.glb;models/output/4026212369311_9900003583_RAL_5010.glb;output;gtin
49049;9900003584;4026212369328;;4026212369328_9900003584_RAL_5010.glb;models/output/4026212369328_9900003584_RAL_5010.glb;output;gtin
49050;9900003585;4026212369335;;4026212369335_9900003585_RAL_5010.glb;models/output/4026212369335_9900003585_RAL_5010.glb;output;gtin
49051;9900003586;4026212369342;;4026212369342_9900003586_RAL_5010.glb;models/output/4026212369342_9900003586_RAL_5010.glb;output;gtin
49052;9900003587;4026212369359;;4026212369359_9900003587_RAL_5010.glb;models/output/4026212369359_9900003587_RAL_5010.glb;output;gtin
49053;9900003588;4026212369366;;4026212369366_9900003588_RAL_5010.glb;models/output/4026212369366_9900003588_RAL_5010.glb;output;gtin
49054;9900003589;4026212369373;;4026212369373_9900003589_RAL_5010.glb;models/output/4026212369373_9900003589_RAL_5010.glb;output;gtin
49055;9900003590;4026212369380;;4026212369380_9900003590_RAL_5010.glb;models/output/4026212369380_9900003590_RAL_5010.glb;output;gtin
49056;9900003591;4026212369397;;4026212369397_9900003591_RAL_5010.glb;models/output/4026212369397_9900003591_RAL_5010.glb;output;gtin
49057;9900003592;4026212369403;;4026212369403_9900003592_RAL_5010.glb;models/output/4026212369403_9900003592_RAL_5010.glb;output;gtin
49058;9900003593;4026212369410;;4026212369410_9900003593_RAL_5010.glb;models/output/4026212369410_9900003593_RAL_5010.glb;output;gtin
49059;9900003594;4026212369427;;4026212369427_9900003594_RAL_5010.glb;models/output/4026212369427_9900003594_RAL_5010.glb;output;gtin
49060;9900003595;4026212369434;;4026212369434_9900003595_RAL_5010.glb;models/output/4026212369434_9900003595_RAL_5010.glb;output;gtin
49061;9900003596;4026212369441;;4026212369441_9900003596_RAL_5010.glb;models/output/4026212369441_9900003596_RAL_5010.glb;output;gtin
49062;9900003597;4026212369458;;4026212369458_9900003597_RAL_5010.glb;models/output/4026212369458_9900003597_RAL_5010.glb;output;gtin
49063;9900003598;4026212369465;;4026212369465_9900003598_RAL_5010.glb;models/output/4026212369465_9900003598_RAL_5010.glb;output;gtin
49064;9900003599;4026212369472;;4026212369472_9900003599_RAL_5010.glb;models/output/4026212369472_9900003599_RAL_5010.glb;output;gtin
49065;9900003600;4026212369489;;4026212369489_9900003600_RAL_5010.glb;models/output/4026212369489_9900003600_RAL_5010.glb;output;gtin
49066;9900003601;4026212369496;;4026212369496_9900003601_RAL_5010.glb;models/output/4026212369496_9900003601_RAL_5010.glb;output;gtin
49067;9900003602;4026212369502;;4026212369502_9900003602_RAL_5010.glb;models/output/4026212369502_9900003602_RAL_5010.glb;output;gtin
49068;9900003603;4026212369519;;4026212369519_9900003603_RAL_5010.glb;models/output/4026212369519_9900003603_RAL_5010.glb;output;gtin
49069;9900003604;4026212369526;;4026212369526_9900003604_RAL_5010.glb;models/output/4026212369526_9900003604_RAL_5010.glb;output;gtin
49070;9900003605;4026212369533;;4026212369533_9900003605_RAL_5010.glb;models/output/4026212369533_9900003605_RAL_5010.glb;output;gtin
49071;9900003606;4026212369540;;4026212369540_9900003606_RAL_5010.glb;models/output/4026212369540_9900003606_RAL_5010.glb;output;gtin
49072;9900003607;4026212369557;;4026212369557_9900003607_RAL_5010.glb;models/output/4026212369557_9900003607_RAL_5010.glb;output;gtin
49073;9900003608;4026212369564;;4026212369564_9900003608_RAL_5010.glb;models/output/4026212369564_9900003608_RAL_5010.glb;output;gtin
49074;9900003609;4026212369571;;4026212369571_9900003609_RAL_5010.glb;models/output/4026212369571_9900003609_RAL_5010.glb;output;gtin
49075;9900003610;4026212369588;;4026212369588_9900003610_RAL_5010.glb;models/output/4026212369588_9900003610_RAL_5010.glb;output;gtin
49076;9900003611;4026212369595;;4026212369595_9900003611_RAL_5010.glb;models/output/4026212369595_9900003611_RAL_5010.glb;output;gtin
49077;9900003612;4026212369601;;4026212369601_9900003612_RAL_5010.glb;models/output/4026212369601_9900003612_RAL_5010.glb;output;gtin
49078;9900003613;4026212369618;;4026212369618_9900003613_RAL_5010.glb;models/output/4026212369618_9900003613_RAL_5010.glb;output;gtin
49079;9900003614;4026212369625;;4026212369625_9900003614_RAL_5010.glb;models/output/4026212369625_9900003614_RAL_5010.glb;output;gtin
49080;9900003615;4026212369632;;4026212369632_9900003615_RAL_5010.glb;models/output/4026212369632_9900003615_RAL_5010.glb;output;gtin
49081;9900003616;4026212369649;;4026212369649_9900003616_RAL_5010.glb;models/output/4026212369649_9900003616_RAL_5010.glb;output;gtin
49082;9900003617;4026212369656;;4026212369656_9900003617_RAL_5010.glb;models/output/4026212369656_9900003617_RAL_5010.glb;output;gtin
49083;9900003618;4026212369663;;4026212369663_9900003618_RAL_5010.glb;models/output/4026212369663_9900003618_RAL_5010.glb;output;gtin
49084;9900003619;4026212369670;;4026212369670_9900003619_RAL_5010.glb;models/output/4026212369670_9900003619_RAL_5010.glb;output;gtin
49085;9900003620;4026212369687;;4026212369687_9900003620_RAL_5010.glb;models/output/4026212369687_9900003620_RAL_5010.glb;output;gtin
49086;9900003621;4026212369694;;4026212369694_9900003621_RAL_5010.glb;models/output/4026212369694_9900003621_RAL_5010.glb;output;gtin
49087;9900003622;4026212369700;;4026212369700_9900003622_RAL_5010.glb;models/output/4026212369700_9900003622_RAL_5010.glb;output;gtin
49088;9900003623;4026212369717;;4026212369717_9900003623_RAL_5010.glb;models/output/4026212369717_9900003623_RAL_5010.glb;output;gtin
49089;9900003624;4026212369724;;4026212369724_9900003624_RAL_5010.glb;models/output/4026212369724_9900003624_RAL_5010.glb;output;gtin
49090;9900003625;4026212369731;;4026212369731_9900003625_RAL_5010.glb;models/output/4026212369731_9900003625_RAL_5010.glb;output;gtin
49091;9900003626;4026212369748;;4026212369748_9900003626_RAL_5010.glb;models/output/4026212369748_9900003626_RAL_5010.glb;output;gtin
49092;9900003627;4026212369755;;4026212369755_9900003627_RAL_5010.glb;models/output/4026212369755_9900003627_RAL_5010.glb;output;gtin
49093;9900003628;4026212369762;;4026212369762_9900003628_RAL_5010.glb;models/output/4026212369762_9900003628_RAL_5010.glb;output;gtin
49094;9900003629;4026212369779;;4026212369779_9900003629_RAL_5010.glb;models/output/4026212369779_9900003629_RAL_5010.glb;output;gtin
49095;9900003630;4026212369786;;4026212369786_9900003630_RAL_5010.glb;models/output/4026212369786_9900003630_RAL_5010.glb;output;gtin
49096;9900003631;4026212369793;;4026212369793_9900003631_RAL_5010.glb;models/output/4026212369793_9900003631_RAL_5010.glb;output;gtin
49097;9900003632;4026212369809;;4026212369809_9900003632_RAL_5010.glb;models/output/4026212369809_9900003632_RAL_5010.glb;output;gtin
49098;9900003633;4026212369816;;4026212369816_9900003633_RAL_5010.glb;models/output/4026212369816_9900003633_RAL_5010.glb;output;gtin
49099;9900003634;4026212369823;;4026212369823_9900003634_RAL_5010.glb;models/output/4026212369823_9900003634_RAL_5010.glb;output;gtin
49100;9900003635;4026212369830;;4026212369830_9900003635_RAL_5010.glb;models/output/4026212369830_9900003635_RAL_5010.glb;output;gtin
49101;9900003636;4026212369847;;4026212369847_9900003636_RAL_5010.glb;models/output/4026212369847_9900003636_RAL_5010.glb;output;gtin
49103;9900003002;4026212369878;;4026212369878_9900003002_VZK.glb;models/output/4026212369878_9900003002_VZK.glb;output;gtin
49104;9900003003;4026212369885;;4026212369885_9900003003_VZK.glb;models/output/4026212369885_9900003003_VZK.glb;output;gtin
49105;9900003004;4026212369892;;4026212369892_9900003004_VZK.glb;models/output/4026212369892_9900003004_VZK.glb;output;gtin
49106;9900003005;4026212369908;;4026212369908_9900003005_RAL_5010.glb;models/output/4026212369908_9900003005_RAL_5010.glb;output;gtin
49107;9900003006;4026212369915;;4026212369915_9900003006_RAL_5010.glb;models/output/4026212369915_9900003006_RAL_5010.glb;output;gtin
49108;9900003007;4026212369922;;4026212369922_9900003007_RAL_5010.glb;models/output/4026212369922_9900003007_RAL_5010.glb;output;gtin
49110;9900003009;4026212369946;;4026212369946_9900003009_RAL_5010.glb;models/output/4026212369946_9900003009_RAL_5010.glb;output;gtin
49111;9900003010;4026212369953;;4026212369953_9900003010_RAL_5010.glb;models/output/4026212369953_9900003010_RAL_5010.glb;output;gtin
49112;9900003011;4026212369960;;4026212369960_9900003011_RAL_5010.glb;models/output/4026212369960_9900003011_RAL_5010.glb;output;gtin
49113;9900003012;4026212369977;;4026212369977_9900003012_RAL_5010.glb;models/output/4026212369977_9900003012_RAL_5010.glb;output;gtin
49114;9900003013;4026212369984;;4026212369984_9900003013_RAL_5010.glb;models/output/4026212369984_9900003013_RAL_5010.glb;output;gtin
49115;9900003014;4026212369991;;4026212369991_9900003014_RAL_5010.glb;models/output/4026212369991_9900003014_RAL_5010.glb;output;gtin
49116;9900003015;4026212370003;;4026212370003_9900003015_RAL_5010.glb;models/output/4026212370003_9900003015_RAL_5010.glb;output;gtin
49117;9900003016;4026212370010;;4026212370010_9900003016_RAL_5010.glb;models/output/4026212370010_9900003016_RAL_5010.glb;output;gtin
49118;9900003017;4026212370027;;4026212370027_9900003017_RAL_5010.glb;models/output/4026212370027_9900003017_RAL_5010.glb;output;gtin
49119;9900003018;4026212370034;;4026212370034_9900003018_RAL_5010.glb;models/output/4026212370034_9900003018_RAL_5010.glb;output;gtin
49120;9900003019;4026212370041;;4026212370041_9900003019_RAL_5010.glb;models/output/4026212370041_9900003019_RAL_5010.glb;output;gtin
49121;9900003020;4026212370058;;4026212370058_9900003020_RAL_5010.glb;models/output/4026212370058_9900003020_RAL_5010.glb;output;gtin
49122;9900003021;4026212370065;;4026212370065_9900003021_RAL_5010.glb;models/output/4026212370065_9900003021_RAL_5010.glb;output;gtin
49123;9900003022;4026212370072;;4026212370072_9900003022_RAL_5010.glb;models/output/4026212370072_9900003022_RAL_5010.glb;output;gtin
49124;9900003023;4026212370089;;4026212370089_9900003023_RAL_5010.glb;models/output/4026212370089_9900003023_RAL_5010.glb;output;gtin
49125;9900003024;4026212370096;;4026212370096_9900003024_RAL_5010.glb;models/output/4026212370096_9900003024_RAL_5010.glb;output;gtin
49126;9900003025;4026212370102;;4026212370102_9900003025_RAL_5010.glb;models/output/4026212370102_9900003025_RAL_5010.glb;output;gtin
49127;9900003026;4026212370119;;4026212370119_9900003026_RAL_5010.glb;models/output/4026212370119_9900003026_RAL_5010.glb;output;gtin
49128;9900003027;4026212370126;;4026212370126_9900003027_RAL_5010.glb;models/output/4026212370126_9900003027_RAL_5010.glb;output;gtin
49129;9900003028;4026212370133;;4026212370133_9900003028_RAL_5010.glb;models/output/4026212370133_9900003028_RAL_5010.glb;output;gtin
49130;9900003029;4026212370140;;4026212370140_9900003029_RAL_5010.glb;models/output/4026212370140_9900003029_RAL_5010.glb;output;gtin
49131;9900003030;4026212370157;;4026212370157_9900003030_RAL_5010.glb;models/output/4026212370157_9900003030_RAL_5010.glb;output;gtin
49132;9900003031;4026212370164;;4026212370164_9900003031_RAL_5010.glb;models/output/4026212370164_9900003031_RAL_5010.glb;output;gtin
49133;9900003032;4026212370171;;4026212370171_9900003032_RAL_5010.glb;models/output/4026212370171_9900003032_RAL_5010.glb;output;gtin
49134;9900003033;4026212370188;;4026212370188_9900003033_RAL_5010.glb;models/output/4026212370188_9900003033_RAL_5010.glb;output;gtin
49135;9900003034;4026212370195;;4026212370195_9900003034_RAL_5010.glb;models/output/4026212370195_9900003034_RAL_5010.glb;output;gtin
49136;9900003035;4026212370201;;4026212370201_9900003035_RAL_5010.glb;models/output/4026212370201_9900003035_RAL_5010.glb;output;gtin
49137;9900003036;4026212370218;;4026212370218_9900003036_RAL_5010.glb;models/output/4026212370218_9900003036_RAL_5010.glb;output;gtin
49138;9900003037;4026212370225;;4026212370225_9900003037_RAL_5010.glb;models/output/4026212370225_9900003037_RAL_5010.glb;output;gtin
49139;9900003038;4026212370232;;4026212370232_9900003038_RAL_5010.glb;models/output/4026212370232_9900003038_RAL_5010.glb;output;gtin
49140;9900003039;4026212370249;;4026212370249_9900003039_RAL_5010.glb;models/output/4026212370249_9900003039_RAL_5010.glb;output;gtin
49141;9900003040;4026212370256;;4026212370256_9900003040_RAL_5010.glb;models/output/4026212370256_9900003040_RAL_5010.glb;output;gtin
49142;9900003041;4026212370263;;4026212370263_9900003041_RAL_5010.glb;models/output/4026212370263_9900003041_RAL_5010.glb;output;gtin
49143;9900003042;4026212370270;;4026212370270_9900003042_RAL_5010.glb;models/output/4026212370270_9900003042_RAL_5010.glb;output;gtin
49144;9900003043;4026212370287;;4026212370287_9900003043_RAL_5010.glb;models/output/4026212370287_9900003043_RAL_5010.glb;output;gtin
49145;9900003044;4026212370294;;4026212370294_9900003044_RAL_5010.glb;models/output/4026212370294_9900003044_RAL_5010.glb;output;gtin
49146;9900003045;4026212370300;;4026212370300_9900003045_RAL_5010.glb;models/output/4026212370300_9900003045_RAL_5010.glb;output;gtin
49147;9900003046;4026212370317;;4026212370317_9900003046_RAL_5010.glb;models/output/4026212370317_9900003046_RAL_5010.glb;output;gtin
49148;9900003047;4026212370324;;4026212370324_9900003047_RAL_5010.glb;models/output/4026212370324_9900003047_RAL_5010.glb;output;gtin
49149;9900003048;4026212370331;;4026212370331_9900003048_RAL_5010.glb;models/output/4026212370331_9900003048_RAL_5010.glb;output;gtin
49150;9900003049;4026212370348;;4026212370348_9900003049_RAL_5010.glb;models/output/4026212370348_9900003049_RAL_5010.glb;output;gtin
49151;9900003050;4026212370355;;4026212370355_9900003050_RAL_5010.glb;models/output/4026212370355_9900003050_RAL_5010.glb;output;gtin
49152;9900003051;4026212370362;;4026212370362_9900003051_RAL_5010.glb;models/output/4026212370362_9900003051_RAL_5010.glb;output;gtin
49153;9900003052;4026212370379;;4026212370379_9900003052_RAL_5010.glb;models/output/4026212370379_9900003052_RAL_5010.glb;output;gtin
49154;9900003053;4026212370386;;4026212370386_9900003053_RAL_5010.glb;models/output/4026212370386_9900003053_RAL_5010.glb;output;gtin
49155;9900003054;4026212370393;;4026212370393_9900003054_RAL_5010.glb;models/output/4026212370393_9900003054_RAL_5010.glb;output;gtin
49156;9900003055;4026212370409;;4026212370409_9900003055_RAL_5010.glb;models/output/4026212370409_9900003055_RAL_5010.glb;output;gtin
49157;9900003056;4026212370416;;4026212370416_9900003056_RAL_5010.glb;models/output/4026212370416_9900003056_RAL_5010.glb;output;gtin
49158;9900003057;4026212370423;;4026212370423_9900003057_RAL_5010.glb;models/output/4026212370423_9900003057_RAL_5010.glb;output;gtin
49159;9900003058;4026212370430;;4026212370430_9900003058_RAL_5010.glb;models/output/4026212370430_9900003058_RAL_5010.glb;output;gtin
49160;9900003059;4026212370447;;4026212370447_9900003059_RAL_5010.glb;models/output/4026212370447_9900003059_RAL_5010.glb;output;gtin
49161;9900003060;4026212370454;;4026212370454_9900003060_RAL_5010.glb;models/output/4026212370454_9900003060_RAL_5010.glb;output;gtin
49162;9900003061;4026212370461;;4026212370461_9900003061_RAL_5010.glb;models/output/4026212370461_9900003061_RAL_5010.glb;output;gtin
49163;9900003062;4026212370478;;4026212370478_9900003062_RAL_5010.glb;models/output/4026212370478_9900003062_RAL_5010.glb;output;gtin
49164;9900003063;4026212370485;;4026212370485_9900003063_RAL_5010.glb;models/output/4026212370485_9900003063_RAL_5010.glb;output;gtin
49165;9900003064;4026212370492;;4026212370492_9900003064_RAL_5010.glb;models/output/4026212370492_9900003064_RAL_5010.glb;output;gtin
49166;9900003065;4026212370508;;4026212370508_9900003065_RAL_5010.glb;models/output/4026212370508_9900003065_RAL_5010.glb;output;gtin
49167;9900003066;4026212370515;;4026212370515_9900003066_RAL_5010.glb;models/output/4026212370515_9900003066_RAL_5010.glb;output;gtin
49168;9900003067;4026212370522;;4026212370522_9900003067_RAL_5010.glb;models/output/4026212370522_9900003067_RAL_5010.glb;output;gtin
49169;9900003068;4026212370539;;4026212370539_9900003068_RAL_5010.glb;models/output/4026212370539_9900003068_RAL_5010.glb;output;gtin
49170;9900003069;4026212370546;;4026212370546_9900003069_RAL_5010.glb;models/output/4026212370546_9900003069_RAL_5010.glb;output;gtin
49171;9900003070;4026212370553;;4026212370553_9900003070_RAL_5010.glb;models/output/4026212370553_9900003070_RAL_5010.glb;output;gtin
49172;9900003071;4026212370560;;4026212370560_9900003071_RAL_5010.glb;models/output/4026212370560_9900003071_RAL_5010.glb;output;gtin
49173;9900003072;4026212370577;;4026212370577_9900003072_RAL_5010.glb;models/output/4026212370577_9900003072_RAL_5010.glb;output;gtin
49174;9900003073;4026212370584;;4026212370584_9900003073_RAL_5010.glb;models/output/4026212370584_9900003073_RAL_5010.glb;output;gtin
49175;9900003074;4026212370591;;4026212370591_9900003074_RAL_5010.glb;models/output/4026212370591_9900003074_RAL_5010.glb;output;gtin
49176;9900003075;4026212370607;;4026212370607_9900003075_RAL_5010.glb;models/output/4026212370607_9900003075_RAL_5010.glb;output;gtin
49177;9900003076;4026212370614;;4026212370614_9900003076_RAL_5010.glb;models/output/4026212370614_9900003076_RAL_5010.glb;output;gtin
49178;9900003077;4026212370621;;4026212370621_9900003077_RAL_5010.glb;models/output/4026212370621_9900003077_RAL_5010.glb;output;gtin
49179;9900003078;4026212370638;;4026212370638_9900003078_RAL_5010.glb;models/output/4026212370638_9900003078_RAL_5010.glb;output;gtin
49180;9900003079;4026212370645;;4026212370645_9900003079_RAL_5010.glb;models/output/4026212370645_9900003079_RAL_5010.glb;output;gtin
49181;9900003080;4026212370652;;4026212370652_9900003080_RAL_5010.glb;models/output/4026212370652_9900003080_RAL_5010.glb;output;gtin
49182;9900003081;4026212370669;;4026212370669_9900003081_RAL_5010.glb;models/output/4026212370669_9900003081_RAL_5010.glb;output;gtin
49183;9900003082;4026212370676;;4026212370676_9900003082_RAL_5010.glb;models/output/4026212370676_9900003082_RAL_5010.glb;output;gtin
49184;9900003083;4026212370683;;4026212370683_9900003083_RAL_5010.glb;models/output/4026212370683_9900003083_RAL_5010.glb;output;gtin
49185;9900003084;4026212370690;;4026212370690_9900003084_RAL_5010.glb;models/output/4026212370690_9900003084_RAL_5010.glb;output;gtin
49186;9900003085;4026212370706;;4026212370706_9900003085_RAL_5010.glb;models/output/4026212370706_9900003085_RAL_5010.glb;output;gtin
49187;9900003086;4026212370713;;4026212370713_9900003086_RAL_5010.glb;models/output/4026212370713_9900003086_RAL_5010.glb;output;gtin
49188;9900003087;4026212370720;;4026212370720_9900003087_RAL_5010.glb;models/output/4026212370720_9900003087_RAL_5010.glb;output;gtin
49189;9900003088;4026212370737;;4026212370737_9900003088_RAL_5010.glb;models/output/4026212370737_9900003088_RAL_5010.glb;output;gtin
49190;9900003089;4026212370744;;4026212370744_9900003089_RAL_5010.glb;models/output/4026212370744_9900003089_RAL_5010.glb;output;gtin
49191;9900003090;4026212370751;;4026212370751_9900003090_RAL_5010.glb;models/output/4026212370751_9900003090_RAL_5010.glb;output;gtin
49192;9900003091;4026212370768;;4026212370768_9900003091_RAL_5010.glb;models/output/4026212370768_9900003091_RAL_5010.glb;output;gtin
49193;9900003092;4026212370775;;4026212370775_9900003092_RAL_5010.glb;models/output/4026212370775_9900003092_RAL_5010.glb;output;gtin
49194;9900003093;4026212370782;;4026212370782_9900003093_RAL_5010.glb;models/output/4026212370782_9900003093_RAL_5010.glb;output;gtin
49195;9900003094;4026212370799;;4026212370799_9900003094_RAL_5010.glb;models/output/4026212370799_9900003094_RAL_5010.glb;output;gtin
49196;9900003095;4026212370805;;4026212370805_9900003095_RAL_5010.glb;models/output/4026212370805_9900003095_RAL_5010.glb;output;gtin
49197;9900003096;4026212370812;;4026212370812_9900003096_RAL_5010.glb;models/output/4026212370812_9900003096_RAL_5010.glb;output;gtin
49198;9900003097;4026212370829;;4026212370829_9900003097_RAL_5010.glb;models/output/4026212370829_9900003097_RAL_5010.glb;output;gtin
49199;9900003098;4026212370836;;4026212370836_9900003098_RAL_5010.glb;models/output/4026212370836_9900003098_RAL_5010.glb;output;gtin
49200;9900003099;4026212370843;;4026212370843_9900003099_RAL_5010.glb;models/output/4026212370843_9900003099_RAL_5010.glb;output;gtin
49201;9900003100;4026212370850;;4026212370850_9900003100_RAL_5010.glb;models/output/4026212370850_9900003100_RAL_5010.glb;output;gtin
49202;9900003101;4026212370867;;4026212370867_9900003101_RAL_5010.glb;models/output/4026212370867_9900003101_RAL_5010.glb;output;gtin
49203;9900003102;4026212370874;;4026212370874_9900003102_RAL_5010.glb;models/output/4026212370874_9900003102_RAL_5010.glb;output;gtin
49204;9900003103;4026212370881;;4026212370881_9900003103_RAL_5010.glb;models/output/4026212370881_9900003103_RAL_5010.glb;output;gtin
49205;9900003104;4026212370898;;4026212370898_9900003104_RAL_5010.glb;models/output/4026212370898_9900003104_RAL_5010.glb;output;gtin
49206;9900003105;4026212370904;;4026212370904_9900003105_RAL_5010.glb;models/output/4026212370904_9900003105_RAL_5010.glb;output;gtin
49207;9900003106;4026212370911;;4026212370911_9900003106_RAL_5010.glb;models/output/4026212370911_9900003106_RAL_5010.glb;output;gtin
49208;9900003107;4026212370928;;4026212370928_9900003107_RAL_5010.glb;models/output/4026212370928_9900003107_RAL_5010.glb;output;gtin
49209;9900003108;4026212370935;;4026212370935_9900003108_RAL_5010.glb;models/output/4026212370935_9900003108_RAL_5010.glb;output;gtin
49210;9900003109;4026212370942;;4026212370942_9900003109_RAL_5010.glb;models/output/4026212370942_9900003109_RAL_5010.glb;output;gtin
49211;9900003110;4026212370959;;4026212370959_9900003110_RAL_5010.glb;models/output/4026212370959_9900003110_RAL_5010.glb;output;gtin
49212;9900003111;4026212370966;;4026212370966_9900003111_RAL_5010.glb;models/output/4026212370966_9900003111_RAL_5010.glb;output;gtin
49213;9900003112;4026212370973;;4026212370973_9900003112_RAL_5010.glb;models/output/4026212370973_9900003112_RAL_5010.glb;output;gtin
49214;9900003113;4026212370980;;4026212370980_9900003113_RAL_5010.glb;models/output/4026212370980_9900003113_RAL_5010.glb;output;gtin
49215;9900003114;4026212370997;;4026212370997_9900003114_RAL_5010.glb;models/output/4026212370997_9900003114_RAL_5010.glb;output;gtin
49216;9900003115;4026212371000;;4026212371000_9900003115_RAL_5010.glb;models/output/4026212371000_9900003115_RAL_5010.glb;output;gtin
49217;9900003116;4026212371017;;4026212371017_9900003116_RAL_5010.glb;models/output/4026212371017_9900003116_RAL_5010.glb;output;gtin
49218;9900003117;4026212371024;;4026212371024_9900003117_RAL_5010.glb;models/output/4026212371024_9900003117_RAL_5010.glb;output;gtin
49219;9900003118;4026212371031;;4026212371031_9900003118_RAL_5010.glb;models/output/4026212371031_9900003118_RAL_5010.glb;output;gtin
49220;9900003119;4026212371048;;4026212371048_9900003119_RAL_5010.glb;models/output/4026212371048_9900003119_RAL_5010.glb;output;gtin
49221;9900003120;4026212371055;;4026212371055_9900003120_RAL_5010.glb;models/output/4026212371055_9900003120_RAL_5010.glb;output;gtin
49222;9900003121;4026212371062;;4026212371062_9900003121_RAL_5010.glb;models/output/4026212371062_9900003121_RAL_5010.glb;output;gtin
49223;9900003122;4026212371079;;4026212371079_9900003122_RAL_5010.glb;models/output/4026212371079_9900003122_RAL_5010.glb;output;gtin
49224;9900003123;4026212371086;;4026212371086_9900003123_RAL_5010.glb;models/output/4026212371086_9900003123_RAL_5010.glb;output;gtin
49225;9900003124;4026212371093;;4026212371093_9900003124_RAL_5010.glb;models/output/4026212371093_9900003124_RAL_5010.glb;output;gtin
49226;9900003125;4026212371109;;4026212371109_9900003125_RAL_5010.glb;models/output/4026212371109_9900003125_RAL_5010.glb;output;gtin
49227;9900003126;4026212371116;;4026212371116_9900003126_RAL_5010.glb;models/output/4026212371116_9900003126_RAL_5010.glb;output;gtin
49228;9900003127;4026212371123;;4026212371123_9900003127_RAL_5010.glb;models/output/4026212371123_9900003127_RAL_5010.glb;output;gtin
49229;9900003128;4026212371130;;4026212371130_9900003128_RAL_5010.glb;models/output/4026212371130_9900003128_RAL_5010.glb;output;gtin
49230;9900003129;4026212371147;;4026212371147_9900003129_RAL_5010.glb;models/output/4026212371147_9900003129_RAL_5010.glb;output;gtin
49231;9900003130;4026212371154;;4026212371154_9900003130_RAL_5010.glb;models/output/4026212371154_9900003130_RAL_5010.glb;output;gtin
49232;9900003131;4026212371161;;4026212371161_9900003131_RAL_5010.glb;models/output/4026212371161_9900003131_RAL_5010.glb;output;gtin
49233;9900003132;4026212371178;;4026212371178_9900003132_RAL_5010.glb;models/output/4026212371178_9900003132_RAL_5010.glb;output;gtin
49234;9900003133;4026212371185;;4026212371185_9900003133_RAL_5010.glb;models/output/4026212371185_9900003133_RAL_5010.glb;output;gtin
49235;9900003134;4026212371192;;4026212371192_9900003134_RAL_5010.glb;models/output/4026212371192_9900003134_RAL_5010.glb;output;gtin
49236;9900003135;4026212371208;;4026212371208_9900003135_RAL_5010.glb;models/output/4026212371208_9900003135_RAL_5010.glb;output;gtin
49237;9900003136;4026212371215;;4026212371215_9900003136_RAL_5010.glb;models/output/4026212371215_9900003136_RAL_5010.glb;output;gtin
49238;9900003137;4026212371222;;4026212371222_9900003137_RAL_5010.glb;models/output/4026212371222_9900003137_RAL_5010.glb;output;gtin
49239;9900003138;4026212371239;;4026212371239_9900003138_RAL_5010.glb;models/output/4026212371239_9900003138_RAL_5010.glb;output;gtin
49240;9900003139;4026212371246;;4026212371246_9900003139_RAL_5010.glb;models/output/4026212371246_9900003139_RAL_5010.glb;output;gtin
49241;9900003140;4026212371253;;4026212371253_9900003140_RAL_5010.glb;models/output/4026212371253_9900003140_RAL_5010.glb;output;gtin
49252;9900003152;4026212371376;;4026212371376_9900003152_RAL_5010.glb;models/output/4026212371376_9900003152_RAL_5010.glb;output;gtin
49253;9900003153;4026212371383;;4026212371383_9900003153_RAL_5010.glb;models/output/4026212371383_9900003153_RAL_5010.glb;output;gtin
49254;9900003154;4026212371390;;4026212371390_9900003154_RAL_5010.glb;models/output/4026212371390_9900003154_RAL_5010.glb;output;gtin
49255;9900003155;4026212371406;;4026212371406_9900003155_RAL_5010.glb;models/output/4026212371406_9900003155_RAL_5010.glb;output;gtin
49256;9900003156;4026212371413;;4026212371413_9900003156_RAL_5010.glb;models/output/4026212371413_9900003156_RAL_5010.glb;output;gtin
49257;9900003157;4026212371420;;4026212371420_9900003157_RAL_5010.glb;models/output/4026212371420_9900003157_RAL_5010.glb;output;gtin
49258;9900003158;4026212371437;;4026212371437_9900003158_RAL_5010.glb;models/output/4026212371437_9900003158_RAL_5010.glb;output;gtin
49259;9900003159;4026212371444;;4026212371444_9900003159_RAL_5010.glb;models/output/4026212371444_9900003159_RAL_5010.glb;output;gtin
49260;9900003160;4026212371451;;4026212371451_9900003160_RAL_5010.glb;models/output/4026212371451_9900003160_RAL_5010.glb;output;gtin
49261;9900003161;4026212371468;;4026212371468_9900003161_RAL_5010.glb;models/output/4026212371468_9900003161_RAL_5010.glb;output;gtin
49262;9900003162;4026212371475;;4026212371475_9900003162_RAL_5010.glb;models/output/4026212371475_9900003162_RAL_5010.glb;output;gtin
49263;9900003163;4026212371482;;4026212371482_9900003163_RAL_5010.glb;models/output/4026212371482_9900003163_RAL_5010.glb;output;gtin
49264;9900003164;4026212371499;;4026212371499_9900003164_RAL_5010.glb;models/output/4026212371499_9900003164_RAL_5010.glb;output;gtin
49265;9900003165;4026212371505;;4026212371505_9900003165_RAL_5010.glb;models/output/4026212371505_9900003165_RAL_5010.glb;output;gtin
49266;9900003166;4026212371512;;4026212371512_9900003166_RAL_5010.glb;models/output/4026212371512_9900003166_RAL_5010.glb;output;gtin
49267;9900003167;4026212371529;;4026212371529_9900003167_RAL_5010.glb;models/output/4026212371529_9900003167_RAL_5010.glb;output;gtin
49268;9900003168;4026212371536;;4026212371536_9900003168_RAL_5010.glb;models/output/4026212371536_9900003168_RAL_5010.glb;output;gtin
49269;9900003169;4026212371543;;4026212371543_9900003169_RAL_5010.glb;models/output/4026212371543_9900003169_RAL_5010.glb;output;gtin
49270;9900003170;4026212371550;;4026212371550_9900003170_RAL_5010.glb;models/output/4026212371550_9900003170_RAL_5010.glb;output;gtin
49271;9900003171;4026212371567;;4026212371567_9900003171_RAL_5010.glb;models/output/4026212371567_9900003171_RAL_5010.glb;output;gtin
49272;9900003172;4026212371574;;4026212371574_9900003172_RAL_5010.glb;models/output/4026212371574_9900003172_RAL_5010.glb;output;gtin
49273;9900003173;4026212371581;;4026212371581_9900003173_RAL_5010.glb;models/output/4026212371581_9900003173_RAL_5010.glb;output;gtin
49274;9900003174;4026212371598;;4026212371598_9900003174_RAL_5010.glb;models/output/4026212371598_9900003174_RAL_5010.glb;output;gtin
49275;9900003175;4026212371604;;4026212371604_9900003175_RAL_5010.glb;models/output/4026212371604_9900003175_RAL_5010.glb;output;gtin
49276;9900003176;4026212371611;;4026212371611_9900003176_RAL_5010.glb;models/output/4026212371611_9900003176_RAL_5010.glb;output;gtin
49277;9900003177;4026212371628;;4026212371628_9900003177_RAL_5010.glb;models/output/4026212371628_9900003177_RAL_5010.glb;output;gtin
49278;9900003178;4026212371635;;4026212371635_9900003178_RAL_5010.glb;models/output/4026212371635_9900003178_RAL_5010.glb;output;gtin
49279;9900003179;4026212371642;;4026212371642_9900003179_RAL_5010.glb;models/output/4026212371642_9900003179_RAL_5010.glb;output;gtin
49280;9900003180;4026212371659;;4026212371659_9900003180_RAL_5010.glb;models/output/4026212371659_9900003180_RAL_5010.glb;output;gtin
49281;9900003181;4026212371666;;4026212371666_9900003181_RAL_5010.glb;models/output/4026212371666_9900003181_RAL_5010.glb;output;gtin
49282;9900003182;4026212371673;;4026212371673_9900003182_RAL_5010.glb;models/output/4026212371673_9900003182_RAL_5010.glb;output;gtin
49283;9900003183;4026212371680;;4026212371680_9900003183_RAL_5010.glb;models/output/4026212371680_9900003183_RAL_5010.glb;output;gtin
49284;9900003184;4026212371697;;4026212371697_9900003184_RAL_5010.glb;models/output/4026212371697_9900003184_RAL_5010.glb;output;gtin
49285;9900003185;4026212371703;;4026212371703_9900003185_RAL_5010.glb;models/output/4026212371703_9900003185_RAL_5010.glb;output;gtin
49286;9900003186;4026212371710;;4026212371710_9900003186_RAL_5010.glb;models/output/4026212371710_9900003186_RAL_5010.glb;output;gtin
49287;9900003187;4026212371727;;4026212371727_9900003187_RAL_5010.glb;models/output/4026212371727_9900003187_RAL_5010.glb;output;gtin
49288;9900003188;4026212371734;;4026212371734_9900003188_RAL_5010.glb;models/output/4026212371734_9900003188_RAL_5010.glb;output;gtin
49289;9900003189;4026212371741;;4026212371741_9900003189_RAL_5010.glb;models/output/4026212371741_9900003189_RAL_5010.glb;output;gtin
49290;9900003190;4026212371758;;4026212371758_9900003190_RAL_5010.glb;models/output/4026212371758_9900003190_RAL_5010.glb;output;gtin
49291;9900003191;4026212371765;;4026212371765_9900003191_RAL_5010.glb;models/output/4026212371765_9900003191_RAL_5010.glb;output;gtin
49292;9900003192;4026212371772;;4026212371772_9900003192_RAL_5010.glb;models/output/4026212371772_9900003192_RAL_5010.glb;output;gtin
49293;9900003193;4026212371789;;4026212371789_9900003193_RAL_5010.glb;models/output/4026212371789_9900003193_RAL_5010.glb;output;gtin
49294;9900003194;4026212371796;;4026212371796_9900003194_RAL_5010.glb;models/output/4026212371796_9900003194_RAL_5010.glb;output;gtin
49295;9900003195;4026212371802;;4026212371802_9900003195_RAL_5010.glb;models/output/4026212371802_9900003195_RAL_5010.glb;output;gtin
49296;9900003196;4026212371819;;4026212371819_9900003196_RAL_5010.glb;models/output/4026212371819_9900003196_RAL_5010.glb;output;gtin
49297;9900003197;4026212371826;;4026212371826_9900003197_RAL_5010.glb;models/output/4026212371826_9900003197_RAL_5010.glb;output;gtin
49298;9900003198;4026212371833;;4026212371833_9900003198_RAL_5010.glb;models/output/4026212371833_9900003198_RAL_5010.glb;output;gtin
49299;9900003199;4026212371840;;4026212371840_9900003199_RAL_5010.glb;models/output/4026212371840_9900003199_RAL_5010.glb;output;gtin
49300;9900003200;4026212371857;;4026212371857_9900003200_RAL_5010.glb;models/output/4026212371857_9900003200_RAL_5010.glb;output;gtin
49301;9900003201;4026212371864;;4026212371864_9900003201_RAL_5010.glb;models/output/4026212371864_9900003201_RAL_5010.glb;output;gtin
49302;9900003202;4026212371871;;4026212371871_9900003202_RAL_5010.glb;models/output/4026212371871_9900003202_RAL_5010.glb;output;gtin
49303;9900003203;4026212371888;;4026212371888_9900003203_RAL_5010.glb;models/output/4026212371888_9900003203_RAL_5010.glb;output;gtin
49304;9900003204;4026212371895;;4026212371895_9900003204_RAL_5010.glb;models/output/4026212371895_9900003204_RAL_5010.glb;output;gtin
49305;9900003205;4026212371901;;4026212371901_9900003205_RAL_5010.glb;models/output/4026212371901_9900003205_RAL_5010.glb;output;gtin
49306;9900003206;4026212371918;;4026212371918_9900003206_RAL_5010.glb;models/output/4026212371918_9900003206_RAL_5010.glb;output;gtin
49307;9900003207;4026212371925;;4026212371925_9900003207_RAL_5010.glb;models/output/4026212371925_9900003207_RAL_5010.glb;output;gtin
49308;9900003208;4026212371932;;4026212371932_9900003208_RAL_5010.glb;models/output/4026212371932_9900003208_RAL_5010.glb;output;gtin
49309;9900003209;4026212371949;;4026212371949_9900003209_RAL_5010.glb;models/output/4026212371949_9900003209_RAL_5010.glb;output;gtin
49310;9900003210;4026212371956;;4026212371956_9900003210_RAL_5010.glb;models/output/4026212371956_9900003210_RAL_5010.glb;output;gtin
49311;9900003211;4026212371963;;4026212371963_9900003211_RAL_5010.glb;models/output/4026212371963_9900003211_RAL_5010.glb;output;gtin
49312;9900003212;4026212371970;;4026212371970_9900003212_RAL_5010.glb;models/output/4026212371970_9900003212_RAL_5010.glb;output;gtin
49313;9900003213;4026212371987;;4026212371987_9900003213_RAL_5010.glb;models/output/4026212371987_9900003213_RAL_5010.glb;output;gtin
49314;9900003214;4026212371994;;4026212371994_9900003214_RAL_5010.glb;models/output/4026212371994_9900003214_RAL_5010.glb;output;gtin
49315;9900003215;4026212372007;;4026212372007_9900003215_RAL_5010.glb;models/output/4026212372007_9900003215_RAL_5010.glb;output;gtin
49316;9900003216;4026212372014;;4026212372014_9900003216_RAL_5010.glb;models/output/4026212372014_9900003216_RAL_5010.glb;output;gtin
49317;9900003217;4026212372021;;4026212372021_9900003217_RAL_5010.glb;models/output/4026212372021_9900003217_RAL_5010.glb;output;gtin
49318;9900003218;4026212372038;;4026212372038_9900003218_RAL_5010.glb;models/output/4026212372038_9900003218_RAL_5010.glb;output;gtin
49319;9900003219;4026212372045;;4026212372045_9900003219_RAL_5010.glb;models/output/4026212372045_9900003219_RAL_5010.glb;output;gtin
49320;9900003220;4026212372052;;4026212372052_9900003220_RAL_5010.glb;models/output/4026212372052_9900003220_RAL_5010.glb;output;gtin
49321;9900003221;4026212372069;;4026212372069_9900003221_RAL_5010.glb;models/output/4026212372069_9900003221_RAL_5010.glb;output;gtin
49322;9900003222;4026212372076;;4026212372076_9900003222_RAL_5010.glb;models/output/4026212372076_9900003222_RAL_5010.glb;output;gtin
49323;9900003223;4026212372083;;4026212372083_9900003223_RAL_5010.glb;models/output/4026212372083_9900003223_RAL_5010.glb;output;gtin
49324;9900003224;4026212372090;;4026212372090_9900003224_RAL_5010.glb;models/output/4026212372090_9900003224_RAL_5010.glb;output;gtin
49325;9900003225;4026212372106;;4026212372106_9900003225_RAL_5010.glb;models/output/4026212372106_9900003225_RAL_5010.glb;output;gtin
49326;9900003226;4026212372113;;4026212372113_9900003226_RAL_5010.glb;models/output/4026212372113_9900003226_RAL_5010.glb;output;gtin
49327;9900003227;4026212372120;;4026212372120_9900003227_RAL_5010.glb;models/output/4026212372120_9900003227_RAL_5010.glb;output;gtin
49328;9900003228;4026212372137;;4026212372137_9900003228_RAL_5010.glb;models/output/4026212372137_9900003228_RAL_5010.glb;output;gtin
49329;9900003229;4026212372144;;4026212372144_9900003229_RAL_5010.glb;models/output/4026212372144_9900003229_RAL_5010.glb;output;gtin
49330;9900003230;4026212372151;;4026212372151_9900003230_RAL_5010.glb;models/output/4026212372151_9900003230_RAL_5010.glb;output;gtin
49331;9900003231;4026212372168;;4026212372168_9900003231_RAL_5010.glb;models/output/4026212372168_9900003231_RAL_5010.glb;output;gtin
49332;9900003232;4026212372175;;4026212372175_9900003232_RAL_5010.glb;models/output/4026212372175_9900003232_RAL_5010.glb;output;gtin
49333;9900003233;4026212372182;;4026212372182_9900003233_RAL_5010.glb;models/output/4026212372182_9900003233_RAL_5010.glb;output;gtin
49334;9900003234;4026212372199;;4026212372199_9900003234_RAL_5010.glb;models/output/4026212372199_9900003234_RAL_5010.glb;output;gtin
49335;9900003235;4026212372205;;4026212372205_9900003235_RAL_5010.glb;models/output/4026212372205_9900003235_RAL_5010.glb;output;gtin
49336;9900003236;4026212372212;;4026212372212_9900003236_RAL_5010.glb;models/output/4026212372212_9900003236_RAL_5010.glb;output;gtin
49337;9900003237;4026212372229;;4026212372229_9900003237_RAL_5010.glb;models/output/4026212372229_9900003237_RAL_5010.glb;output;gtin
49338;9900003238;4026212372236;;4026212372236_9900003238_RAL_5010.glb;models/output/4026212372236_9900003238_RAL_5010.glb;output;gtin
49339;9900003239;4026212372243;;4026212372243_9900003239_RAL_5010.glb;models/output/4026212372243_9900003239_RAL_5010.glb;output;gtin
49340;9900003240;4026212372250;;4026212372250_9900003240_RAL_5010.glb;models/output/4026212372250_9900003240_RAL_5010.glb;output;gtin
49341;9900003241;4026212372267;;4026212372267_9900003241_RAL_5010.glb;models/output/4026212372267_9900003241_RAL_5010.glb;output;gtin
49342;9900003242;4026212372274;;4026212372274_9900003242_RAL_5010.glb;models/output/4026212372274_9900003242_RAL_5010.glb;output;gtin
49343;9900003243;4026212372281;;4026212372281_9900003243_RAL_5010.glb;models/output/4026212372281_9900003243_RAL_5010.glb;output;gtin
49344;9900003244;4026212372298;;4026212372298_9900003244_RAL_5010.glb;models/output/4026212372298_9900003244_RAL_5010.glb;output;gtin
49345;9900003245;4026212372304;;4026212372304_9900003245_RAL_5010.glb;models/output/4026212372304_9900003245_RAL_5010.glb;output;gtin
49346;9900003246;4026212372311;;4026212372311_9900003246_RAL_5010.glb;models/output/4026212372311_9900003246_RAL_5010.glb;output;gtin
49347;9900003247;4026212372328;;4026212372328_9900003247_RAL_5010.glb;models/output/4026212372328_9900003247_RAL_5010.glb;output;gtin
49348;9900003248;4026212372335;;4026212372335_9900003248_RAL_5010.glb;models/output/4026212372335_9900003248_RAL_5010.glb;output;gtin
49349;9900003249;4026212372342;;4026212372342_9900003249_RAL_5010.glb;models/output/4026212372342_9900003249_RAL_5010.glb;output;gtin
49350;9900003250;4026212372359;;4026212372359_9900003250_RAL_5010.glb;models/output/4026212372359_9900003250_RAL_5010.glb;output;gtin
49351;9900003251;4026212372366;;4026212372366_9900003251_RAL_5010.glb;models/output/4026212372366_9900003251_RAL_5010.glb;output;gtin
49352;9900003252;4026212372373;;4026212372373_9900003252_RAL_5010.glb;models/output/4026212372373_9900003252_RAL_5010.glb;output;gtin
49353;9900003253;4026212372380;;4026212372380_9900003253_RAL_5010.glb;models/output/4026212372380_9900003253_RAL_5010.glb;output;gtin
49354;9900003254;4026212372397;;4026212372397_9900003254_RAL_5010.glb;models/output/4026212372397_9900003254_RAL_5010.glb;output;gtin
49355;9900003255;4026212372403;;4026212372403_9900003255_RAL_5010.glb;models/output/4026212372403_9900003255_RAL_5010.glb;output;gtin
49356;9900003256;4026212372410;;4026212372410_9900003256_RAL_5010.glb;models/output/4026212372410_9900003256_RAL_5010.glb;output;gtin
49357;9900003257;4026212372427;;4026212372427_9900003257_RAL_5010.glb;models/output/4026212372427_9900003257_RAL_5010.glb;output;gtin
49358;9900003258;4026212372434;;4026212372434_9900003258_RAL_5010.glb;models/output/4026212372434_9900003258_RAL_5010.glb;output;gtin
49359;9900003259;4026212372441;;4026212372441_9900003259_RAL_5010.glb;models/output/4026212372441_9900003259_RAL_5010.glb;output;gtin
49360;9900003260;4026212372458;;4026212372458_9900003260_RAL_5010.glb;models/output/4026212372458_9900003260_RAL_5010.glb;output;gtin
49361;9900003261;4026212372465;;4026212372465_9900003261_RAL_5010.glb;models/output/4026212372465_9900003261_RAL_5010.glb;output;gtin
49362;9900003262;4026212372472;;4026212372472_9900003262_RAL_5010.glb;models/output/4026212372472_9900003262_RAL_5010.glb;output;gtin
49363;9900003263;4026212372489;;4026212372489_9900003263_RAL_5010.glb;models/output/4026212372489_9900003263_RAL_5010.glb;output;gtin
49364;9900003264;4026212372496;;4026212372496_9900003264_RAL_5010.glb;models/output/4026212372496_9900003264_RAL_5010.glb;output;gtin
49365;9900003265;4026212372502;;4026212372502_9900003265_RAL_5010.glb;models/output/4026212372502_9900003265_RAL_5010.glb;output;gtin
49366;9900003266;4026212372519;;4026212372519_9900003266_RAL_5010.glb;models/output/4026212372519_9900003266_RAL_5010.glb;output;gtin
49367;9900003267;4026212372526;;4026212372526_9900003267_RAL_5010.glb;models/output/4026212372526_9900003267_RAL_5010.glb;output;gtin
49368;9900003268;4026212372533;;4026212372533_9900003268_RAL_5010.glb;models/output/4026212372533_9900003268_RAL_5010.glb;output;gtin
49369;9900003269;4026212372540;;4026212372540_9900003269_RAL_5010.glb;models/output/4026212372540_9900003269_RAL_5010.glb;output;gtin
49370;9900003270;4026212372557;;4026212372557_9900003270_RAL_5010.glb;models/output/4026212372557_9900003270_RAL_5010.glb;output;gtin
49371;9900003271;4026212372564;;4026212372564_9900003271_RAL_5010.glb;models/output/4026212372564_9900003271_RAL_5010.glb;output;gtin
49372;9900003272;4026212372571;;4026212372571_9900003272_RAL_5010.glb;models/output/4026212372571_9900003272_RAL_5010.glb;output;gtin
49373;9900003273;4026212372588;;4026212372588_9900003273_RAL_5010.glb;models/output/4026212372588_9900003273_RAL_5010.glb;output;gtin
49374;9900003274;4026212372595;;4026212372595_9900003274_RAL_5010.glb;models/output/4026212372595_9900003274_RAL_5010.glb;output;gtin
49375;9900003275;4026212372601;;4026212372601_9900003275_RAL_5010.glb;models/output/4026212372601_9900003275_RAL_5010.glb;output;gtin
49376;9900003276;4026212372618;;4026212372618_9900003276_RAL_5010.glb;models/output/4026212372618_9900003276_RAL_5010.glb;output;gtin
49377;9900003277;4026212372625;;4026212372625_9900003277_RAL_5010.glb;models/output/4026212372625_9900003277_RAL_5010.glb;output;gtin
49378;9900003278;4026212372632;;4026212372632_9900003278_RAL_5010.glb;models/output/4026212372632_9900003278_RAL_5010.glb;output;gtin
49379;9900003279;4026212372649;;4026212372649_9900003279_RAL_5010.glb;models/output/4026212372649_9900003279_RAL_5010.glb;output;gtin
49380;9900003280;4026212372656;;4026212372656_9900003280_RAL_5010.glb;models/output/4026212372656_9900003280_RAL_5010.glb;output;gtin
49381;9900003281;4026212372663;;4026212372663_9900003281_RAL_5010.glb;models/output/4026212372663_9900003281_RAL_5010.glb;output;gtin
49382;9900003282;4026212372670;;4026212372670_9900003282_RAL_5010.glb;models/output/4026212372670_9900003282_RAL_5010.glb;output;gtin
49383;9900003283;4026212372687;;4026212372687_9900003283_RAL_5010.glb;models/output/4026212372687_9900003283_RAL_5010.glb;output;gtin
49384;9900003284;4026212372694;;4026212372694_9900003284_RAL_5010.glb;models/output/4026212372694_9900003284_RAL_5010.glb;output;gtin
49385;9900003285;4026212372700;;4026212372700_9900003285_RAL_5010.glb;models/output/4026212372700_9900003285_RAL_5010.glb;output;gtin
49386;9900003286;4026212372717;;4026212372717_9900003286_RAL_5010.glb;models/output/4026212372717_9900003286_RAL_5010.glb;output;gtin
49387;9900003287;4026212372724;;4026212372724_9900003287_RAL_5010.glb;models/output/4026212372724_9900003287_RAL_5010.glb;output;gtin
49388;9900003288;4026212372731;;4026212372731_9900003288_RAL_5010.glb;models/output/4026212372731_9900003288_RAL_5010.glb;output;gtin
49389;9900003289;4026212372748;;4026212372748_9900003289_RAL_5010.glb;models/output/4026212372748_9900003289_RAL_5010.glb;output;gtin
49390;9900003290;4026212372755;;4026212372755_9900003290_RAL_5010.glb;models/output/4026212372755_9900003290_RAL_5010.glb;output;gtin
49391;9900003291;4026212372762;;4026212372762_9900003291_RAL_5010.glb;models/output/4026212372762_9900003291_RAL_5010.glb;output;gtin
49392;9900003292;4026212372779;;4026212372779_9900003292_RAL_5010.glb;models/output/4026212372779_9900003292_RAL_5010.glb;output;gtin
49393;9900003293;4026212372786;;4026212372786_9900003293_RAL_5010.glb;models/output/4026212372786_9900003293_RAL_5010.glb;output;gtin
49394;9900003294;4026212372793;;4026212372793_9900003294_RAL_5010.glb;models/output/4026212372793_9900003294_RAL_5010.glb;output;gtin
49395;9900003295;4026212372809;;4026212372809_9900003295_RAL_5010.glb;models/output/4026212372809_9900003295_RAL_5010.glb;output;gtin
49396;9900003296;4026212372816;;4026212372816_9900003296_RAL_5010.glb;models/output/4026212372816_9900003296_RAL_5010.glb;output;gtin
49397;9900003297;4026212372823;;4026212372823_9900003297_RAL_5010.glb;models/output/4026212372823_9900003297_RAL_5010.glb;output;gtin
49398;9900003298;4026212372830;;4026212372830_9900003298_RAL_5010.glb;models/output/4026212372830_9900003298_RAL_5010.glb;output;gtin
49399;9900003299;4026212372847;;4026212372847_9900003299_RAL_5010.glb;models/output/4026212372847_9900003299_RAL_5010.glb;output;gtin
49400;9900003300;4026212372854;;4026212372854_9900003300_RAL_5010.glb;models/output/4026212372854_9900003300_RAL_5010.glb;output;gtin
49401;9900003301;4026212372861;;4026212372861_9900003301_RAL_5010.glb;models/output/4026212372861_9900003301_RAL_5010.glb;output;gtin
49402;9900003302;4026212372878;;4026212372878_9900003302_RAL_5010.glb;models/output/4026212372878_9900003302_RAL_5010.glb;output;gtin
49403;9900003303;4026212372885;;4026212372885_9900003303_RAL_5010.glb;models/output/4026212372885_9900003303_RAL_5010.glb;output;gtin
49404;9900003304;4026212372892;;4026212372892_9900003304_RAL_5010.glb;models/output/4026212372892_9900003304_RAL_5010.glb;output;gtin
49405;9900003305;4026212372908;;4026212372908_9900003305_RAL_5010.glb;models/output/4026212372908_9900003305_RAL_5010.glb;output;gtin
49406;9900003306;4026212372915;;4026212372915_9900003306_RAL_5010.glb;models/output/4026212372915_9900003306_RAL_5010.glb;output;gtin
49407;9900003307;4026212372922;;4026212372922_9900003307_RAL_5010.glb;models/output/4026212372922_9900003307_RAL_5010.glb;output;gtin
49408;9900003308;4026212372939;;4026212372939_9900003308_RAL_5010.glb;models/output/4026212372939_9900003308_RAL_5010.glb;output;gtin
49409;9900003309;4026212372946;;4026212372946_9900003309_RAL_5010.glb;models/output/4026212372946_9900003309_RAL_5010.glb;output;gtin
49410;9900003310;4026212372953;;4026212372953_9900003310_RAL_5010.glb;models/output/4026212372953_9900003310_RAL_5010.glb;output;gtin
49411;9900003311;4026212372960;;4026212372960_9900003311_RAL_5010.glb;models/output/4026212372960_9900003311_RAL_5010.glb;output;gtin
49412;9900003312;4026212372977;;4026212372977_9900003312_RAL_5010.glb;models/output/4026212372977_9900003312_RAL_5010.glb;output;gtin
49413;9900003313;4026212372984;;4026212372984_9900003313_RAL_5010.glb;models/output/4026212372984_9900003313_RAL_5010.glb;output;gtin
49414;9900003314;4026212372991;;4026212372991_9900003314_RAL_5010.glb;models/output/4026212372991_9900003314_RAL_5010.glb;output;gtin
49415;9900003315;4026212373004;;4026212373004_9900003315_RAL_5010.glb;models/output/4026212373004_9900003315_RAL_5010.glb;output;gtin
49416;9900003316;4026212373011;;4026212373011_9900003316_RAL_5010.glb;models/output/4026212373011_9900003316_RAL_5010.glb;output;gtin
49417;9900003317;4026212373028;;4026212373028_9900003317_RAL_5010.glb;models/output/4026212373028_9900003317_RAL_5010.glb;output;gtin
49418;9900003318;4026212373035;;4026212373035_9900003318_RAL_5010.glb;models/output/4026212373035_9900003318_RAL_5010.glb;output;gtin
49419;9900003319;4026212373042;;4026212373042_9900003319_RAL_5010.glb;models/output/4026212373042_9900003319_RAL_5010.glb;output;gtin
49420;9900003320;4026212373059;;4026212373059_9900003320_RAL_5010.glb;models/output/4026212373059_9900003320_RAL_5010.glb;output;gtin
49421;9900003321;4026212373066;;4026212373066_9900003321_RAL_5010.glb;models/output/4026212373066_9900003321_RAL_5010.glb;output;gtin
49422;9900003322;4026212373073;;4026212373073_9900003322_RAL_5010.glb;models/output/4026212373073_9900003322_RAL_5010.glb;output;gtin
49423;9900003323;4026212373080;;4026212373080_9900003323_RAL_5010.glb;models/output/4026212373080_9900003323_RAL_5010.glb;output;gtin
49424;9900003324;4026212373097;;4026212373097_9900003324_RAL_5010.glb;models/output/4026212373097_9900003324_RAL_5010.glb;output;gtin
49425;9900003325;4026212373103;;4026212373103_9900003325_RAL_5010.glb;models/output/4026212373103_9900003325_RAL_5010.glb;output;gtin
49426;9900003326;4026212373110;;4026212373110_9900003326_RAL_5010.glb;models/output/4026212373110_9900003326_RAL_5010.glb;output;gtin
49427;9900003327;4026212373127;;4026212373127_9900003327_RAL_5010.glb;models/output/4026212373127_9900003327_RAL_5010.glb;output;gtin
49428;9900003328;4026212373134;;4026212373134_9900003328_RAL_5010.glb;models/output/4026212373134_9900003328_RAL_5010.glb;output;gtin
49429;9900003329;4026212373141;;4026212373141_9900003329_RAL_5010.glb;models/output/4026212373141_9900003329_RAL_5010.glb;output;gtin
49430;9900003330;4026212373158;;4026212373158_9900003330_RAL_5010.glb;models/output/4026212373158_9900003330_RAL_5010.glb;output;gtin
49431;9900003331;4026212373165;;4026212373165_9900003331_RAL_5010.glb;models/output/4026212373165_9900003331_RAL_5010.glb;output;gtin
49432;9900003332;4026212373172;;4026212373172_9900003332_RAL_5010.glb;models/output/4026212373172_9900003332_RAL_5010.glb;output;gtin
49433;9900003333;4026212373189;;4026212373189_9900003333_RAL_5010.glb;models/output/4026212373189_9900003333_RAL_5010.glb;output;gtin
49434;9900003334;4026212373196;;4026212373196_9900003334_RAL_5010.glb;models/output/4026212373196_9900003334_RAL_5010.glb;output;gtin
49435;9900003335;4026212373202;;4026212373202_9900003335_RAL_5010.glb;models/output/4026212373202_9900003335_RAL_5010.glb;output;gtin
49436;9900003336;4026212373219;;4026212373219_9900003336_RAL_5010.glb;models/output/4026212373219_9900003336_RAL_5010.glb;output;gtin
49437;9900003337;4026212373226;;4026212373226_9900003337_RAL_5010.glb;models/output/4026212373226_9900003337_RAL_5010.glb;output;gtin
49438;9900003338;4026212373233;;4026212373233_9900003338_RAL_5010.glb;models/output/4026212373233_9900003338_RAL_5010.glb;output;gtin
49439;9900003339;4026212373240;;4026212373240_9900003339_RAL_5010.glb;models/output/4026212373240_9900003339_RAL_5010.glb;output;gtin
49440;9900003340;4026212373257;;4026212373257_9900003340_RAL_5010.glb;models/output/4026212373257_9900003340_RAL_5010.glb;output;gtin
49441;9900003341;4026212373264;;4026212373264_9900003341_RAL_5010.glb;models/output/4026212373264_9900003341_RAL_5010.glb;output;gtin
49442;9900003342;4026212373271;;4026212373271_9900003342_RAL_5010.glb;models/output/4026212373271_9900003342_RAL_5010.glb;output;gtin
49443;9900003343;4026212373288;;4026212373288_9900003343_RAL_5010.glb;models/output/4026212373288_9900003343_RAL_5010.glb;output;gtin
49444;9900003344;4026212373295;;4026212373295_9900003344_RAL_5010.glb;models/output/4026212373295_9900003344_RAL_5010.glb;output;gtin
49445;9900003345;4026212373301;;4026212373301_9900003345_RAL_5010.glb;models/output/4026212373301_9900003345_RAL_5010.glb;output;gtin
49446;9900003346;4026212373318;;4026212373318_9900003346_RAL_5010.glb;models/output/4026212373318_9900003346_RAL_5010.glb;output;gtin
49447;9900003347;4026212373325;;4026212373325_9900003347_RAL_5010.glb;models/output/4026212373325_9900003347_RAL_5010.glb;output;gtin
49448;9900003348;4026212373332;;4026212373332_9900003348_RAL_5010.glb;models/output/4026212373332_9900003348_RAL_5010.glb;output;gtin
49449;9900003349;4026212373349;;4026212373349_9900003349_RAL_5010.glb;models/output/4026212373349_9900003349_RAL_5010.glb;output;gtin
49450;9900003350;4026212373356;;4026212373356_9900003350_RAL_5010.glb;models/output/4026212373356_9900003350_RAL_5010.glb;output;gtin
49451;9900003351;4026212373363;;4026212373363_9900003351_RAL_5010.glb;models/output/4026212373363_9900003351_RAL_5010.glb;output;gtin
49452;9900003352;4026212373370;;4026212373370_9900003352_RAL_5010.glb;models/output/4026212373370_9900003352_RAL_5010.glb;output;gtin
49453;9900003353;4026212373387;;4026212373387_9900003353_RAL_5010.glb;models/output/4026212373387_9900003353_RAL_5010.glb;output;gtin
49454;9900003354;4026212373394;;4026212373394_9900003354_RAL_5010.glb;models/output/4026212373394_9900003354_RAL_5010.glb;output;gtin
49455;9900003355;4026212373400;;4026212373400_9900003355_RAL_5010.glb;models/output/4026212373400_9900003355_RAL_5010.glb;output;gtin
49456;9900003356;4026212373417;;4026212373417_9900003356_RAL_5010.glb;models/output/4026212373417_9900003356_RAL_5010.glb;output;gtin
49457;9900003357;4026212373424;;4026212373424_9900003357_RAL_5010.glb;models/output/4026212373424_9900003357_RAL_5010.glb;output;gtin
49458;9900003358;4026212373431;;4026212373431_9900003358_RAL_5010.glb;models/output/4026212373431_9900003358_RAL_5010.glb;output;gtin
49459;9900003359;4026212373448;;4026212373448_9900003359_RAL_5010.glb;models/output/4026212373448_9900003359_RAL_5010.glb;output;gtin
49460;9900003360;4026212373455;;4026212373455_9900003360_RAL_5010.glb;models/output/4026212373455_9900003360_RAL_5010.glb;output;gtin
49461;9900003361;4026212373462;;4026212373462_9900003361_RAL_5010.glb;models/output/4026212373462_9900003361_RAL_5010.glb;output;gtin
49462;9900003362;4026212373479;;4026212373479_9900003362_RAL_5010.glb;models/output/4026212373479_9900003362_RAL_5010.glb;output;gtin
49463;9900003363;4026212373486;;4026212373486_9900003363_RAL_5010.glb;models/output/4026212373486_9900003363_RAL_5010.glb;output;gtin
49464;9900003364;4026212373493;;4026212373493_9900003364_RAL_5010.glb;models/output/4026212373493_9900003364_RAL_5010.glb;output;gtin
49465;9900003365;4026212373509;;4026212373509_9900003365_RAL_5010.glb;models/output/4026212373509_9900003365_RAL_5010.glb;output;gtin
49466;9900003366;4026212373516;;4026212373516_9900003366_RAL_5010.glb;models/output/4026212373516_9900003366_RAL_5010.glb;output;gtin
49467;9900003367;4026212373523;;4026212373523_9900003367_RAL_5010.glb;models/output/4026212373523_9900003367_RAL_5010.glb;output;gtin
49468;9900003368;4026212373530;;4026212373530_9900003368_RAL_5010.glb;models/output/4026212373530_9900003368_RAL_5010.glb;output;gtin
49469;9900003369;4026212373547;;4026212373547_9900003369_RAL_5010.glb;models/output/4026212373547_9900003369_RAL_5010.glb;output;gtin
49470;9900003370;4026212373554;;4026212373554_9900003370_RAL_5010.glb;models/output/4026212373554_9900003370_RAL_5010.glb;output;gtin
49471;9900003371;4026212373561;;4026212373561_9900003371_RAL_5010.glb;models/output/4026212373561_9900003371_RAL_5010.glb;output;gtin
49472;9900003372;4026212373578;;4026212373578_9900003372_RAL_5010.glb;models/output/4026212373578_9900003372_RAL_5010.glb;output;gtin
49473;9900003373;4026212373585;;4026212373585_9900003373_RAL_5010.glb;models/output/4026212373585_9900003373_RAL_5010.glb;output;gtin
49474;9900003374;4026212373592;;4026212373592_9900003374_RAL_5010.glb;models/output/4026212373592_9900003374_RAL_5010.glb;output;gtin
49475;9900003375;4026212373608;;4026212373608_9900003375_RAL_5010.glb;models/output/4026212373608_9900003375_RAL_5010.glb;output;gtin
49476;9900003376;4026212373615;;4026212373615_9900003376_RAL_5010.glb;models/output/4026212373615_9900003376_RAL_5010.glb;output;gtin
49477;9900003377;4026212373622;;4026212373622_9900003377_RAL_5010.glb;models/output/4026212373622_9900003377_RAL_5010.glb;output;gtin
49478;9900003378;4026212373639;;4026212373639_9900003378_RAL_5010.glb;models/output/4026212373639_9900003378_RAL_5010.glb;output;gtin
49479;9900003379;4026212373646;;4026212373646_9900003379_RAL_5010.glb;models/output/4026212373646_9900003379_RAL_5010.glb;output;gtin
49480;9900003380;4026212373653;;4026212373653_9900003380_RAL_5010.glb;models/output/4026212373653_9900003380_RAL_5010.glb;output;gtin
49481;9900003381;4026212373660;;4026212373660_9900003381_RAL_5010.glb;models/output/4026212373660_9900003381_RAL_5010.glb;output;gtin
49482;9900003382;4026212373677;;4026212373677_9900003382_RAL_5010.glb;models/output/4026212373677_9900003382_RAL_5010.glb;output;gtin
49483;9900003383;4026212373684;;4026212373684_9900003383_RAL_5010.glb;models/output/4026212373684_9900003383_RAL_5010.glb;output;gtin
49484;9900003384;4026212373691;;4026212373691_9900003384_RAL_5010.glb;models/output/4026212373691_9900003384_RAL_5010.glb;output;gtin
49485;9900003385;4026212373707;;4026212373707_9900003385_RAL_5010.glb;models/output/4026212373707_9900003385_RAL_5010.glb;output;gtin
49486;9900003386;4026212373714;;4026212373714_9900003386_RAL_5010.glb;models/output/4026212373714_9900003386_RAL_5010.glb;output;gtin
49487;9900003387;4026212373721;;4026212373721_9900003387_RAL_5010.glb;models/output/4026212373721_9900003387_RAL_5010.glb;output;gtin
49488;9900003388;4026212373738;;4026212373738_9900003388_RAL_5010.glb;models/output/4026212373738_9900003388_RAL_5010.glb;output;gtin
49489;9900003389;4026212373745;;4026212373745_9900003389_RAL_5010.glb;models/output/4026212373745_9900003389_RAL_5010.glb;output;gtin
49490;9900003390;4026212373752;;4026212373752_9900003390_RAL_5010.glb;models/output/4026212373752_9900003390_RAL_5010.glb;output;gtin
49491;9900003391;4026212373769;;4026212373769_9900003391_RAL_5010.glb;models/output/4026212373769_9900003391_RAL_5010.glb;output;gtin
49492;9900003392;4026212373776;;4026212373776_9900003392_RAL_5010.glb;models/output/4026212373776_9900003392_RAL_5010.glb;output;gtin
49493;9900003393;4026212373783;;4026212373783_9900003393_RAL_5010.glb;models/output/4026212373783_9900003393_RAL_5010.glb;output;gtin
49494;9900003394;4026212373790;;4026212373790_9900003394_RAL_5010.glb;models/output/4026212373790_9900003394_RAL_5010.glb;output;gtin
49495;9900003395;4026212373806;;4026212373806_9900003395_RAL_5010.glb;models/output/4026212373806_9900003395_RAL_5010.glb;output;gtin
49496;9900003396;4026212373813;;4026212373813_9900003396_RAL_5010.glb;models/output/4026212373813_9900003396_RAL_5010.glb;output;gtin
49497;9900003397;4026212373820;;4026212373820_9900003397_RAL_5010.glb;models/output/4026212373820_9900003397_RAL_5010.glb;output;gtin
49498;9900003398;4026212373837;;4026212373837_9900003398_RAL_5010.glb;models/output/4026212373837_9900003398_RAL_5010.glb;output;gtin
49499;9900003399;4026212373844;;4026212373844_9900003399_RAL_5010.glb;models/output/4026212373844_9900003399_RAL_5010.glb;output;gtin
49500;9900003400;4026212373851;;4026212373851_9900003400_RAL_5010.glb;models/output/4026212373851_9900003400_RAL_5010.glb;output;gtin
49501;9900003401;4026212373868;;4026212373868_9900003401_RAL_5010.glb;models/output/4026212373868_9900003401_RAL_5010.glb;output;gtin
49502;9900003402;4026212373875;;4026212373875_9900003402_RAL_5010.glb;models/output/4026212373875_9900003402_RAL_5010.glb;output;gtin
49503;9900003403;4026212373882;;4026212373882_9900003403_RAL_5010.glb;models/output/4026212373882_9900003403_RAL_5010.glb;output;gtin
49504;9900003404;4026212373899;;4026212373899_9900003404_RAL_5010.glb;models/output/4026212373899_9900003404_RAL_5010.glb;output;gtin
49505;9900003405;4026212373905;;4026212373905_9900003405_RAL_5010.glb;models/output/4026212373905_9900003405_RAL_5010.glb;output;gtin
49506;9900003406;4026212373912;;4026212373912_9900003406_RAL_5010.glb;models/output/4026212373912_9900003406_RAL_5010.glb;output;gtin
49507;9900003407;4026212373929;;4026212373929_9900003407_RAL_5010.glb;models/output/4026212373929_9900003407_RAL_5010.glb;output;gtin
49508;9900003408;4026212373936;;4026212373936_9900003408_RAL_5010.glb;models/output/4026212373936_9900003408_RAL_5010.glb;output;gtin
49509;9900003409;4026212373943;;4026212373943_9900003409_RAL_5010.glb;models/output/4026212373943_9900003409_RAL_5010.glb;output;gtin
49510;9900003410;4026212373950;;4026212373950_9900003410_RAL_5010.glb;models/output/4026212373950_9900003410_RAL_5010.glb;output;gtin
49511;9900003411;4026212373967;;4026212373967_9900003411_RAL_5010.glb;models/output/4026212373967_9900003411_RAL_5010.glb;output;gtin
49512;9900003412;4026212373974;;4026212373974_9900003412_RAL_5010.glb;models/output/4026212373974_9900003412_RAL_5010.glb;output;gtin
49513;9900003413;4026212373981;;4026212373981_9900003413_RAL_5010.glb;models/output/4026212373981_9900003413_RAL_5010.glb;output;gtin
49514;9900003414;4026212373998;;4026212373998_9900003414_RAL_5010.glb;models/output/4026212373998_9900003414_RAL_5010.glb;output;gtin
49515;9900003415;4026212374001;;4026212374001_9900003415_RAL_5010.glb;models/output/4026212374001_9900003415_RAL_5010.glb;output;gtin
49516;9900003416;4026212374018;;4026212374018_9900003416_RAL_5010.glb;models/output/4026212374018_9900003416_RAL_5010.glb;output;gtin
49517;9900003417;4026212374025;;4026212374025_9900003417_RAL_5010.glb;models/output/4026212374025_9900003417_RAL_5010.glb;output;gtin
49518;9900003418;4026212374032;;4026212374032_9900003418_RAL_5010.glb;models/output/4026212374032_9900003418_RAL_5010.glb;output;gtin
49519;9900003419;4026212374049;;4026212374049_9900003419_RAL_5010.glb;models/output/4026212374049_9900003419_RAL_5010.glb;output;gtin
49520;9900003420;4026212374056;;4026212374056_9900003420_RAL_5010.glb;models/output/4026212374056_9900003420_RAL_5010.glb;output;gtin
49521;9900003421;4026212374063;;4026212374063_9900003421_RAL_5010.glb;models/output/4026212374063_9900003421_RAL_5010.glb;output;gtin
49522;9900003422;4026212374070;;4026212374070_9900003422_RAL_5010.glb;models/output/4026212374070_9900003422_RAL_5010.glb;output;gtin
49523;9900003423;4026212374087;;4026212374087_9900003423_RAL_5010.glb;models/output/4026212374087_9900003423_RAL_5010.glb;output;gtin
49524;9900003424;4026212374094;;4026212374094_9900003424_RAL_5010.glb;models/output/4026212374094_9900003424_RAL_5010.glb;output;gtin
49525;9900003425;4026212374100;;4026212374100_9900003425_RAL_5010.glb;models/output/4026212374100_9900003425_RAL_5010.glb;output;gtin
49526;9900003426;4026212374117;;4026212374117_9900003426_RAL_5010.glb;models/output/4026212374117_9900003426_RAL_5010.glb;output;gtin
49527;9900003427;4026212374124;;4026212374124_9900003427_RAL_5010.glb;models/output/4026212374124_9900003427_RAL_5010.glb;output;gtin
49528;9900003428;4026212374131;;4026212374131_9900003428_RAL_5010.glb;models/output/4026212374131_9900003428_RAL_5010.glb;output;gtin
49529;9900003429;4026212374148;;4026212374148_9900003429_RAL_5010.glb;models/output/4026212374148_9900003429_RAL_5010.glb;output;gtin
49530;9900003430;4026212374155;;4026212374155_9900003430_RAL_5010.glb;models/output/4026212374155_9900003430_RAL_5010.glb;output;gtin
49531;9900003431;4026212374162;;4026212374162_9900003431_RAL_5010.glb;models/output/4026212374162_9900003431_RAL_5010.glb;output;gtin
49532;9900003432;4026212374179;;4026212374179_9900003432_RAL_5010.glb;models/output/4026212374179_9900003432_RAL_5010.glb;output;gtin
49533;9900003433;4026212374186;;4026212374186_9900003433_RAL_5010.glb;models/output/4026212374186_9900003433_RAL_5010.glb;output;gtin
49534;9900003434;4026212374193;;4026212374193_9900003434_RAL_5010.glb;models/output/4026212374193_9900003434_RAL_5010.glb;output;gtin
49535;9900003435;4026212374209;;4026212374209_9900003435_RAL_5010.glb;models/output/4026212374209_9900003435_RAL_5010.glb;output;gtin
49536;9900003436;4026212374216;;4026212374216_9900003436_RAL_5010.glb;models/output/4026212374216_9900003436_RAL_5010.glb;output;gtin
49537;9900003437;4026212374223;;4026212374223_9900003437_RAL_5010.glb;models/output/4026212374223_9900003437_RAL_5010.glb;output;gtin
49538;9900003438;4026212374230;;4026212374230_9900003438_RAL_5010.glb;models/output/4026212374230_9900003438_RAL_5010.glb;output;gtin
49539;9900003439;4026212374247;;4026212374247_9900003439_RAL_5010.glb;models/output/4026212374247_9900003439_RAL_5010.glb;output;gtin
49540;9900003440;4026212374254;;4026212374254_9900003440_RAL_5010.glb;models/output/4026212374254_9900003440_RAL_5010.glb;output;gtin
49541;9900003441;4026212374261;;4026212374261_9900003441_RAL_5010.glb;models/output/4026212374261_9900003441_RAL_5010.glb;output;gtin
49542;9900003442;4026212374278;;4026212374278_9900003442_RAL_5010.glb;models/output/4026212374278_9900003442_RAL_5010.glb;output;gtin
49543;9900003443;4026212374285;;4026212374285_9900003443_RAL_5010.glb;models/output/4026212374285_9900003443_RAL_5010.glb;output;gtin
49544;9900003444;4026212374292;;4026212374292_9900003444_RAL_5010.glb;models/output/4026212374292_9900003444_RAL_5010.glb;output;gtin
49545;9900003445;4026212374308;;4026212374308_9900003445_RAL_5010.glb;models/output/4026212374308_9900003445_RAL_5010.glb;output;gtin
49546;9900003446;4026212374315;;4026212374315_9900003446_RAL_5010.glb;models/output/4026212374315_9900003446_RAL_5010.glb;output;gtin
49547;9900003447;4026212374322;;4026212374322_9900003447_RAL_5010.glb;models/output/4026212374322_9900003447_RAL_5010.glb;output;gtin
49548;9900003448;4026212374339;;4026212374339_9900003448_RAL_5010.glb;models/output/4026212374339_9900003448_RAL_5010.glb;output;gtin
49549;9900003449;4026212374346;;4026212374346_9900003449_RAL_5010.glb;models/output/4026212374346_9900003449_RAL_5010.glb;output;gtin
49550;9900003450;4026212374353;;4026212374353_9900003450_RAL_5010.glb;models/output/4026212374353_9900003450_RAL_5010.glb;output;gtin
49551;9900003451;4026212374360;;4026212374360_9900003451_RAL_5010.glb;models/output/4026212374360_9900003451_RAL_5010.glb;output;gtin
49552;9900003452;4026212374377;;4026212374377_9900003452_RAL_5010.glb;models/output/4026212374377_9900003452_RAL_5010.glb;output;gtin
49553;9900003453;4026212374384;;4026212374384_9900003453_RAL_5010.glb;models/output/4026212374384_9900003453_RAL_5010.glb;output;gtin
49554;9900003454;4026212374391;;4026212374391_9900003454_RAL_5010.glb;models/output/4026212374391_9900003454_RAL_5010.glb;output;gtin
49555;9900003455;4026212374407;;4026212374407_9900003455_RAL_5010.glb;models/output/4026212374407_9900003455_RAL_5010.glb;output;gtin
49556;9900003456;4026212374414;;4026212374414_9900003456_RAL_5010.glb;models/output/4026212374414_9900003456_RAL_5010.glb;output;gtin
49557;9900003457;4026212374421;;4026212374421_9900003457_RAL_5010.glb;models/output/4026212374421_9900003457_RAL_5010.glb;output;gtin
49558;9900003458;4026212374438;;4026212374438_9900003458_RAL_5010.glb;models/output/4026212374438_9900003458_RAL_5010.glb;output;gtin
49559;9900003459;4026212374445;;4026212374445_9900003459_RAL_5010.glb;models/output/4026212374445_9900003459_RAL_5010.glb;output;gtin
49560;9900003460;4026212374452;;4026212374452_9900003460_RAL_5010.glb;models/output/4026212374452_9900003460_RAL_5010.glb;output;gtin
49561;9900003461;4026212374469;;4026212374469_9900003461_RAL_5010.glb;models/output/4026212374469_9900003461_RAL_5010.glb;output;gtin
49562;9900003462;4026212374476;;4026212374476_9900003462_RAL_5010.glb;models/output/4026212374476_9900003462_RAL_5010.glb;output;gtin
49563;9900003463;4026212374483;;4026212374483_9900003463_RAL_5010.glb;models/output/4026212374483_9900003463_RAL_5010.glb;output;gtin
49564;9900003464;4026212374490;;4026212374490_9900003464_RAL_5010.glb;models/output/4026212374490_9900003464_RAL_5010.glb;output;gtin
49565;9900003465;4026212374506;;4026212374506_9900003465_RAL_5010.glb;models/output/4026212374506_9900003465_RAL_5010.glb;output;gtin
49566;9900003466;4026212374513;;4026212374513_9900003466_RAL_5010.glb;models/output/4026212374513_9900003466_RAL_5010.glb;output;gtin
49567;9900003467;4026212374520;;4026212374520_9900003467_RAL_5010.glb;models/output/4026212374520_9900003467_RAL_5010.glb;output;gtin
49568;9900003468;4026212374537;;4026212374537_9900003468_RAL_5010.glb;models/output/4026212374537_9900003468_RAL_5010.glb;output;gtin
49569;9900003469;4026212374544;;4026212374544_9900003469_RAL_5010.glb;models/output/4026212374544_9900003469_RAL_5010.glb;output;gtin
49570;9900003470;4026212374551;;4026212374551_9900003470_RAL_5010.glb;models/output/4026212374551_9900003470_RAL_5010.glb;output;gtin
49571;9900003471;4026212374568;;4026212374568_9900003471_RAL_5010.glb;models/output/4026212374568_9900003471_RAL_5010.glb;output;gtin
49572;9900003472;4026212374575;;4026212374575_9900003472_RAL_5010.glb;models/output/4026212374575_9900003472_RAL_5010.glb;output;gtin
49573;9900003473;4026212374582;;4026212374582_9900003473_RAL_5010.glb;models/output/4026212374582_9900003473_RAL_5010.glb;output;gtin
49574;9900003474;4026212374599;;4026212374599_9900003474_RAL_5010.glb;models/output/4026212374599_9900003474_RAL_5010.glb;output;gtin
49575;9900003475;4026212374605;;4026212374605_9900003475_RAL_5010.glb;models/output/4026212374605_9900003475_RAL_5010.glb;output;gtin
49576;9900003476;4026212374612;;4026212374612_9900003476_RAL_5010.glb;models/output/4026212374612_9900003476_RAL_5010.glb;output;gtin
49577;9900003477;4026212374629;;4026212374629_9900003477_RAL_5010.glb;models/output/4026212374629_9900003477_RAL_5010.glb;output;gtin
49578;9900003478;4026212374636;;4026212374636_9900003478_RAL_5010.glb;models/output/4026212374636_9900003478_RAL_5010.glb;output;gtin
49579;9900003479;4026212374643;;4026212374643_9900003479_RAL_5010.glb;models/output/4026212374643_9900003479_RAL_5010.glb;output;gtin
49580;9900003480;4026212374650;;4026212374650_9900003480_RAL_5010.glb;models/output/4026212374650_9900003480_RAL_5010.glb;output;gtin
49581;9900003481;4026212374667;;4026212374667_9900003481_RAL_5010.glb;models/output/4026212374667_9900003481_RAL_5010.glb;output;gtin
49582;9900003482;4026212374674;;4026212374674_9900003482_RAL_5010.glb;models/output/4026212374674_9900003482_RAL_5010.glb;output;gtin
49583;9900003483;4026212374681;;4026212374681_9900003483_RAL_5010.glb;models/output/4026212374681_9900003483_RAL_5010.glb;output;gtin
49584;9900003484;4026212374698;;4026212374698_9900003484_RAL_5010.glb;models/output/4026212374698_9900003484_RAL_5010.glb;output;gtin
49585;9900003485;4026212374704;;4026212374704_9900003485_RAL_5010.glb;models/output/4026212374704_9900003485_RAL_5010.glb;output;gtin
49586;9900003486;4026212374711;;4026212374711_9900003486_RAL_5010.glb;models/output/4026212374711_9900003486_RAL_5010.glb;output;gtin
49587;9900003487;4026212374728;;4026212374728_9900003487_RAL_5010.glb;models/output/4026212374728_9900003487_RAL_5010.glb;output;gtin
49588;9900003488;4026212374735;;4026212374735_9900003488_RAL_5010.glb;models/output/4026212374735_9900003488_RAL_5010.glb;output;gtin
49589;9900003489;4026212374742;;4026212374742_9900003489_RAL_5010.glb;models/output/4026212374742_9900003489_RAL_5010.glb;output;gtin
49590;9900003490;4026212374759;;4026212374759_9900003490_RAL_5010.glb;models/output/4026212374759_9900003490_RAL_5010.glb;output;gtin
49591;9900003491;4026212374766;;4026212374766_9900003491_RAL_5010.glb;models/output/4026212374766_9900003491_RAL_5010.glb;output;gtin
49592;9900003492;4026212374773;;4026212374773_9900003492_RAL_5010.glb;models/output/4026212374773_9900003492_RAL_5010.glb;output;gtin
49593;9900003493;4026212374780;;4026212374780_9900003493_RAL_5010.glb;models/output/4026212374780_9900003493_RAL_5010.glb;output;gtin
49594;9900003494;4026212374797;;4026212374797_9900003494_RAL_5010.glb;models/output/4026212374797_9900003494_RAL_5010.glb;output;gtin
49595;9900003495;4026212374803;;4026212374803_9900003495_RAL_5010.glb;models/output/4026212374803_9900003495_RAL_5010.glb;output;gtin
49596;9900003496;4026212374810;;4026212374810_9900003496_RAL_5010.glb;models/output/4026212374810_9900003496_RAL_5010.glb;output;gtin
49597;9900003497;4026212374827;;4026212374827_9900003497_RAL_5010.glb;models/output/4026212374827_9900003497_RAL_5010.glb;output;gtin
49598;9900003498;4026212374834;;4026212374834_9900003498_RAL_5010.glb;models/output/4026212374834_9900003498_RAL_5010.glb;output;gtin
49599;9900003499;4026212374841;;4026212374841_9900003499_RAL_5010.glb;models/output/4026212374841_9900003499_RAL_5010.glb;output;gtin
49600;9900003500;4026212374858;;4026212374858_9900003500_RAL_5010.glb;models/output/4026212374858_9900003500_RAL_5010.glb;output;gtin
49601;9900003501;4026212374865;;4026212374865_9900003501_RAL_5010.glb;models/output/4026212374865_9900003501_RAL_5010.glb;output;gtin
49602;9900003502;4026212374872;;4026212374872_9900003502_RAL_5010.glb;models/output/4026212374872_9900003502_RAL_5010.glb;output;gtin
49603;9900003503;4026212374889;;4026212374889_9900003503_RAL_5010.glb;models/output/4026212374889_9900003503_RAL_5010.glb;output;gtin
49604;9900003504;4026212374896;;4026212374896_9900003504_RAL_5010.glb;models/output/4026212374896_9900003504_RAL_5010.glb;output;gtin
49605;9900003505;4026212374902;;4026212374902_9900003505_RAL_5010.glb;models/output/4026212374902_9900003505_RAL_5010.glb;output;gtin
49606;9900003506;4026212374919;;4026212374919_9900003506_RAL_5010.glb;models/output/4026212374919_9900003506_RAL_5010.glb;output;gtin
49607;9900003507;4026212374926;;4026212374926_9900003507_RAL_5010.glb;models/output/4026212374926_9900003507_RAL_5010.glb;output;gtin
49608;9900003508;4026212374933;;4026212374933_9900003508_RAL_5010.glb;models/output/4026212374933_9900003508_RAL_5010.glb;output;gtin
49609;9900003509;4026212374940;;4026212374940_9900003509_RAL_5010.glb;models/output/4026212374940_9900003509_RAL_5010.glb;output;gtin
49610;9900003637;4026212374957;;4026212374957_9900003637_RAL_5010.glb;models/output/4026212374957_9900003637_RAL_5010.glb;output;gtin
49611;9900003638;4026212374964;;4026212374964_9900003638_RAL_5010.glb;models/output/4026212374964_9900003638_RAL_5010.glb;output;gtin
49612;9900003639;4026212374971;;4026212374971_9900003639_RAL_5010.glb;models/output/4026212374971_9900003639_RAL_5010.glb;output;gtin
49613;9900003640;4026212374988;;4026212374988_9900003640_RAL_5010.glb;models/output/4026212374988_9900003640_RAL_5010.glb;output;gtin
49614;9900003641;4026212374995;;4026212374995_9900003641_RAL_5010.glb;models/output/4026212374995_9900003641_RAL_5010.glb;output;gtin
49615;9900003642;4026212375008;;4026212375008_9900003642_RAL_5010.glb;models/output/4026212375008_9900003642_RAL_5010.glb;output;gtin
49616;9900003643;4026212375015;;4026212375015_9900003643_RAL_5010.glb;models/output/4026212375015_9900003643_RAL_5010.glb;output;gtin
49617;9900003644;4026212375022;;4026212375022_9900003644_RAL_5010.glb;models/output/4026212375022_9900003644_RAL_5010.glb;output;gtin
49618;9900003645;4026212375039;;4026212375039_9900003645_RAL_5010.glb;models/output/4026212375039_9900003645_RAL_5010.glb;output;gtin
49619;9900003646;4026212375046;;4026212375046_9900003646_RAL_5010.glb;models/output/4026212375046_9900003646_RAL_5010.glb;output;gtin
49620;9900003647;4026212375053;;4026212375053_9900003647_RAL_5010.glb;models/output/4026212375053_9900003647_RAL_5010.glb;output;gtin
49621;9900003648;4026212375060;;4026212375060_9900003648_RAL_5010.glb;models/output/4026212375060_9900003648_RAL_5010.glb;output;gtin
49622;9900003649;4026212375077;;4026212375077_9900003649_RAL_5010.glb;models/output/4026212375077_9900003649_RAL_5010.glb;output;gtin
49623;9900003650;4026212375084;;4026212375084_9900003650_RAL_5010.glb;models/output/4026212375084_9900003650_RAL_5010.glb;output;gtin
49624;9900003651;4026212375091;;4026212375091_9900003651_RAL_5010.glb;models/output/4026212375091_9900003651_RAL_5010.glb;output;gtin
49625;9900003652;4026212375107;;4026212375107_9900003652_RAL_5010.glb;models/output/4026212375107_9900003652_RAL_5010.glb;output;gtin
49626;9900003653;4026212375114;;4026212375114_9900003653_RAL_5010.glb;models/output/4026212375114_9900003653_RAL_5010.glb;output;gtin
49627;9900003654;4026212375121;;4026212375121_9900003654_RAL_5010.glb;models/output/4026212375121_9900003654_RAL_5010.glb;output;gtin
49628;9900003655;4026212375138;;4026212375138_9900003655_RAL_5010.glb;models/output/4026212375138_9900003655_RAL_5010.glb;output;gtin
49629;9900003656;4026212375145;;4026212375145_9900003656_RAL_5010.glb;models/output/4026212375145_9900003656_RAL_5010.glb;output;gtin
49630;9900003657;4026212375152;;4026212375152_9900003657_RAL_5010.glb;models/output/4026212375152_9900003657_RAL_5010.glb;output;gtin
49631;9900003658;4026212375169;;4026212375169_9900003658_RAL_5010.glb;models/output/4026212375169_9900003658_RAL_5010.glb;output;gtin
49632;9900003659;4026212375176;;4026212375176_9900003659_RAL_5010.glb;models/output/4026212375176_9900003659_RAL_5010.glb;output;gtin
49633;9900003660;4026212375183;;4026212375183_9900003660_RAL_5010.glb;models/output/4026212375183_9900003660_RAL_5010.glb;output;gtin
49634;9900003661;4026212375190;;4026212375190_9900003661_RAL_5010.glb;models/output/4026212375190_9900003661_RAL_5010.glb;output;gtin
49635;9900003662;4026212375206;;4026212375206_9900003662_RAL_5010.glb;models/output/4026212375206_9900003662_RAL_5010.glb;output;gtin
49636;9900003663;4026212375213;;4026212375213_9900003663_RAL_5010.glb;models/output/4026212375213_9900003663_RAL_5010.glb;output;gtin
49637;9900003664;4026212375220;;4026212375220_9900003664_RAL_5010.glb;models/output/4026212375220_9900003664_RAL_5010.glb;output;gtin
49638;9900003665;4026212375237;;4026212375237_9900003665_RAL_5010.glb;models/output/4026212375237_9900003665_RAL_5010.glb;output;gtin
49639;9900003666;4026212375244;;4026212375244_9900003666_RAL_5010.glb;models/output/4026212375244_9900003666_RAL_5010.glb;output;gtin
49640;9900003667;4026212375251;;4026212375251_9900003667_RAL_5010.glb;models/output/4026212375251_9900003667_RAL_5010.glb;output;gtin
49641;9900003668;4026212375268;;4026212375268_9900003668_RAL_5010.glb;models/output/4026212375268_9900003668_RAL_5010.glb;output;gtin
49642;9900003669;4026212375275;;4026212375275_9900003669_RAL_5010.glb;models/output/4026212375275_9900003669_RAL_5010.glb;output;gtin
49643;9900003670;4026212375282;;4026212375282_9900003670_RAL_5010.glb;models/output/4026212375282_9900003670_RAL_5010.glb;output;gtin
49644;9900003671;4026212375299;;4026212375299_9900003671_RAL_5010.glb;models/output/4026212375299_9900003671_RAL_5010.glb;output;gtin
49645;9900003672;4026212375305;;4026212375305_9900003672_RAL_5010.glb;models/output/4026212375305_9900003672_RAL_5010.glb;output;gtin
49646;9900003673;4026212375312;;4026212375312_9900003673_RAL_5010.glb;models/output/4026212375312_9900003673_RAL_5010.glb;output;gtin
49647;9900003674;4026212375329;;4026212375329_9900003674_RAL_5010.glb;models/output/4026212375329_9900003674_RAL_5010.glb;output;gtin
49648;9900003675;4026212375336;;4026212375336_9900003675_RAL_5010.glb;models/output/4026212375336_9900003675_RAL_5010.glb;output;gtin
49649;9900003676;4026212375343;;4026212375343_9900003676_RAL_5010.glb;models/output/4026212375343_9900003676_RAL_5010.glb;output;gtin
49650;9900003677;4026212375350;;4026212375350_9900003677_RAL_5010.glb;models/output/4026212375350_9900003677_RAL_5010.glb;output;gtin
49651;9900003678;4026212375367;;4026212375367_9900003678_RAL_5010.glb;models/output/4026212375367_9900003678_RAL_5010.glb;output;gtin
49652;9900003679;4026212375374;;4026212375374_9900003679_RAL_5010.glb;models/output/4026212375374_9900003679_RAL_5010.glb;output;gtin
49653;9900003680;4026212375381;;4026212375381_9900003680_RAL_5010.glb;models/output/4026212375381_9900003680_RAL_5010.glb;output;gtin
49654;9900003681;4026212375398;;4026212375398_9900003681_RAL_5010.glb;models/output/4026212375398_9900003681_RAL_5010.glb;output;gtin
49655;9900003682;4026212375404;;4026212375404_9900003682_RAL_5010.glb;models/output/4026212375404_9900003682_RAL_5010.glb;output;gtin
49656;9900003683;4026212375411;;4026212375411_9900003683_RAL_5010.glb;models/output/4026212375411_9900003683_RAL_5010.glb;output;gtin
49657;9900003684;4026212375428;;4026212375428_9900003684_RAL_5010.glb;models/output/4026212375428_9900003684_RAL_5010.glb;output;gtin
49658;9900003685;4026212375435;;4026212375435_9900003685_RAL_5010.glb;models/output/4026212375435_9900003685_RAL_5010.glb;output;gtin
49659;9900003686;4026212375442;;4026212375442_9900003686_RAL_5010.glb;models/output/4026212375442_9900003686_RAL_5010.glb;output;gtin
49660;9900003687;4026212375459;;4026212375459_9900003687_RAL_5010.glb;models/output/4026212375459_9900003687_RAL_5010.glb;output;gtin
49661;9900003688;4026212375466;;4026212375466_9900003688_RAL_5010.glb;models/output/4026212375466_9900003688_RAL_5010.glb;output;gtin
49662;9900003689;4026212375473;;4026212375473_9900003689_RAL_5010.glb;models/output/4026212375473_9900003689_RAL_5010.glb;output;gtin
49663;9900003690;4026212375480;;4026212375480_9900003690_RAL_5010.glb;models/output/4026212375480_9900003690_RAL_5010.glb;output;gtin
49664;9900003691;4026212375497;;4026212375497_9900003691_RAL_5010.glb;models/output/4026212375497_9900003691_RAL_5010.glb;output;gtin
49665;9900003692;4026212375503;;4026212375503_9900003692_RAL_5010.glb;models/output/4026212375503_9900003692_RAL_5010.glb;output;gtin
49666;9900003693;4026212375510;;4026212375510_9900003693_RAL_5010.glb;models/output/4026212375510_9900003693_RAL_5010.glb;output;gtin
49667;9900003694;4026212375527;;4026212375527_9900003694_RAL_5010.glb;models/output/4026212375527_9900003694_RAL_5010.glb;output;gtin
49668;9900003695;4026212375534;;4026212375534_9900003695_RAL_5010.glb;models/output/4026212375534_9900003695_RAL_5010.glb;output;gtin
49669;9900003696;4026212375541;;4026212375541_9900003696_RAL_5010.glb;models/output/4026212375541_9900003696_RAL_5010.glb;output;gtin
49670;9900003697;4026212375558;;4026212375558_9900003697_RAL_5010.glb;models/output/4026212375558_9900003697_RAL_5010.glb;output;gtin
49671;9900003698;4026212375565;;4026212375565_9900003698_RAL_5010.glb;models/output/4026212375565_9900003698_RAL_5010.glb;output;gtin
49672;9900003699;4026212375572;;4026212375572_9900003699_RAL_5010.glb;models/output/4026212375572_9900003699_RAL_5010.glb;output;gtin
49673;9900003700;4026212375589;;4026212375589_9900003700_RAL_5010.glb;models/output/4026212375589_9900003700_RAL_5010.glb;output;gtin
49674;9900003701;4026212375596;;4026212375596_9900003701_RAL_5010.glb;models/output/4026212375596_9900003701_RAL_5010.glb;output;gtin
49675;9900003702;4026212375602;;4026212375602_9900003702_RAL_5010.glb;models/output/4026212375602_9900003702_RAL_5010.glb;output;gtin
49676;9900003703;4026212375619;;4026212375619_9900003703_RAL_5010.glb;models/output/4026212375619_9900003703_RAL_5010.glb;output;gtin
49677;9900003704;4026212375626;;4026212375626_9900003704_RAL_5010.glb;models/output/4026212375626_9900003704_RAL_5010.glb;output;gtin
49678;9900003705;4026212375633;;4026212375633_9900003705_RAL_5010.glb;models/output/4026212375633_9900003705_RAL_5010.glb;output;gtin
49679;9900003706;4026212375640;;4026212375640_9900003706_RAL_5010.glb;models/output/4026212375640_9900003706_RAL_5010.glb;output;gtin
49680;9900003707;4026212375657;;4026212375657_9900003707_RAL_5010.glb;models/output/4026212375657_9900003707_RAL_5010.glb;output;gtin
49681;9900003708;4026212375664;;4026212375664_9900003708_RAL_5010.glb;models/output/4026212375664_9900003708_RAL_5010.glb;output;gtin
49682;9900003709;4026212375671;;4026212375671_9900003709_RAL_5010.glb;models/output/4026212375671_9900003709_RAL_5010.glb;output;gtin
49683;9900003710;4026212375688;;4026212375688_9900003710_RAL_5010.glb;models/output/4026212375688_9900003710_RAL_5010.glb;output;gtin
49684;9900003711;4026212375695;;4026212375695_9900003711_RAL_5010.glb;models/output/4026212375695_9900003711_RAL_5010.glb;output;gtin
49685;9900003712;4026212375701;;4026212375701_9900003712_RAL_5010.glb;models/output/4026212375701_9900003712_RAL_5010.glb;output;gtin
49686;9900003713;4026212375718;;4026212375718_9900003713_RAL_5010.glb;models/output/4026212375718_9900003713_RAL_5010.glb;output;gtin
49687;9900003714;4026212375725;;4026212375725_9900003714_RAL_5010.glb;models/output/4026212375725_9900003714_RAL_5010.glb;output;gtin
49688;9900003715;4026212375732;;4026212375732_9900003715_RAL_5010.glb;models/output/4026212375732_9900003715_RAL_5010.glb;output;gtin
49689;9900003716;4026212375749;;4026212375749_9900003716_RAL_5010.glb;models/output/4026212375749_9900003716_RAL_5010.glb;output;gtin
49690;9900003717;4026212375756;;4026212375756_9900003717_RAL_5010.glb;models/output/4026212375756_9900003717_RAL_5010.glb;output;gtin
49691;9900003718;4026212375763;;4026212375763_9900003718_RAL_5010.glb;models/output/4026212375763_9900003718_RAL_5010.glb;output;gtin
49692;9900003719;4026212375770;;4026212375770_9900003719_RAL_5010.glb;models/output/4026212375770_9900003719_RAL_5010.glb;output;gtin
49693;9900003720;4026212375787;;4026212375787_9900003720_RAL_5010.glb;models/output/4026212375787_9900003720_RAL_5010.glb;output;gtin
49694;9900003721;4026212375794;;4026212375794_9900003721_RAL_5010.glb;models/output/4026212375794_9900003721_RAL_5010.glb;output;gtin
49695;9900003722;4026212375800;;4026212375800_9900003722_RAL_5010.glb;models/output/4026212375800_9900003722_RAL_5010.glb;output;gtin
49696;9900003723;4026212375817;;4026212375817_9900003723_RAL_5010.glb;models/output/4026212375817_9900003723_RAL_5010.glb;output;gtin
49697;9900003724;4026212375824;;4026212375824_9900003724_RAL_5010.glb;models/output/4026212375824_9900003724_RAL_5010.glb;output;gtin
49698;9900003725;4026212375831;;4026212375831_9900003725_RAL_5010.glb;models/output/4026212375831_9900003725_RAL_5010.glb;output;gtin
49699;9900003726;4026212375848;;4026212375848_9900003726_RAL_5010.glb;models/output/4026212375848_9900003726_RAL_5010.glb;output;gtin
49700;9900003727;4026212375855;;4026212375855_9900003727_RAL_5010.glb;models/output/4026212375855_9900003727_RAL_5010.glb;output;gtin
49701;9900003728;4026212375862;;4026212375862_9900003728_RAL_5010.glb;models/output/4026212375862_9900003728_RAL_5010.glb;output;gtin
49702;9900003729;4026212375879;;4026212375879_9900003729_RAL_5010.glb;models/output/4026212375879_9900003729_RAL_5010.glb;output;gtin
49703;9900003730;4026212375886;;4026212375886_9900003730_RAL_5010.glb;models/output/4026212375886_9900003730_RAL_5010.glb;output;gtin
49704;9900003731;4026212375893;;4026212375893_9900003731_RAL_5010.glb;models/output/4026212375893_9900003731_RAL_5010.glb;output;gtin
49705;9900003732;4026212375909;;4026212375909_9900003732_RAL_5010.glb;models/output/4026212375909_9900003732_RAL_5010.glb;output;gtin
49706;9900003733;4026212375916;;4026212375916_9900003733_RAL_5010.glb;models/output/4026212375916_9900003733_RAL_5010.glb;output;gtin
49707;9900003734;4026212375923;;4026212375923_9900003734_RAL_5010.glb;models/output/4026212375923_9900003734_RAL_5010.glb;output;gtin
49708;9900003735;4026212375930;;4026212375930_9900003735_RAL_5010.glb;models/output/4026212375930_9900003735_RAL_5010.glb;output;gtin
49709;9900003736;4026212375947;;4026212375947_9900003736_RAL_5010.glb;models/output/4026212375947_9900003736_RAL_5010.glb;output;gtin
49710;9900003737;4026212375954;;4026212375954_9900003737_RAL_5010.glb;models/output/4026212375954_9900003737_RAL_5010.glb;output;gtin
49711;9900003738;4026212375961;;4026212375961_9900003738_RAL_5010.glb;models/output/4026212375961_9900003738_RAL_5010.glb;output;gtin
49712;9900003739;4026212375978;;4026212375978_9900003739_RAL_5010.glb;models/output/4026212375978_9900003739_RAL_5010.glb;output;gtin
49713;9900003740;4026212375985;;4026212375985_9900003740_RAL_5010.glb;models/output/4026212375985_9900003740_RAL_5010.glb;output;gtin
49714;9900003741;4026212375992;;4026212375992_9900003741_RAL_5010.glb;models/output/4026212375992_9900003741_RAL_5010.glb;output;gtin
49715;9900003742;4026212376005;;4026212376005_9900003742_RAL_5010.glb;models/output/4026212376005_9900003742_RAL_5010.glb;output;gtin
49716;9900003743;4026212376012;;4026212376012_9900003743_RAL_5010.glb;models/output/4026212376012_9900003743_RAL_5010.glb;output;gtin
49717;9900003744;4026212376029;;4026212376029_9900003744_RAL_5010.glb;models/output/4026212376029_9900003744_RAL_5010.glb;output;gtin
49718;9900003745;4026212376036;;4026212376036_9900003745_RAL_5010.glb;models/output/4026212376036_9900003745_RAL_5010.glb;output;gtin
49719;9900003746;4026212376043;;4026212376043_9900003746_RAL_5010.glb;models/output/4026212376043_9900003746_RAL_5010.glb;output;gtin
49720;9900003747;4026212376050;;4026212376050_9900003747_RAL_5010.glb;models/output/4026212376050_9900003747_RAL_5010.glb;output;gtin
49721;9900003748;4026212376067;;4026212376067_9900003748_RAL_5010.glb;models/output/4026212376067_9900003748_RAL_5010.glb;output;gtin
49722;9900003749;4026212376074;;4026212376074_9900003749_RAL_5010.glb;models/output/4026212376074_9900003749_RAL_5010.glb;output;gtin
49723;9900003750;4026212376081;;4026212376081_9900003750_RAL_5010.glb;models/output/4026212376081_9900003750_RAL_5010.glb;output;gtin
49724;9900003751;4026212376098;;4026212376098_9900003751_RAL_5010.glb;models/output/4026212376098_9900003751_RAL_5010.glb;output;gtin
49725;9900003752;4026212376104;;4026212376104_9900003752_RAL_5010.glb;models/output/4026212376104_9900003752_RAL_5010.glb;output;gtin
49726;9900003753;4026212376111;;4026212376111_9900003753_RAL_5010.glb;models/output/4026212376111_9900003753_RAL_5010.glb;output;gtin
49727;9900003754;4026212376128;;4026212376128_9900003754_RAL_5010.glb;models/output/4026212376128_9900003754_RAL_5010.glb;output;gtin
49728;9900003755;4026212376135;;4026212376135_9900003755_RAL_5010.glb;models/output/4026212376135_9900003755_RAL_5010.glb;output;gtin
49729;9900003756;4026212376142;;4026212376142_9900003756_RAL_5010.glb;models/output/4026212376142_9900003756_RAL_5010.glb;output;gtin
49730;9900003757;4026212376159;;4026212376159_9900003757_RAL_5010.glb;models/output/4026212376159_9900003757_RAL_5010.glb;output;gtin
49731;9900003758;4026212376166;;4026212376166_9900003758_RAL_5010.glb;models/output/4026212376166_9900003758_RAL_5010.glb;output;gtin
49732;9900003759;4026212376173;;4026212376173_9900003759_RAL_5010.glb;models/output/4026212376173_9900003759_RAL_5010.glb;output;gtin
49733;9900003760;4026212376180;;4026212376180_9900003760_RAL_5010.glb;models/output/4026212376180_9900003760_RAL_5010.glb;output;gtin
49734;9900003761;4026212376197;;4026212376197_9900003761_RAL_5010.glb;models/output/4026212376197_9900003761_RAL_5010.glb;output;gtin
49735;9900003762;4026212376203;;4026212376203_9900003762_RAL_5010.glb;models/output/4026212376203_9900003762_RAL_5010.glb;output;gtin
49736;9900003763;4026212376210;;4026212376210_9900003763_RAL_5010.glb;models/output/4026212376210_9900003763_RAL_5010.glb;output;gtin
49737;9900003764;4026212376227;;4026212376227_9900003764_RAL_5010.glb;models/output/4026212376227_9900003764_RAL_5010.glb;output;gtin
49738;9900003765;4026212376234;;4026212376234_9900003765_RAL_5010.glb;models/output/4026212376234_9900003765_RAL_5010.glb;output;gtin
49739;9900003766;4026212376241;;4026212376241_9900003766_RAL_5010.glb;models/output/4026212376241_9900003766_RAL_5010.glb;output;gtin
49740;9900003767;4026212376258;;4026212376258_9900003767_RAL_5010.glb;models/output/4026212376258_9900003767_RAL_5010.glb;output;gtin
49741;9900003768;4026212376265;;4026212376265_9900003768_RAL_5010.glb;models/output/4026212376265_9900003768_RAL_5010.glb;output;gtin
49742;9900003769;4026212376272;;4026212376272_9900003769_RAL_5010.glb;models/output/4026212376272_9900003769_RAL_5010.glb;output;gtin
49743;9900003770;4026212376289;;4026212376289_9900003770_RAL_5010.glb;models/output/4026212376289_9900003770_RAL_5010.glb;output;gtin
49744;9900003771;4026212376296;;4026212376296_9900003771_RAL_5010.glb;models/output/4026212376296_9900003771_RAL_5010.glb;output;gtin
49745;9900003772;4026212376302;;4026212376302_9900003772_RAL_5010.glb;models/output/4026212376302_9900003772_RAL_5010.glb;output;gtin
49746;9900003773;4026212376319;;4026212376319_9900003773_RAL_5010.glb;models/output/4026212376319_9900003773_RAL_5010.glb;output;gtin
49747;9900003774;4026212376326;;4026212376326_9900003774_RAL_5010.glb;models/output/4026212376326_9900003774_RAL_5010.glb;output;gtin
49748;9900003775;4026212376333;;4026212376333_9900003775_RAL_5010.glb;models/output/4026212376333_9900003775_RAL_5010.glb;output;gtin
49749;9900003776;4026212376340;;4026212376340_9900003776_RAL_5010.glb;models/output/4026212376340_9900003776_RAL_5010.glb;output;gtin
49750;9900003777;4026212376357;;4026212376357_9900003777_RAL_5010.glb;models/output/4026212376357_9900003777_RAL_5010.glb;output;gtin
49751;9900003778;4026212376364;;4026212376364_9900003778_RAL_5010.glb;models/output/4026212376364_9900003778_RAL_5010.glb;output;gtin
49752;9900003779;4026212376371;;4026212376371_9900003779_RAL_5010.glb;models/output/4026212376371_9900003779_RAL_5010.glb;output;gtin
49753;9900003780;4026212376388;;4026212376388_9900003780_RAL_5010.glb;models/output/4026212376388_9900003780_RAL_5010.glb;output;gtin
49754;9900003781;4026212376395;;4026212376395_9900003781_RAL_5010.glb;models/output/4026212376395_9900003781_RAL_5010.glb;output;gtin
49755;9900003782;4026212376401;;4026212376401_9900003782_RAL_5010.glb;models/output/4026212376401_9900003782_RAL_5010.glb;output;gtin
49756;9900003783;4026212376418;;4026212376418_9900003783_RAL_5010.glb;models/output/4026212376418_9900003783_RAL_5010.glb;output;gtin
49757;9900003784;4026212376425;;4026212376425_9900003784_RAL_5010.glb;models/output/4026212376425_9900003784_RAL_5010.glb;output;gtin
49758;9900003785;4026212376432;;4026212376432_9900003785_RAL_5010.glb;models/output/4026212376432_9900003785_RAL_5010.glb;output;gtin
49759;9900003786;4026212376449;;4026212376449_9900003786_RAL_5010.glb;models/output/4026212376449_9900003786_RAL_5010.glb;output;gtin
49760;9900003787;4026212376456;;4026212376456_9900003787_RAL_5010.glb;models/output/4026212376456_9900003787_RAL_5010.glb;output;gtin
49761;9900003788;4026212376463;;4026212376463_9900003788_RAL_5010.glb;models/output/4026212376463_9900003788_RAL_5010.glb;output;gtin
49762;9900003789;4026212376470;;4026212376470_9900003789_RAL_5010.glb;models/output/4026212376470_9900003789_RAL_5010.glb;output;gtin
49763;9900003790;4026212376487;;4026212376487_9900003790_RAL_5010.glb;models/output/4026212376487_9900003790_RAL_5010.glb;output;gtin
49764;9900003791;4026212376494;;4026212376494_9900003791_RAL_5010.glb;models/output/4026212376494_9900003791_RAL_5010.glb;output;gtin
49765;9900003792;4026212376500;;4026212376500_9900003792_RAL_5010.glb;models/output/4026212376500_9900003792_RAL_5010.glb;output;gtin
49766;9900003793;4026212376517;;4026212376517_9900003793_RAL_5010.glb;models/output/4026212376517_9900003793_RAL_5010.glb;output;gtin
49767;9900003794;4026212376524;;4026212376524_9900003794_RAL_5010.glb;models/output/4026212376524_9900003794_RAL_5010.glb;output;gtin
49768;9900003795;4026212376531;;4026212376531_9900003795_RAL_5010.glb;models/output/4026212376531_9900003795_RAL_5010.glb;output;gtin
49769;9900003796;4026212376548;;4026212376548_9900003796_RAL_5010.glb;models/output/4026212376548_9900003796_RAL_5010.glb;output;gtin
49770;9900003797;4026212376555;;4026212376555_9900003797_RAL_5010.glb;models/output/4026212376555_9900003797_RAL_5010.glb;output;gtin
49771;9900003798;4026212376562;;4026212376562_9900003798_RAL_5010.glb;models/output/4026212376562_9900003798_RAL_5010.glb;output;gtin
49772;9900003799;4026212376579;;4026212376579_9900003799_RAL_5010.glb;models/output/4026212376579_9900003799_RAL_5010.glb;output;gtin
49773;9900003800;4026212376586;;4026212376586_9900003800_RAL_5010.glb;models/output/4026212376586_9900003800_RAL_5010.glb;output;gtin
49774;9900003801;4026212376593;;4026212376593_9900003801_RAL_5010.glb;models/output/4026212376593_9900003801_RAL_5010.glb;output;gtin
49775;9900003802;4026212376609;;4026212376609_9900003802_RAL_5010.glb;models/output/4026212376609_9900003802_RAL_5010.glb;output;gtin
49776;9900003803;4026212376616;;4026212376616_9900003803_RAL_5010.glb;models/output/4026212376616_9900003803_RAL_5010.glb;output;gtin
49777;9900003804;4026212376623;;4026212376623_9900003804_RAL_5010.glb;models/output/4026212376623_9900003804_RAL_5010.glb;output;gtin
49778;9900003805;4026212376630;;4026212376630_9900003805_RAL_5010.glb;models/output/4026212376630_9900003805_RAL_5010.glb;output;gtin
49779;9900003806;4026212376647;;4026212376647_9900003806_RAL_5010.glb;models/output/4026212376647_9900003806_RAL_5010.glb;output;gtin
49780;9900003807;4026212376654;;4026212376654_9900003807_RAL_5010.glb;models/output/4026212376654_9900003807_RAL_5010.glb;output;gtin
49781;9900003808;4026212376661;;4026212376661_9900003808_RAL_5010.glb;models/output/4026212376661_9900003808_RAL_5010.glb;output;gtin
49782;9900003809;4026212376678;;4026212376678_9900003809_RAL_5010.glb;models/output/4026212376678_9900003809_RAL_5010.glb;output;gtin
49783;9900003810;4026212376685;;4026212376685_9900003810_RAL_5010.glb;models/output/4026212376685_9900003810_RAL_5010.glb;output;gtin
49784;9900003811;4026212376692;;4026212376692_9900003811_RAL_5010.glb;models/output/4026212376692_9900003811_RAL_5010.glb;output;gtin
49785;9900003812;4026212376708;;4026212376708_9900003812_RAL_5010.glb;models/output/4026212376708_9900003812_RAL_5010.glb;output;gtin
49786;9900003813;4026212376715;;4026212376715_9900003813_RAL_5010.glb;models/output/4026212376715_9900003813_RAL_5010.glb;output;gtin
49787;9900003814;4026212376722;;4026212376722_9900003814_RAL_5010.glb;models/output/4026212376722_9900003814_RAL_5010.glb;output;gtin
49788;9900003815;4026212376739;;4026212376739_9900003815_RAL_5010.glb;models/output/4026212376739_9900003815_RAL_5010.glb;output;gtin
49789;9900003816;4026212376746;;4026212376746_9900003816_RAL_5010.glb;models/output/4026212376746_9900003816_RAL_5010.glb;output;gtin
49790;9900003817;4026212376753;;4026212376753_9900003817_RAL_5010.glb;models/output/4026212376753_9900003817_RAL_5010.glb;output;gtin
49791;9900003818;4026212376760;;4026212376760_9900003818_RAL_5010.glb;models/output/4026212376760_9900003818_RAL_5010.glb;output;gtin
49792;9900003819;4026212376777;;4026212376777_9900003819_RAL_5010.glb;models/output/4026212376777_9900003819_RAL_5010.glb;output;gtin
49793;9900003820;4026212376784;;4026212376784_9900003820_RAL_5010.glb;models/output/4026212376784_9900003820_RAL_5010.glb;output;gtin
49794;9900003821;4026212376791;;4026212376791_9900003821_RAL_5010.glb;models/output/4026212376791_9900003821_RAL_5010.glb;output;gtin
49795;9900003822;4026212376807;;4026212376807_9900003822_RAL_5010.glb;models/output/4026212376807_9900003822_RAL_5010.glb;output;gtin
49796;9900003823;4026212376814;;4026212376814_9900003823_RAL_5010.glb;models/output/4026212376814_9900003823_RAL_5010.glb;output;gtin
49797;9900003824;4026212376821;;4026212376821_9900003824_RAL_5010.glb;models/output/4026212376821_9900003824_RAL_5010.glb;output;gtin
49798;9900003825;4026212376838;;4026212376838_9900003825_RAL_5010.glb;models/output/4026212376838_9900003825_RAL_5010.glb;output;gtin
49799;9900003826;4026212376845;;4026212376845_9900003826_RAL_5010.glb;models/output/4026212376845_9900003826_RAL_5010.glb;output;gtin
49800;9900003827;4026212376852;;4026212376852_9900003827_RAL_5010.glb;models/output/4026212376852_9900003827_RAL_5010.glb;output;gtin
49801;9900003828;4026212376869;;4026212376869_9900003828_RAL_5010.glb;models/output/4026212376869_9900003828_RAL_5010.glb;output;gtin
49802;9900003829;4026212376876;;4026212376876_9900003829_RAL_5010.glb;models/output/4026212376876_9900003829_RAL_5010.glb;output;gtin
49803;9900003830;4026212376883;;4026212376883_9900003830_RAL_5010.glb;models/output/4026212376883_9900003830_RAL_5010.glb;output;gtin
49804;9900003831;4026212376890;;4026212376890_9900003831_RAL_5010.glb;models/output/4026212376890_9900003831_RAL_5010.glb;output;gtin
49805;9900003832;4026212376906;;4026212376906_9900003832_RAL_5010.glb;models/output/4026212376906_9900003832_RAL_5010.glb;output;gtin
49806;9900003833;4026212376913;;4026212376913_9900003833_RAL_5010.glb;models/output/4026212376913_9900003833_RAL_5010.glb;output;gtin
49807;9900003834;4026212376920;;4026212376920_9900003834_RAL_5010.glb;models/output/4026212376920_9900003834_RAL_5010.glb;output;gtin
49808;9900003835;4026212376937;;4026212376937_9900003835_RAL_5010.glb;models/output/4026212376937_9900003835_RAL_5010.glb;output;gtin
49809;9900003836;4026212376944;;4026212376944_9900003836_RAL_5010.glb;models/output/4026212376944_9900003836_RAL_5010.glb;output;gtin
49810;9900003837;4026212376951;;4026212376951_9900003837_RAL_5010.glb;models/output/4026212376951_9900003837_RAL_5010.glb;output;gtin
49811;9900003838;4026212376968;;4026212376968_9900003838_RAL_5010.glb;models/output/4026212376968_9900003838_RAL_5010.glb;output;gtin
49812;9900003839;4026212376975;;4026212376975_9900003839_RAL_5010.glb;models/output/4026212376975_9900003839_RAL_5010.glb;output;gtin
49813;9900003840;4026212376982;;4026212376982_9900003840_RAL_5010.glb;models/output/4026212376982_9900003840_RAL_5010.glb;output;gtin
49814;9900003841;4026212376999;;4026212376999_9900003841_RAL_5010.glb;models/output/4026212376999_9900003841_RAL_5010.glb;output;gtin
49815;9900003842;4026212377002;;4026212377002_9900003842_RAL_5010.glb;models/output/4026212377002_9900003842_RAL_5010.glb;output;gtin
49816;9900003843;4026212377019;;4026212377019_9900003843_RAL_5010.glb;models/output/4026212377019_9900003843_RAL_5010.glb;output;gtin
49817;9900003844;4026212377026;;4026212377026_9900003844_RAL_5010.glb;models/output/4026212377026_9900003844_RAL_5010.glb;output;gtin
49818;9900003845;4026212377033;;4026212377033_9900003845_RAL_5010.glb;models/output/4026212377033_9900003845_RAL_5010.glb;output;gtin
49819;9900003846;4026212377040;;4026212377040_9900003846_RAL_5010.glb;models/output/4026212377040_9900003846_RAL_5010.glb;output;gtin
49820;9900003847;4026212377057;;4026212377057_9900003847_RAL_5010.glb;models/output/4026212377057_9900003847_RAL_5010.glb;output;gtin
49821;9900003848;4026212377064;;4026212377064_9900003848_RAL_5010.glb;models/output/4026212377064_9900003848_RAL_5010.glb;output;gtin
49822;9900003849;4026212377071;;4026212377071_9900003849_RAL_5010.glb;models/output/4026212377071_9900003849_RAL_5010.glb;output;gtin
49823;9900003850;4026212377088;;4026212377088_9900003850_RAL_5010.glb;models/output/4026212377088_9900003850_RAL_5010.glb;output;gtin
49824;9900003851;4026212377095;;4026212377095_9900003851_RAL_5010.glb;models/output/4026212377095_9900003851_RAL_5010.glb;output;gtin
49825;9900003852;4026212377101;;4026212377101_9900003852_RAL_5010.glb;models/output/4026212377101_9900003852_RAL_5010.glb;output;gtin
49826;9900003853;4026212377118;;4026212377118_9900003853_RAL_5010.glb;models/output/4026212377118_9900003853_RAL_5010.glb;output;gtin
49827;9900003854;4026212377125;;4026212377125_9900003854_RAL_5010.glb;models/output/4026212377125_9900003854_RAL_5010.glb;output;gtin
49828;9900003855;4026212377132;;4026212377132_9900003855_RAL_5010.glb;models/output/4026212377132_9900003855_RAL_5010.glb;output;gtin
49829;9900003856;4026212377149;;4026212377149_9900003856_RAL_5010.glb;models/output/4026212377149_9900003856_RAL_5010.glb;output;gtin
49830;9900003857;4026212377156;;4026212377156_9900003857_RAL_5010.glb;models/output/4026212377156_9900003857_RAL_5010.glb;output;gtin
49831;9900003858;4026212377163;;4026212377163_9900003858_RAL_5010.glb;models/output/4026212377163_9900003858_RAL_5010.glb;output;gtin
49832;9900003859;4026212377170;;4026212377170_9900003859_RAL_5010.glb;models/output/4026212377170_9900003859_RAL_5010.glb;output;gtin
49833;9900003860;4026212377187;;4026212377187_9900003860_RAL_5010.glb;models/output/4026212377187_9900003860_RAL_5010.glb;output;gtin
49834;9900003861;4026212377194;;4026212377194_9900003861_RAL_5010.glb;models/output/4026212377194_9900003861_RAL_5010.glb;output;gtin
49835;9900003862;4026212377200;;4026212377200_9900003862_RAL_5010.glb;models/output/4026212377200_9900003862_RAL_5010.glb;output;gtin
49836;9900003863;4026212377217;;4026212377217_9900003863_RAL_5010.glb;models/output/4026212377217_9900003863_RAL_5010.glb;output;gtin
49837;9900003864;4026212377224;;4026212377224_9900003864_RAL_5010.glb;models/output/4026212377224_9900003864_RAL_5010.glb;output;gtin
49838;9900003865;4026212377231;;4026212377231_9900003865_RAL_5010.glb;models/output/4026212377231_9900003865_RAL_5010.glb;output;gtin
49839;9900003866;4026212377248;;4026212377248_9900003866_RAL_5010.glb;models/output/4026212377248_9900003866_RAL_5010.glb;output;gtin
49840;9900003867;4026212377255;;4026212377255_9900003867_RAL_5010.glb;models/output/4026212377255_9900003867_RAL_5010.glb;output;gtin
49841;9900003868;4026212377262;;4026212377262_9900003868_RAL_5010.glb;models/output/4026212377262_9900003868_RAL_5010.glb;output;gtin
49842;9900003869;4026212377279;;4026212377279_9900003869_RAL_5010.glb;models/output/4026212377279_9900003869_RAL_5010.glb;output;gtin
49843;9900003870;4026212377286;;4026212377286_9900003870_RAL_5010.glb;models/output/4026212377286_9900003870_RAL_5010.glb;output;gtin
49844;9900003871;4026212377293;;4026212377293_9900003871_RAL_5010.glb;models/output/4026212377293_9900003871_RAL_5010.glb;output;gtin
49845;9900003872;4026212377309;;4026212377309_9900003872_RAL_5010.glb;models/output/4026212377309_9900003872_RAL_5010.glb;output;gtin
49846;9900003873;4026212377316;;4026212377316_9900003873_RAL_5010.glb;models/output/4026212377316_9900003873_RAL_5010.glb;output;gtin
49847;9900003874;4026212377323;;4026212377323_9900003874_RAL_5010.glb;models/output/4026212377323_9900003874_RAL_5010.glb;output;gtin
49848;9900003875;4026212377330;;4026212377330_9900003875_RAL_5010.glb;models/output/4026212377330_9900003875_RAL_5010.glb;output;gtin
49849;9900003876;4026212377347;;4026212377347_9900003876_RAL_5010.glb;models/output/4026212377347_9900003876_RAL_5010.glb;output;gtin
49850;9900003877;4026212377354;;4026212377354_9900003877_RAL_5010.glb;models/output/4026212377354_9900003877_RAL_5010.glb;output;gtin
49851;9900003878;4026212377361;;4026212377361_9900003878_RAL_5010.glb;models/output/4026212377361_9900003878_RAL_5010.glb;output;gtin
49852;9900003879;4026212377378;;4026212377378_9900003879_RAL_5010.glb;models/output/4026212377378_9900003879_RAL_5010.glb;output;gtin
49853;9900003880;4026212377385;;4026212377385_9900003880_RAL_5010.glb;models/output/4026212377385_9900003880_RAL_5010.glb;output;gtin
49854;9900003881;4026212377392;;4026212377392_9900003881_RAL_5010.glb;models/output/4026212377392_9900003881_RAL_5010.glb;output;gtin
49855;9900003882;4026212377408;;4026212377408_9900003882_RAL_5010.glb;models/output/4026212377408_9900003882_RAL_5010.glb;output;gtin
49856;9900003883;4026212377415;;4026212377415_9900003883_RAL_5010.glb;models/output/4026212377415_9900003883_RAL_5010.glb;output;gtin
49857;9900003884;4026212377422;;4026212377422_9900003884_RAL_5010.glb;models/output/4026212377422_9900003884_RAL_5010.glb;output;gtin
49858;9900003885;4026212377439;;4026212377439_9900003885_RAL_5010.glb;models/output/4026212377439_9900003885_RAL_5010.glb;output;gtin
49859;9900003886;4026212377446;;4026212377446_9900003886_RAL_5010.glb;models/output/4026212377446_9900003886_RAL_5010.glb;output;gtin
49860;9900003887;4026212377453;;4026212377453_9900003887_RAL_5010.glb;models/output/4026212377453_9900003887_RAL_5010.glb;output;gtin
49861;9900003888;4026212377460;;4026212377460_9900003888_RAL_5010.glb;models/output/4026212377460_9900003888_RAL_5010.glb;output;gtin
49862;9900003889;4026212377477;;4026212377477_9900003889_RAL_5010.glb;models/output/4026212377477_9900003889_RAL_5010.glb;output;gtin
49863;9900003890;4026212377484;;4026212377484_9900003890_RAL_5010.glb;models/output/4026212377484_9900003890_RAL_5010.glb;output;gtin
49864;9900003891;4026212377491;;4026212377491_9900003891_RAL_5010.glb;models/output/4026212377491_9900003891_RAL_5010.glb;output;gtin
49865;9900003892;4026212377507;;4026212377507_9900003892_RAL_5010.glb;models/output/4026212377507_9900003892_RAL_5010.glb;output;gtin
49866;9900003893;4026212377514;;4026212377514_9900003893_RAL_5010.glb;models/output/4026212377514_9900003893_RAL_5010.glb;output;gtin
49867;9900003894;4026212377521;;4026212377521_9900003894_RAL_5010.glb;models/output/4026212377521_9900003894_RAL_5010.glb;output;gtin
49868;9900003895;4026212377538;;4026212377538_9900003895_RAL_5010.glb;models/output/4026212377538_9900003895_RAL_5010.glb;output;gtin
49869;9900003896;4026212377545;;4026212377545_9900003896_RAL_5010.glb;models/output/4026212377545_9900003896_RAL_5010.glb;output;gtin
49870;9900003897;4026212377552;;4026212377552_9900003897_RAL_5010.glb;models/output/4026212377552_9900003897_RAL_5010.glb;output;gtin
49871;9900003898;4026212377569;;4026212377569_9900003898_RAL_5010.glb;models/output/4026212377569_9900003898_RAL_5010.glb;output;gtin
49872;9900003899;4026212377576;;4026212377576_9900003899_RAL_5010.glb;models/output/4026212377576_9900003899_RAL_5010.glb;output;gtin
49873;9900003900;4026212377583;;4026212377583_9900003900_RAL_5010.glb;models/output/4026212377583_9900003900_RAL_5010.glb;output;gtin
49874;9900003901;4026212377590;;4026212377590_9900003901_RAL_5010.glb;models/output/4026212377590_9900003901_RAL_5010.glb;output;gtin
49875;9900003902;4026212377606;;4026212377606_9900003902_RAL_5010.glb;models/output/4026212377606_9900003902_RAL_5010.glb;output;gtin
49876;9900003903;4026212377613;;4026212377613_9900003903_RAL_5010.glb;models/output/4026212377613_9900003903_RAL_5010.glb;output;gtin
49877;9900003904;4026212377620;;4026212377620_9900003904_RAL_5010.glb;models/output/4026212377620_9900003904_RAL_5010.glb;output;gtin
49878;9900003905;4026212377637;;4026212377637_9900003905_RAL_5010.glb;models/output/4026212377637_9900003905_RAL_5010.glb;output;gtin
49879;9900003906;4026212377644;;4026212377644_9900003906_RAL_5010.glb;models/output/4026212377644_9900003906_RAL_5010.glb;output;gtin
49880;9900003907;4026212377651;;4026212377651_9900003907_RAL_5010.glb;models/output/4026212377651_9900003907_RAL_5010.glb;output;gtin
49881;9900003908;4026212377668;;4026212377668_9900003908_RAL_5010.glb;models/output/4026212377668_9900003908_RAL_5010.glb;output;gtin
49882;9900003909;4026212377675;;4026212377675_9900003909_RAL_5010.glb;models/output/4026212377675_9900003909_RAL_5010.glb;output;gtin
49883;9900003910;4026212377682;;4026212377682_9900003910_RAL_5010.glb;models/output/4026212377682_9900003910_RAL_5010.glb;output;gtin
49884;9900003911;4026212377699;;4026212377699_9900003911_RAL_5010.glb;models/output/4026212377699_9900003911_RAL_5010.glb;output;gtin
49885;9900003912;4026212377705;;4026212377705_9900003912_RAL_5010.glb;models/output/4026212377705_9900003912_RAL_5010.glb;output;gtin
49886;9900003913;4026212377712;;4026212377712_9900003913_RAL_5010.glb;models/output/4026212377712_9900003913_RAL_5010.glb;output;gtin
49887;9900003914;4026212377729;;4026212377729_9900003914_RAL_5010.glb;models/output/4026212377729_9900003914_RAL_5010.glb;output;gtin
49888;9900003915;4026212377736;;4026212377736_9900003915_RAL_5010.glb;models/output/4026212377736_9900003915_RAL_5010.glb;output;gtin
49889;9900003916;4026212377743;;4026212377743_9900003916_RAL_5010.glb;models/output/4026212377743_9900003916_RAL_5010.glb;output;gtin
49890;9900003917;4026212377750;;4026212377750_9900003917_RAL_5010.glb;models/output/4026212377750_9900003917_RAL_5010.glb;output;gtin
49891;9900003918;4026212377767;;4026212377767_9900003918_RAL_5010.glb;models/output/4026212377767_9900003918_RAL_5010.glb;output;gtin
49892;9900003919;4026212377774;;4026212377774_9900003919_RAL_5010.glb;models/output/4026212377774_9900003919_RAL_5010.glb;output;gtin
49893;9900003920;4026212377781;;4026212377781_9900003920_RAL_5010.glb;models/output/4026212377781_9900003920_RAL_5010.glb;output;gtin
49894;9900003921;4026212377798;;4026212377798_9900003921_RAL_5010.glb;models/output/4026212377798_9900003921_RAL_5010.glb;output;gtin
49895;9900003922;4026212377804;;4026212377804_9900003922_RAL_5010.glb;models/output/4026212377804_9900003922_RAL_5010.glb;output;gtin
49896;9900003923;4026212377811;;4026212377811_9900003923_RAL_5010.glb;models/output/4026212377811_9900003923_RAL_5010.glb;output;gtin
49897;9900003924;4026212377828;;4026212377828_9900003924_RAL_5010.glb;models/output/4026212377828_9900003924_RAL_5010.glb;output;gtin
49898;9900003925;4026212377835;;4026212377835_9900003925_RAL_5010.glb;models/output/4026212377835_9900003925_RAL_5010.glb;output;gtin
49899;9900003926;4026212377842;;4026212377842_9900003926_RAL_5010.glb;models/output/4026212377842_9900003926_RAL_5010.glb;output;gtin
49900;9900003927;4026212377859;;4026212377859_9900003927_RAL_5010.glb;models/output/4026212377859_9900003927_RAL_5010.glb;output;gtin
49901;9900003928;4026212377866;;4026212377866_9900003928_RAL_5010.glb;models/output/4026212377866_9900003928_RAL_5010.glb;output;gtin
49902;9900003929;4026212377873;;4026212377873_9900003929_RAL_5010.glb;models/output/4026212377873_9900003929_RAL_5010.glb;output;gtin
49903;9900003930;4026212377880;;4026212377880_9900003930_RAL_5010.glb;models/output/4026212377880_9900003930_RAL_5010.glb;output;gtin
49904;9900003931;4026212377897;;4026212377897_9900003931_RAL_5010.glb;models/output/4026212377897_9900003931_RAL_5010.glb;output;gtin
49905;9900003932;4026212377903;;4026212377903_9900003932_RAL_5010.glb;models/output/4026212377903_9900003932_RAL_5010.glb;output;gtin
49906;9900003933;4026212377910;;4026212377910_9900003933_RAL_5010.glb;models/output/4026212377910_9900003933_RAL_5010.glb;output;gtin
49907;9900003934;4026212377927;;4026212377927_9900003934_RAL_5010.glb;models/output/4026212377927_9900003934_RAL_5010.glb;output;gtin
49908;9900003935;4026212377934;;4026212377934_9900003935_RAL_5010.glb;models/output/4026212377934_9900003935_RAL_5010.glb;output;gtin
49909;9900003936;4026212377941;;4026212377941_9900003936_RAL_5010.glb;models/output/4026212377941_9900003936_RAL_5010.glb;output;gtin
49910;9900003937;4026212377958;;4026212377958_9900003937_RAL_5010.glb;models/output/4026212377958_9900003937_RAL_5010.glb;output;gtin
49911;9900003938;4026212377965;;4026212377965_9900003938_RAL_5010.glb;models/output/4026212377965_9900003938_RAL_5010.glb;output;gtin
49912;9900003939;4026212377972;;4026212377972_9900003939_RAL_5010.glb;models/output/4026212377972_9900003939_RAL_5010.glb;output;gtin
49913;9900003940;4026212377989;;4026212377989_9900003940_RAL_5010.glb;models/output/4026212377989_9900003940_RAL_5010.glb;output;gtin
49914;9900003941;4026212377996;;4026212377996_9900003941_RAL_5010.glb;models/output/4026212377996_9900003941_RAL_5010.glb;output;gtin
49915;9900003942;4026212378009;;4026212378009_9900003942_RAL_5010.glb;models/output/4026212378009_9900003942_RAL_5010.glb;output;gtin
49916;9900003943;4026212378016;;4026212378016_9900003943_RAL_5010.glb;models/output/4026212378016_9900003943_RAL_5010.glb;output;gtin
49917;9900003944;4026212378023;;4026212378023_9900003944_RAL_5010.glb;models/output/4026212378023_9900003944_RAL_5010.glb;output;gtin
49918;9900003945;4026212378030;;4026212378030_9900003945_RAL_5010.glb;models/output/4026212378030_9900003945_RAL_5010.glb;output;gtin
49919;9900003946;4026212378047;;4026212378047_9900003946_RAL_5010.glb;models/output/4026212378047_9900003946_RAL_5010.glb;output;gtin
49920;9900003947;4026212378054;;4026212378054_9900003947_RAL_5010.glb;models/output/4026212378054_9900003947_RAL_5010.glb;output;gtin
49921;9900003948;4026212378061;;4026212378061_9900003948_RAL_5010.glb;models/output/4026212378061_9900003948_RAL_5010.glb;output;gtin
49922;9900003949;4026212378078;;4026212378078_9900003949_RAL_5010.glb;models/output/4026212378078_9900003949_RAL_5010.glb;output;gtin
49923;9900003950;4026212378085;;4026212378085_9900003950_RAL_5010.glb;models/output/4026212378085_9900003950_RAL_5010.glb;output;gtin
49924;9900003951;4026212378092;;4026212378092_9900003951_RAL_5010.glb;models/output/4026212378092_9900003951_RAL_5010.glb;output;gtin
49925;9900003952;4026212378108;;4026212378108_9900003952_RAL_5010.glb;models/output/4026212378108_9900003952_RAL_5010.glb;output;gtin
49926;9900003953;4026212378115;;4026212378115_9900003953_RAL_5010.glb;models/output/4026212378115_9900003953_RAL_5010.glb;output;gtin
49927;9900003954;4026212378122;;4026212378122_9900003954_RAL_5010.glb;models/output/4026212378122_9900003954_RAL_5010.glb;output;gtin
49928;9900003955;4026212378139;;4026212378139_9900003955_RAL_5010.glb;models/output/4026212378139_9900003955_RAL_5010.glb;output;gtin
49929;9900003956;4026212378146;;4026212378146_9900003956_RAL_5010.glb;models/output/4026212378146_9900003956_RAL_5010.glb;output;gtin
49930;9900003957;4026212378153;;4026212378153_9900003957_RAL_5010.glb;models/output/4026212378153_9900003957_RAL_5010.glb;output;gtin
49931;9900003958;4026212378160;;4026212378160_9900003958_RAL_5010.glb;models/output/4026212378160_9900003958_RAL_5010.glb;output;gtin
49932;9900003959;4026212378177;;4026212378177_9900003959_RAL_5010.glb;models/output/4026212378177_9900003959_RAL_5010.glb;output;gtin
49933;9900003960;4026212378184;;4026212378184_9900003960_RAL_5010.glb;models/output/4026212378184_9900003960_RAL_5010.glb;output;gtin
49934;9900003961;4026212378191;;4026212378191_9900003961_RAL_5010.glb;models/output/4026212378191_9900003961_RAL_5010.glb;output;gtin
49935;9900003962;4026212378207;;4026212378207_9900003962_RAL_5010.glb;models/output/4026212378207_9900003962_RAL_5010.glb;output;gtin
49936;9900003963;4026212378214;;4026212378214_9900003963_RAL_5010.glb;models/output/4026212378214_9900003963_RAL_5010.glb;output;gtin
49937;9900003964;4026212378221;;4026212378221_9900003964_RAL_5010.glb;models/output/4026212378221_9900003964_RAL_5010.glb;output;gtin
49938;9900003965;4026212378238;;4026212378238_9900003965_RAL_5010.glb;models/output/4026212378238_9900003965_RAL_5010.glb;output;gtin
49939;9900003966;4026212378245;;4026212378245_9900003966_RAL_5010.glb;models/output/4026212378245_9900003966_RAL_5010.glb;output;gtin
49940;9900003967;4026212378252;;4026212378252_9900003967_RAL_5010.glb;models/output/4026212378252_9900003967_RAL_5010.glb;output;gtin
49941;9900003968;4026212378269;;4026212378269_9900003968_RAL_5010.glb;models/output/4026212378269_9900003968_RAL_5010.glb;output;gtin
49942;9900003969;4026212378276;;4026212378276_9900003969_RAL_5010.glb;models/output/4026212378276_9900003969_RAL_5010.glb;output;gtin
49943;9900003970;4026212378283;;4026212378283_9900003970_RAL_5010.glb;models/output/4026212378283_9900003970_RAL_5010.glb;output;gtin
49944;9900003971;4026212378290;;4026212378290_9900003971_RAL_5010.glb;models/output/4026212378290_9900003971_RAL_5010.glb;output;gtin
49945;9900003972;4026212378306;;4026212378306_9900003972_RAL_5010.glb;models/output/4026212378306_9900003972_RAL_5010.glb;output;gtin
49946;9900003973;4026212378313;;4026212378313_9900003973_RAL_5010.glb;models/output/4026212378313_9900003973_RAL_5010.glb;output;gtin
49947;9900003974;4026212378320;;4026212378320_9900003974_RAL_5010.glb;models/output/4026212378320_9900003974_RAL_5010.glb;output;gtin
49948;9900003975;4026212378337;;4026212378337_9900003975_RAL_5010.glb;models/output/4026212378337_9900003975_RAL_5010.glb;output;gtin
49949;9900003976;4026212378344;;4026212378344_9900003976_RAL_5010.glb;models/output/4026212378344_9900003976_RAL_5010.glb;output;gtin
49950;9900003977;4026212378351;;4026212378351_9900003977_RAL_5010.glb;models/output/4026212378351_9900003977_RAL_5010.glb;output;gtin
49951;9900003978;4026212378368;;4026212378368_9900003978_RAL_5010.glb;models/output/4026212378368_9900003978_RAL_5010.glb;output;gtin
49952;9900003979;4026212378375;;4026212378375_9900003979_RAL_5010.glb;models/output/4026212378375_9900003979_RAL_5010.glb;output;gtin
49953;9900003980;4026212378382;;4026212378382_9900003980_RAL_5010.glb;models/output/4026212378382_9900003980_RAL_5010.glb;output;gtin
49954;9900003981;4026212378399;;4026212378399_9900003981_RAL_5010.glb;models/output/4026212378399_9900003981_RAL_5010.glb;output;gtin
49955;9900003982;4026212378405;;4026212378405_9900003982_RAL_5010.glb;models/output/4026212378405_9900003982_RAL_5010.glb;output;gtin
49956;9900003983;4026212378412;;4026212378412_9900003983_RAL_5010.glb;models/output/4026212378412_9900003983_RAL_5010.glb;output;gtin
49957;9900003984;4026212378429;;4026212378429_9900003984_RAL_5010.glb;models/output/4026212378429_9900003984_RAL_5010.glb;output;gtin
49958;9900003985;4026212378436;;4026212378436_9900003985_RAL_5010.glb;models/output/4026212378436_9900003985_RAL_5010.glb;output;gtin
49959;9900003986;4026212378443;;4026212378443_9900003986_RAL_5010.glb;models/output/4026212378443_9900003986_RAL_5010.glb;output;gtin
49960;9900003987;4026212378450;;4026212378450_9900003987_RAL_5010.glb;models/output/4026212378450_9900003987_RAL_5010.glb;output;gtin
49961;9900003988;4026212378467;;4026212378467_9900003988_RAL_5010.glb;models/output/4026212378467_9900003988_RAL_5010.glb;output;gtin
49962;9900003989;4026212378474;;4026212378474_9900003989_RAL_5010.glb;models/output/4026212378474_9900003989_RAL_5010.glb;output;gtin
49963;9900003990;4026212378481;;4026212378481_9900003990_RAL_5010.glb;models/output/4026212378481_9900003990_RAL_5010.glb;output;gtin
49964;9900003991;4026212378498;;4026212378498_9900003991_RAL_5010.glb;models/output/4026212378498_9900003991_RAL_5010.glb;output;gtin
49965;9900003992;4026212378504;;4026212378504_9900003992_RAL_5010.glb;models/output/4026212378504_9900003992_RAL_5010.glb;output;gtin
49966;9900003993;4026212378511;;4026212378511_9900003993_RAL_5010.glb;models/output/4026212378511_9900003993_RAL_5010.glb;output;gtin
49967;9900003994;4026212378528;;4026212378528_9900003994_RAL_5010.glb;models/output/4026212378528_9900003994_RAL_5010.glb;output;gtin
49968;9900003995;4026212378535;;4026212378535_9900003995_RAL_5010.glb;models/output/4026212378535_9900003995_RAL_5010.glb;output;gtin
49969;9900003996;4026212378542;;4026212378542_9900003996_RAL_5010.glb;models/output/4026212378542_9900003996_RAL_5010.glb;output;gtin
49970;9900003997;4026212378559;;4026212378559_9900003997_RAL_5010.glb;models/output/4026212378559_9900003997_RAL_5010.glb;output;gtin
49971;9900003998;4026212378566;;4026212378566_9900003998_RAL_5010.glb;models/output/4026212378566_9900003998_RAL_5010.glb;output;gtin
49972;9900003999;4026212378573;;4026212378573_9900003999_RAL_5010.glb;models/output/4026212378573_9900003999_RAL_5010.glb;output;gtin
49973;9900004000;4026212378580;;4026212378580_9900004000_RAL_5010.glb;models/output/4026212378580_9900004000_RAL_5010.glb;output;gtin
49974;9900004001;4026212378597;;4026212378597_9900004001_RAL_5010.glb;models/output/4026212378597_9900004001_RAL_5010.glb;output;gtin
49975;9900004002;4026212378603;;4026212378603_9900004002_RAL_5010.glb;models/output/4026212378603_9900004002_RAL_5010.glb;output;gtin
49976;9900004003;4026212378610;;4026212378610_9900004003_RAL_5010.glb;models/output/4026212378610_9900004003_RAL_5010.glb;output;gtin
49977;9900004004;4026212378627;;4026212378627_9900004004_RAL_5010.glb;models/output/4026212378627_9900004004_RAL_5010.glb;output;gtin
49978;9900004005;4026212378634;;4026212378634_9900004005_RAL_5010.glb;models/output/4026212378634_9900004005_RAL_5010.glb;output;gtin
49979;9900004006;4026212378641;;4026212378641_9900004006_RAL_5010.glb;models/output/4026212378641_9900004006_RAL_5010.glb;output;gtin
49980;9900004007;4026212378658;;4026212378658_9900004007_RAL_5010.glb;models/output/4026212378658_9900004007_RAL_5010.glb;output;gtin
49981;9900004008;4026212378665;;4026212378665_9900004008_RAL_5010.glb;models/output/4026212378665_9900004008_RAL_5010.glb;output;gtin
49982;9900004009;4026212378672;;4026212378672_9900004009_RAL_5010.glb;models/output/4026212378672_9900004009_RAL_5010.glb;output;gtin
49983;9900004010;4026212378689;;4026212378689_9900004010_RAL_5010.glb;models/output/4026212378689_9900004010_RAL_5010.glb;output;gtin
49984;9900004011;4026212378696;;4026212378696_9900004011_RAL_5010.glb;models/output/4026212378696_9900004011_RAL_5010.glb;output;gtin
49985;9900004012;4026212378702;;4026212378702_9900004012_RAL_5010.glb;models/output/4026212378702_9900004012_RAL_5010.glb;output;gtin
49986;9900004013;4026212378719;;4026212378719_9900004013_RAL_5010.glb;models/output/4026212378719_9900004013_RAL_5010.glb;output;gtin
49987;9900004014;4026212378726;;4026212378726_9900004014_RAL_5010.glb;models/output/4026212378726_9900004014_RAL_5010.glb;output;gtin
49988;9900004015;4026212378733;;4026212378733_9900004015_RAL_5010.glb;models/output/4026212378733_9900004015_RAL_5010.glb;output;gtin
49989;9900004016;4026212378740;;4026212378740_9900004016_RAL_5010.glb;models/output/4026212378740_9900004016_RAL_5010.glb;output;gtin
49990;9900004017;4026212378757;;4026212378757_9900004017_RAL_5010.glb;models/output/4026212378757_9900004017_RAL_5010.glb;output;gtin
49991;9900004018;4026212378764;;4026212378764_9900004018_RAL_5010.glb;models/output/4026212378764_9900004018_RAL_5010.glb;output;gtin
49992;9900004019;4026212378771;;4026212378771_9900004019_RAL_5010.glb;models/output/4026212378771_9900004019_RAL_5010.glb;output;gtin
49993;9900004020;4026212378788;;4026212378788_9900004020_RAL_5010.glb;models/output/4026212378788_9900004020_RAL_5010.glb;output;gtin
49994;9900004021;4026212378795;;4026212378795_9900004021_RAL_5010.glb;models/output/4026212378795_9900004021_RAL_5010.glb;output;gtin
49995;9900004022;4026212378801;;4026212378801_9900004022_RAL_5010.glb;models/output/4026212378801_9900004022_RAL_5010.glb;output;gtin
49996;9900004023;4026212378818;;4026212378818_9900004023_RAL_5010.glb;models/output/4026212378818_9900004023_RAL_5010.glb;output;gtin
49997;9900004024;4026212378825;;4026212378825_9900004024_RAL_5010.glb;models/output/4026212378825_9900004024_RAL_5010.glb;output;gtin
49998;9900004025;4026212378832;;4026212378832_9900004025_RAL_5010.glb;models/output/4026212378832_9900004025_RAL_5010.glb;output;gtin
49999;9900004026;4026212378849;;4026212378849_9900004026_RAL_5010.glb;models/output/4026212378849_9900004026_RAL_5010.glb;output;gtin
50000;9900004027;4026212378856;;4026212378856_9900004027_RAL_5010.glb;models/output/4026212378856_9900004027_RAL_5010.glb;output;gtin
50001;9900004028;4026212378863;;4026212378863_9900004028_RAL_5010.glb;models/output/4026212378863_9900004028_RAL_5010.glb;output;gtin
50002;9900004029;4026212378870;;4026212378870_9900004029_RAL_5010.glb;models/output/4026212378870_9900004029_RAL_5010.glb;output;gtin
50003;9900004030;4026212378887;;4026212378887_9900004030_RAL_5010.glb;models/output/4026212378887_9900004030_RAL_5010.glb;output;gtin
50004;9900004031;4026212378894;;4026212378894_9900004031_RAL_5010.glb;models/output/4026212378894_9900004031_RAL_5010.glb;output;gtin
50005;9900004032;4026212378900;;4026212378900_9900004032_RAL_5010.glb;models/output/4026212378900_9900004032_RAL_5010.glb;output;gtin
50006;9900004033;4026212378917;;4026212378917_9900004033_RAL_5010.glb;models/output/4026212378917_9900004033_RAL_5010.glb;output;gtin
50007;9900004034;4026212378924;;4026212378924_9900004034_RAL_5010.glb;models/output/4026212378924_9900004034_RAL_5010.glb;output;gtin
50008;9900004035;4026212378931;;4026212378931_9900004035_RAL_5010.glb;models/output/4026212378931_9900004035_RAL_5010.glb;output;gtin
50009;9900004036;4026212378948;;4026212378948_9900004036_RAL_5010.glb;models/output/4026212378948_9900004036_RAL_5010.glb;output;gtin
50010;9900004037;4026212378955;;4026212378955_9900004037_RAL_5010.glb;models/output/4026212378955_9900004037_RAL_5010.glb;output;gtin
50011;9900004038;4026212378962;;4026212378962_9900004038_RAL_5010.glb;models/output/4026212378962_9900004038_RAL_5010.glb;output;gtin
50012;9900004039;4026212378979;;4026212378979_9900004039_RAL_5010.glb;models/output/4026212378979_9900004039_RAL_5010.glb;output;gtin
50013;9900004040;4026212378986;;4026212378986_9900004040_RAL_5010.glb;models/output/4026212378986_9900004040_RAL_5010.glb;output;gtin
50014;9900004041;4026212378993;;4026212378993_9900004041_RAL_5010.glb;models/output/4026212378993_9900004041_RAL_5010.glb;output;gtin
50015;9900004042;4026212379006;;4026212379006_9900004042_RAL_5010.glb;models/output/4026212379006_9900004042_RAL_5010.glb;output;gtin
50016;9900004043;4026212379013;;4026212379013_9900004043_RAL_5010.glb;models/output/4026212379013_9900004043_RAL_5010.glb;output;gtin
50017;9900004044;4026212379020;;4026212379020_9900004044_RAL_5010.glb;models/output/4026212379020_9900004044_RAL_5010.glb;output;gtin
50018;9900004045;4026212379037;;4026212379037_9900004045_RAL_5010.glb;models/output/4026212379037_9900004045_RAL_5010.glb;output;gtin
50019;9900004046;4026212379044;;4026212379044_9900004046_RAL_5010.glb;models/output/4026212379044_9900004046_RAL_5010.glb;output;gtin
50020;9900004047;4026212379051;;4026212379051_9900004047_RAL_5010.glb;models/output/4026212379051_9900004047_RAL_5010.glb;output;gtin
50021;9900004048;4026212379068;;4026212379068_9900004048_RAL_5010.glb;models/output/4026212379068_9900004048_RAL_5010.glb;output;gtin
50022;9900004049;4026212379075;;4026212379075_9900004049_RAL_5010.glb;models/output/4026212379075_9900004049_RAL_5010.glb;output;gtin
50023;9900004050;4026212379082;;4026212379082_9900004050_RAL_5010.glb;models/output/4026212379082_9900004050_RAL_5010.glb;output;gtin
50024;9900004051;4026212379099;;4026212379099_9900004051_RAL_5010.glb;models/output/4026212379099_9900004051_RAL_5010.glb;output;gtin
50025;9900004052;4026212379105;;4026212379105_9900004052_RAL_5010.glb;models/output/4026212379105_9900004052_RAL_5010.glb;output;gtin
50026;9900004053;4026212379112;;4026212379112_9900004053_RAL_5010.glb;models/output/4026212379112_9900004053_RAL_5010.glb;output;gtin
50027;9900004054;4026212379129;;4026212379129_9900004054_RAL_5010.glb;models/output/4026212379129_9900004054_RAL_5010.glb;output;gtin
50028;9900004055;4026212379136;;4026212379136_9900004055_RAL_5010.glb;models/output/4026212379136_9900004055_RAL_5010.glb;output;gtin
50029;9900004056;4026212379143;;4026212379143_9900004056_RAL_5010.glb;models/output/4026212379143_9900004056_RAL_5010.glb;output;gtin
50030;9900004057;4026212379150;;4026212379150_9900004057_RAL_5010.glb;models/output/4026212379150_9900004057_RAL_5010.glb;output;gtin
50031;9900004058;4026212379167;;4026212379167_9900004058_RAL_5010.glb;models/output/4026212379167_9900004058_RAL_5010.glb;output;gtin
50032;9900004059;4026212379174;;4026212379174_9900004059_RAL_5010.glb;models/output/4026212379174_9900004059_RAL_5010.glb;output;gtin
50033;9900004060;4026212379181;;4026212379181_9900004060_RAL_5010.glb;models/output/4026212379181_9900004060_RAL_5010.glb;output;gtin
50034;9900004061;4026212379198;;4026212379198_9900004061_RAL_5010.glb;models/output/4026212379198_9900004061_RAL_5010.glb;output;gtin
50035;9900004062;4026212379204;;4026212379204_9900004062_RAL_5010.glb;models/output/4026212379204_9900004062_RAL_5010.glb;output;gtin
50036;9900004063;4026212379211;;4026212379211_9900004063_RAL_5010.glb;models/output/4026212379211_9900004063_RAL_5010.glb;output;gtin
50037;9900004064;4026212379228;;4026212379228_9900004064_RAL_5010.glb;models/output/4026212379228_9900004064_RAL_5010.glb;output;gtin
50038;9900004065;4026212379235;;4026212379235_9900004065_RAL_5010.glb;models/output/4026212379235_9900004065_RAL_5010.glb;output;gtin
50039;9900004066;4026212379242;;4026212379242_9900004066_RAL_5010.glb;models/output/4026212379242_9900004066_RAL_5010.glb;output;gtin
50040;9900004067;4026212379259;;4026212379259_9900004067_RAL_5010.glb;models/output/4026212379259_9900004067_RAL_5010.glb;output;gtin
50041;9900004068;4026212379266;;4026212379266_9900004068_RAL_5010.glb;models/output/4026212379266_9900004068_RAL_5010.glb;output;gtin
50042;9900004069;4026212379273;;4026212379273_9900004069_RAL_5010.glb;models/output/4026212379273_9900004069_RAL_5010.glb;output;gtin
50043;9900004070;4026212379280;;4026212379280_9900004070_RAL_5010.glb;models/output/4026212379280_9900004070_RAL_5010.glb;output;gtin
50044;9900004071;4026212379297;;4026212379297_9900004071_RAL_5010.glb;models/output/4026212379297_9900004071_RAL_5010.glb;output;gtin
50045;9900004072;4026212379303;;4026212379303_9900004072_RAL_5010.glb;models/output/4026212379303_9900004072_RAL_5010.glb;output;gtin
50046;9900004073;4026212379310;;4026212379310_9900004073_RAL_5010.glb;models/output/4026212379310_9900004073_RAL_5010.glb;output;gtin
50047;9900004074;4026212379327;;4026212379327_9900004074_RAL_5010.glb;models/output/4026212379327_9900004074_RAL_5010.glb;output;gtin
50048;9900004075;4026212379334;;4026212379334_9900004075_RAL_5010.glb;models/output/4026212379334_9900004075_RAL_5010.glb;output;gtin
50049;9900004076;4026212379341;;4026212379341_9900004076_RAL_5010.glb;models/output/4026212379341_9900004076_RAL_5010.glb;output;gtin
50050;9900004077;4026212379358;;4026212379358_9900004077_RAL_5010.glb;models/output/4026212379358_9900004077_RAL_5010.glb;output;gtin
50051;9900004078;4026212379365;;4026212379365_9900004078_RAL_5010.glb;models/output/4026212379365_9900004078_RAL_5010.glb;output;gtin
50052;9900004079;4026212379372;;4026212379372_9900004079_RAL_5010.glb;models/output/4026212379372_9900004079_RAL_5010.glb;output;gtin
50053;9900004080;4026212379389;;4026212379389_9900004080_RAL_5010.glb;models/output/4026212379389_9900004080_RAL_5010.glb;output;gtin
50054;9900004081;4026212379396;;4026212379396_9900004081_RAL_5010.glb;models/output/4026212379396_9900004081_RAL_5010.glb;output;gtin
50055;9900004082;4026212379402;;4026212379402_9900004082_RAL_5010.glb;models/output/4026212379402_9900004082_RAL_5010.glb;output;gtin
50056;9900004083;4026212379419;;4026212379419_9900004083_RAL_5010.glb;models/output/4026212379419_9900004083_RAL_5010.glb;output;gtin
50057;9900004084;4026212379426;;4026212379426_9900004084_RAL_5010.glb;models/output/4026212379426_9900004084_RAL_5010.glb;output;gtin
50058;9900004085;4026212379433;;4026212379433_9900004085_RAL_5010.glb;models/output/4026212379433_9900004085_RAL_5010.glb;output;gtin
50059;9900004086;4026212379440;;4026212379440_9900004086_RAL_5010.glb;models/output/4026212379440_9900004086_RAL_5010.glb;output;gtin
50060;9900004087;4026212379457;;4026212379457_9900004087_RAL_5010.glb;models/output/4026212379457_9900004087_RAL_5010.glb;output;gtin
50061;9900004088;4026212379464;;4026212379464_9900004088_RAL_5010.glb;models/output/4026212379464_9900004088_RAL_5010.glb;output;gtin
50062;9900004089;4026212379471;;4026212379471_9900004089_RAL_5010.glb;models/output/4026212379471_9900004089_RAL_5010.glb;output;gtin
50063;9900004090;4026212379488;;4026212379488_9900004090_RAL_5010.glb;models/output/4026212379488_9900004090_RAL_5010.glb;output;gtin
50074;9900005759;4026212392661;;4026212392661_9900005759_VZK.glb;models/output/4026212392661_9900005759_VZK.glb;output;gtin
50075;9900005762;4026212392685;;4026212392685_9900005762_VZK.glb;models/output/4026212392685_9900005762_VZK.glb;output;gtin
50076;9900005790;4026212392920;;4026212392920_9900005790_VZK.glb;models/output/4026212392920_9900005790_VZK.glb;output;gtin
50077;9900005791;4026212392937;;4026212392937_9900005791_VZK.glb;models/output/4026212392937_9900005791_VZK.glb;output;gtin
50078;9900005792;4026212392944;;4026212392944_9900005792_VZK.glb;models/output/4026212392944_9900005792_VZK.glb;output;gtin
50079;9900005793;4026212392951;;4026212392951_9900005793_VZK.glb;models/output/4026212392951_9900005793_VZK.glb;output;gtin
50080;9900005794;4026212392968;;4026212392968_9900005794_RAL_5010.glb;models/output/4026212392968_9900005794_RAL_5010.glb;output;gtin
50081;9900005795;4026212392975;;4026212392975_9900005795_RAL_5010.glb;models/output/4026212392975_9900005795_RAL_5010.glb;output;gtin
50082;9900005796;4026212392982;;4026212392982_9900005796_RAL_5010.glb;models/output/4026212392982_9900005796_RAL_5010.glb;output;gtin
50083;9900005797;4026212392999;;4026212392999_9900005797_RAL_5010.glb;models/output/4026212392999_9900005797_RAL_5010.glb;output;gtin
50084;9900005798;4026212393002;;4026212393002_9900005798_RAL_5010.glb;models/output/4026212393002_9900005798_RAL_5010.glb;output;gtin
50085;9900005799;4026212393019;;4026212393019_9900005799_RAL_5010.glb;models/output/4026212393019_9900005799_RAL_5010.glb;output;gtin
50086;9900005801;4026212393026;;4026212393026_9900005801_RAL_5010.glb;models/output/4026212393026_9900005801_RAL_5010.glb;output;gtin
50087;9900005802;4026212393033;;4026212393033_9900005802_RAL_5010.glb;models/output/4026212393033_9900005802_RAL_5010.glb;output;gtin
50088;9900005803;4026212393040;;4026212393040_9900005803_RAL_5010.glb;models/output/4026212393040_9900005803_RAL_5010.glb;output;gtin
50089;9900005804;4026212393057;;4026212393057_9900005804_RAL_5010.glb;models/output/4026212393057_9900005804_RAL_5010.glb;output;gtin
50090;9900005805;4026212393064;;4026212393064_9900005805_RAL_5010.glb;models/output/4026212393064_9900005805_RAL_5010.glb;output;gtin
50091;9900005806;4026212393071;;4026212393071_9900005806_RAL_5010.glb;models/output/4026212393071_9900005806_RAL_5010.glb;output;gtin
50092;9900005807;4026212393088;;4026212393088_9900005807_RAL_5010.glb;models/output/4026212393088_9900005807_RAL_5010.glb;output;gtin
50093;9900005808;4026212393095;;4026212393095_9900005808_RAL_5010.glb;models/output/4026212393095_9900005808_RAL_5010.glb;output;gtin
50094;9900005809;4026212393101;;4026212393101_9900005809_RAL_5010.glb;models/output/4026212393101_9900005809_RAL_5010.glb;output;gtin
50095;9900005810;4026212393118;;4026212393118_9900005810_RAL_5010.glb;models/output/4026212393118_9900005810_RAL_5010.glb;output;gtin
50096;9900005811;4026212393125;;4026212393125_9900005811_RAL_5010.glb;models/output/4026212393125_9900005811_RAL_5010.glb;output;gtin
50097;9900005812;4026212393132;;4026212393132_9900005812_RAL_5010.glb;models/output/4026212393132_9900005812_RAL_5010.glb;output;gtin
50098;9900005814;4026212393149;;4026212393149_9900005814_RAL_5010.glb;models/output/4026212393149_9900005814_RAL_5010.glb;output;gtin
50099;9900005815;4026212393156;;4026212393156_9900005815_RAL_5010.glb;models/output/4026212393156_9900005815_RAL_5010.glb;output;gtin
50100;9900005816;4026212393163;;4026212393163_9900005816_RAL_5010.glb;models/output/4026212393163_9900005816_RAL_5010.glb;output;gtin
50101;9900005817;4026212393170;;4026212393170_9900005817_RAL_5010.glb;models/output/4026212393170_9900005817_RAL_5010.glb;output;gtin
50102;9900005818;4026212393187;;4026212393187_9900005818_RAL_5010.glb;models/output/4026212393187_9900005818_RAL_5010.glb;output;gtin
50103;9900005819;4026212393194;;4026212393194_9900005819_RAL_5010.glb;models/output/4026212393194_9900005819_RAL_5010.glb;output;gtin
50104;9900005820;4026212393200;;4026212393200_9900005820_RAL_5010.glb;models/output/4026212393200_9900005820_RAL_5010.glb;output;gtin
50105;9900005821;4026212393217;;4026212393217_9900005821_RAL_5010.glb;models/output/4026212393217_9900005821_RAL_5010.glb;output;gtin
50106;9900005822;4026212393224;;4026212393224_9900005822_RAL_5010.glb;models/output/4026212393224_9900005822_RAL_5010.glb;output;gtin
50107;9900005823;4026212393231;;4026212393231_9900005823_RAL_5010.glb;models/output/4026212393231_9900005823_RAL_5010.glb;output;gtin
50108;9900005824;4026212393248;;4026212393248_9900005824_RAL_5010.glb;models/output/4026212393248_9900005824_RAL_5010.glb;output;gtin
50109;9900005825;4026212393255;;4026212393255_9900005825_RAL_5010.glb;models/output/4026212393255_9900005825_RAL_5010.glb;output;gtin
50110;9900005826;4026212393262;;4026212393262_9900005826_RAL_5010.glb;models/output/4026212393262_9900005826_RAL_5010.glb;output;gtin
50111;9900005827;4026212393279;;4026212393279_9900005827_RAL_5010.glb;models/output/4026212393279_9900005827_RAL_5010.glb;output;gtin
50112;9900005828;4026212393286;;4026212393286_9900005828_RAL_5010.glb;models/output/4026212393286_9900005828_RAL_5010.glb;output;gtin
50113;9900005829;4026212393293;;4026212393293_9900005829_RAL_5010.glb;models/output/4026212393293_9900005829_RAL_5010.glb;output;gtin
50114;9900005830;4026212393309;;4026212393309_9900005830_RAL_5010.glb;models/output/4026212393309_9900005830_RAL_5010.glb;output;gtin
50115;9900005831;4026212393316;;4026212393316_9900005831_RAL_5010.glb;models/output/4026212393316_9900005831_RAL_5010.glb;output;gtin
50116;9900005832;4026212393323;;4026212393323_9900005832_RAL_5010.glb;models/output/4026212393323_9900005832_RAL_5010.glb;output;gtin
50117;9900005833;4026212393330;;4026212393330_9900005833_RAL_5010.glb;models/output/4026212393330_9900005833_RAL_5010.glb;output;gtin
50118;9900005834;4026212393347;;4026212393347_9900005834_RAL_5010.glb;models/output/4026212393347_9900005834_RAL_5010.glb;output;gtin
50119;9900005835;4026212393354;;4026212393354_9900005835_RAL_5010.glb;models/output/4026212393354_9900005835_RAL_5010.glb;output;gtin
50120;9900005836;4026212393361;;4026212393361_9900005836_RAL_5010.glb;models/output/4026212393361_9900005836_RAL_5010.glb;output;gtin
50121;9900005837;4026212393378;;4026212393378_9900005837_RAL_5010.glb;models/output/4026212393378_9900005837_RAL_5010.glb;output;gtin
50122;9900005838;4026212393385;;4026212393385_9900005838_RAL_5010.glb;models/output/4026212393385_9900005838_RAL_5010.glb;output;gtin
50123;9900005839;4026212393392;;4026212393392_9900005839_RAL_5010.glb;models/output/4026212393392_9900005839_RAL_5010.glb;output;gtin
50124;9900005840;4026212393408;;4026212393408_9900005840_RAL_5010.glb;models/output/4026212393408_9900005840_RAL_5010.glb;output;gtin
50125;9900005841;4026212393415;;4026212393415_9900005841_RAL_5010.glb;models/output/4026212393415_9900005841_RAL_5010.glb;output;gtin
50126;9900005842;4026212393422;;4026212393422_9900005842_RAL_5010.glb;models/output/4026212393422_9900005842_RAL_5010.glb;output;gtin
50127;9900005843;4026212393439;;4026212393439_9900005843_RAL_5010.glb;models/output/4026212393439_9900005843_RAL_5010.glb;output;gtin
50128;9900005844;4026212393446;;4026212393446_9900005844_RAL_5010.glb;models/output/4026212393446_9900005844_RAL_5010.glb;output;gtin
50129;9900005845;4026212393453;;4026212393453_9900005845_RAL_5010.glb;models/output/4026212393453_9900005845_RAL_5010.glb;output;gtin
50130;9900005846;4026212393460;;4026212393460_9900005846_RAL_5010.glb;models/output/4026212393460_9900005846_RAL_5010.glb;output;gtin
50131;9900005847;4026212393477;;4026212393477_9900005847_RAL_5010.glb;models/output/4026212393477_9900005847_RAL_5010.glb;output;gtin
50132;9900005848;4026212393484;;4026212393484_9900005848_RAL_5010.glb;models/products/4026212393484_9900005848_RAL_5010.glb;products;gtin
50133;9900005849;4026212393491;;4026212393491_9900005849_RAL_5010.glb;models/products/4026212393491_9900005849_RAL_5010.glb;products;gtin
50134;9900005850;4026212393507;;4026212393507_9900005850_RAL_5010.glb;models/products/4026212393507_9900005850_RAL_5010.glb;products;gtin
50135;9900005851;4026212393514;;4026212393514_9900005851_RAL_5010.glb;models/products/4026212393514_9900005851_RAL_5010.glb;products;gtin
50136;9900005852;4026212393521;;4026212393521_9900005852_RAL_5010.glb;models/output/4026212393521_9900005852_RAL_5010.glb;output;gtin
50137;9900005853;4026212393538;;4026212393538_9900005853_RAL_5010.glb;models/output/4026212393538_9900005853_RAL_5010.glb;output;gtin
50142;9900011134;4026212424812;;4026212424812_9900011134_RAL_5010.glb;models/output/4026212424812_9900011134_RAL_5010.glb;output;gtin
50143;9900011135;4026212424829;;4026212424829_9900011135_RAL_5010.glb;models/output/4026212424829_9900011135_RAL_5010.glb;output;gtin
50144;9900011136;4026212424836;;4026212424836_9900011136_VZK.glb;models/output/4026212424836_9900011136_VZK.glb;output;gtin
50145;9900011137;4026212424843;;4026212424843_9900011137_VZK.glb;models/output/4026212424843_9900011137_VZK.glb;output;gtin
26402;9900010130;4026212417562;META CLIP SPLIT | Fachbodenregal | Grundregal | 2000 x 1000 x 400 mm | Fachlast 100 kg | 3+1 Ebenen | verzinkt;;;;
26403;9900010132;4026212417586;META CLIP SPLIT | Fachbodenregal | Grundregal | 2000 x 1000 x 500 mm | Fachlast 100 kg | 3+1 Ebenen | verzinkt;;;;
26404;9900010134;4026212417609;META CLIP SPLIT | Fachbodenregal | Grundregal | 2000 x 1000 x 600 mm | Fachlast 100 kg | 3+1 Ebenen | verzinkt;;;;
26405;9900010118;4026212417449;META CLIP SPLIT | Fachbodenregal | Grundregal | 2000 x 1000 x 400 mm | Fachlast 150 kg | 3+1 Ebenen | verzinkt;;;;
26406;9900010120;4026212417463;META CLIP SPLIT | Fachbodenregal | Grundregal | 2000 x 1000 x 500 mm | Fachlast 150 kg | 3+1 Ebenen | verzinkt;;;;
26407;9900010122;4026212417487;META CLIP SPLIT | Fachbodenregal | Grundregal | 2000 x 1000 x 600 mm | Fachlast 150 kg | 3+1 Ebenen | verzinkt;;;;
26408;9900010136;4026212417623;META CLIP SPLIT | Fachbodenregal | Grundregal | 2000 x 1300 x 400 mm | Fachlast 150 kg | 3+1 Ebenen | verzinkt;;;;
26413;9900010139;4026212417647;META CLIP SPLIT | Fachbodenregal | Grundregal | 2000 x 1300 x 500 mm | Fachlast 150 kg | 3+1 Ebenen | verzinkt;;;;
26417;9900010141;4026212417661;META CLIP SPLIT | Fachbodenregal | Grundregal | 2000 x 1300 x 600 mm | Fachlast 150 kg | 3+1 Ebenen | verzinkt;;;;
26422;9900010112;4026212417388;META CLIP SPLIT | Fachbodenregal | Grundregal | 2000 x 1300 x 400 mm | Fachlast 230 kg | 3+1 Ebenen | verzinkt;;;;
26423;9900010124;4026212417500;META CLIP SPLIT | Fachbodenregal | Grundregal | 2000 x 1000 x 400 mm | Fachlast 230 kg | 3+1 Ebenen | verzinkt;;;;
26424;9900010126;4026212417524;META CLIP SPLIT | Fachbodenregal | Grundregal | 2000 x 1000 x 500 mm | Fachlast 230 kg | 3+1 Ebenen | verzinkt;;;;
26425;9900010128;4026212417548;META CLIP SPLIT | Fachbodenregal | Grundregal | 2000 x 1000 x 600 mm | Fachlast 230 kg | 3+1 Ebenen | verzinkt;;;;
26426;9900010114;4026212417401;META CLIP SPLIT | Fachbodenregal | Grundregal | 2000 x 1300 x 500 mm | Fachlast 230 kg | 3+1 Ebenen | verzinkt;;;;
26427;9900010116;4026212417425;META CLIP SPLIT | Fachbodenregal | Grundregal | 2000 x 1300 x 600 mm | Fachlast 230 kg | 3+1 Ebenen | verzinkt;;;;
26431;9900010131;4026212417579;META CLIP SPLIT | Fachbodenregal | Anbauregal | 2000 x 1000 x 400 mm | Fachlast 100 kg | 3+1 Ebenen | verzinkt;;;;
26432;9900010133;4026212417593;META CLIP SPLIT | Fachbodenregal | Anbauregal | 2000 x 1000 x 500 mm | Fachlast 100 kg | 3+1 Ebenen | verzinkt;;;;
26433;9900010135;4026212417616;META CLIP SPLIT | Fachbodenregal | Anbauregal | 2000 x 1000 x 600 mm | Fachlast 100 kg | 3+1 Ebenen | verzinkt;;;;
26434;9900010119;4026212417456;META CLIP SPLIT | Fachbodenregal | Anbauregal | 2000 x 1000 x 400 mm | Fachlast 150 kg | 3+1 Ebenen | verzinkt;;;;
26435;9900010121;4026212417470;META CLIP SPLIT | Fachbodenregal | Anbauregal | 2000 x 1000 x 500 mm | Fachlast 150 kg | 3+1 Ebenen | verzinkt;;;;
26436;9900010123;4026212417494;META CLIP SPLIT | Fachbodenregal | Anbauregal | 2000 x 1000 x 600 mm | Fachlast 150 kg | 3+1 Ebenen | verzinkt;;;;
26437;9900010138;4026212417630;META CLIP SPLIT | Fachbodenregal | Anbauregal | 2000 x 1300 x 400 mm | Fachlast 150 kg | 3+1 Ebenen | verzinkt;;;;
26438;9900010140;4026212417654;META CLIP SPLIT | Fachbodenregal | Anbauregal | 2000 x 1300 x 500 mm | Fachlast 150 kg | 3+1 Ebenen | verzinkt;;;;
26439;9900010142;4026212417678;META CLIP SPLIT | Fachbodenregal | Anbauregal | 2000 x 1300 x 600 mm | Fachlast 150 kg | 3+1 Ebenen | verzinkt;;;;
26440;9900010113;4026212417395;META CLIP SPLIT | Fachbodenregal | Anbauregal | 2000 x 1300 x 400 mm | Fachlast 230 kg | 3+1 Ebenen | verzinkt;;;;
26441;9900010125;4026212417517;META CLIP SPLIT | Fachbodenregal | Anbauregal | 2000 x 1000 x 400 mm | Fachlast 230 kg | 3+1 Ebenen | verzinkt;;;;
26442;9900010127;4026212417531;META CLIP SPLIT | Fachbodenregal | Anbauregal | 2000 x 1000 x 500 mm | Fachlast 230 kg | 3+1 Ebenen | verzinkt;;;;
26443;9900010129;4026212417555;META CLIP SPLIT | Fachbodenregal | Anbauregal | 2000 x 1000 x 600 mm | Fachlast 230 kg | 3+1 Ebenen | verzinkt;;;;
26444;9900010115;4026212417418;META CLIP SPLIT | Fachbodenregal | Anbauregal | 2000 x 1300 x 500 mm | Fachlast 230 kg | 3+1 Ebenen | verzinkt;;;;
26445;9900010117;4026212417432;META CLIP SPLIT | Fachbodenregal | Anbauregal | 2000 x 1300 x 600 mm | Fachlast 230 kg | 3+1 Ebenen | verzinkt;;;;
26447;9900010106;4026212417340;;;;;
26448;9900010104;4026212417326;;;;;
26449;9900010105;4026212417333;;;;;
26450;9900010107;4026212417357;;;;;
26451;9900010108;4026212417364;;;;;
26452;9900010109;4026212417371;;;;;
26453;9900010098;4026212417241;;;;;
26454;9900010099;4026212417272;;;;;
26455;9900010100;4026212417289;;;;;
26456;9900010101;4026212417296;;;;;
26457;9900010102;4026212417302;;;;;
26458;9900010103;4026212417319;;;;;
26459;9900010095;4026212417210;;;;;
26460;9900010096;4026212417227;;;;;
26461;9900010097;4026212417234;;;;;
26463;9900010177;4026212417852;META CLIP SPLIT | Reifenregal | Anbauregal | 2000 x 1000 x 400 mm | Fachlast 150 kg | 3 Ebenen | verzinkt;;;;
26464;9900010181;4026212417883;META CLIP SPLIT | Reifenregal | Anbauregal | 2000 x 1150 x 400 mm | Fachlast 150 kg | 3 Ebenen | verzinkt;;;;
26465;9900010176;4026212417845;META CLIP SPLIT | Reifenregal | Grundregal | 2000 x 1000 x 400 mm | Fachlast 150 kg | 3 Ebenen | verzinkt;;;;
26466;9900010179;4026212417869;META CLIP SPLIT | Reifenregal | Grundregal | 2000 x 1150 x 400 mm | Fachlast 150 kg | 3 Ebenen | verzinkt;;;;
26468;9900011325;4026212425932;META CLIP SPLIT | Garagenregal | 2 Felder | 2000 x 1000 x 400 mm | Fachlast 150 kg | verzinkt;;;;
26831;20097831;4026212275384;META ATLAS ST | Kragarmregal | 2 Felder | 2000 x 2700 x 500 mm | Armlast 200 kg | einseitig | 5+1 Ebenen | RAL 5010;;;;
27675;20097832;4026212275391;META ATLAS ST | Kragarmregal | 3 Felder | 2000 x 4050 x 500 mm | Armlast 200 kg | einseitig | 5+1 Ebenen | RAL 5010;;;;
27676;20097836;4026212275414;META ATLAS ST | Kragarmregal | 5 Felder | 2000 x 6750 x 500 mm | Armlast 200 kg | einseitig | 5+1 Ebenen | RAL 5010;;;;
27677;20097833;4026212275407;META ATLAS ST | Kragarmregal | 4 Felder | 2000 x 5400 x 500 mm | Armlast 200 kg | einseitig | 5+1 Ebenen | RAL 5010;;;;
27678;20097837;4026212275421;META ATLAS ST | Kragarmregal | 2 Felder | 2000 x 2700 x 500 mm | Armlast 200 kg | doppelseitig | 5+1 Ebenen | RAL 5010;;;;
27679;20097839;4026212275438;META ATLAS ST | Kragarmregal | 3 Felder | 2000 x 4050 x 500 mm | Armlast 200 kg | doppelseitig | 5+1 Ebenen | RAL 5010;;;;
27680;20097840;4026212275445;META ATLAS ST | Kragarmregal | 4 Felder | 2000 x 5400 x 500 mm | Armlast 200 kg | doppelseitig | 5+1 Ebenen | RAL 5010;;;;
27681;20097841;4026212275452;META ATLAS ST | Kragarmregal | 5 Felder | 2000 x 6750 x 500 mm | Armlast 200 kg | doppelseitig | 5+1 Ebenen | RAL 5010;;;;
27688;20097843;4026212275469;META ATLAS ST | Langgutregal | 2 Felder | 2000 x 2700 x 500 mm | Armlast 200 kg | einseitig | 6+1 Ebenen | RAL 5010;;;;
27689;20097844;4026212275476;META ATLAS ST | Langgutregal | 3 Felder | 2000 x 4050 x 500 mm | Armlast 200 kg | einseitig | 6+1 Ebenen | RAL 5010;;;;
27690;20097845;4026212275483;META ATLAS ST | Langgutregal | 4 Felder | 2000 x 5400 x 500 mm | Armlast 200 kg | einseitig | 6+1 Ebenen | RAL 5010;;;;
27691;20097846;4026212275490;META ATLAS ST | Langgutregal | 5 Felder | 2000 x 6750 x 500 mm | Armlast 200 kg | einseitig | 6+1 Ebenen | RAL 5010;;;;
27692;20097847;4026212275506;META ATLAS ST | Langgutregal | 2 Felder | 2000 x 2700 x 500 mm | Armlast 200 kg | doppelseitig | 6+1 Ebenen | RAL 5010;;;;
27693;20097848;4026212275513;META ATLAS ST | Langgutregal | 3 Felder | 2000 x 4050 x 500 mm | Armlast 200 kg | doppelseitig | 6+1 Ebenen | RAL 5010;;;;
27694;20097849;4026212275520;META ATLAS ST | Langgutregal | 4 Felder | 2000 x 5400 x 500 mm | Armlast 200 kg | doppelseitig | 6+1 Ebenen | RAL 5010;;;;
27695;20097850;4026212275537;META ATLAS ST | Langgutregal | 5 Felder | 2000 x 6750 x 500 mm | Armlast 200 kg | doppelseitig | 6+1 Ebenen | RAL 5010;;;;
27726;9900012509;4026212432947;Zubehör-Set Fachbodenträger 16+4;;;;
27739;9900012508;4026212432923;Zubehör-Set Fachbodenträger 10 Stück;;;;
27768;9900012543;4026212433180;Sicherungsstifte 20er-Pack für META MULTIPAL/MINI-RACK;;;;
27834;9900012569;4026212433340;;;;;
27838;9900012570;4026212433357;10er Pack Unterlegblech MULTIPAL 2 mm;;;;
27839;9900012651;4026212433999;10x Fachteiler durchgehend | 600 x 300 mm | verzinkt;;;;
27840;9900012653;4026212434019;10x Fachteiler durchgehend | 300 x 400 mm | verzinkt;;;;
27841;9900012663;4026212434118;10x Fachteiler durchgehend | 300 x 600 mm | verzinkt;;;;
27842;9900012661;4026212434095;10x Fachteiler durchgehend | 600 x 500 mm | verzinkt;;;;
27843;9900012652;4026212434002;10x Fachteiler durchgehend | 200 x 400 mm | verzinkt;;;;
27847;9900012671;4026212434194;10x Fachteiler freistehend | 150 x 300 mm | verzinkt;;;;
27848;9900012672;4026212434200;10x Fachteiler freistehend | 150 x 400 mm | verzinkt;;;;
27849;9900012673;4026212434217;10x Fachteiler freistehend | 150 x 500 mm | verzinkt;;;;
27850;9900012674;4026212434224;10x Fachteiler freistehend | 150 x 600 mm | verzinkt;;;;
27851;9900012675;4026212434231;10x Fachteiler freistehend | 140 x 800 mm | verzinkt;;;;
27884;200107;4026212002720;;;;;
27885;200108;4026212002959;Klemm-Doppelfuß für Doppel-Regale | META CLIP / META COMPACT | verzinkt;;;;
27886;200109;4026212003048;;;;;
27887;200110;4026212004069;;;;;
27888;200154;4026212014723;;;;;
27889;200199;4026212044737;;;;;
27890;200200;4026212044744;;;;;
27892;20059;4026212074949;;;;;
27894;20074486;4026212115291;;;;;
40169;2001052;4026212002027;;;;;
40170;2001068;4026212002218;;;;;
40171;200106809;4026212002294;;;;;
40172;200106810;4026212002300;;;;;
40173;2001085;4026212002973;;;;;
40174;2001093;4026212003253;;;;;
40176;20011321;4026212004175;META CLIP SET | Fachbodenregal | Grundregal | 2000 x 1000 x 500 mm | Fachlast 230 kg | 3+1 Ebenen | verzinkt;;;;
40177;20011322;4026212004182;META CLIP SET | Fachbodenregal | Anbauregal | 2000 x 1000 x 500 mm | Fachlast 230 kg | 3+1 Ebenen | verzinkt;;;;
40178;20011324;4026212004199;;;;;
40179;20011537;4026212004205;META CLIP SET | Fachbodenregal | Grundregal | 2000 x 1000 x 400 mm | Fachlast 100 kg | 3+1 Ebenen | verzinkt;;;;
40180;20011538;4026212004212;META CLIP SET | Fachbodenregal | Anbauregal | 2000 x 1000 x 400 mm | Fachlast 100 kg | 3+1 Ebenen | verzinkt;;;;
40181;20011539;4026212004229;;;;;
40182;20011751;4026212004236;;;;;
40183;200126441;4026212006865;;;;;
40184;2001265;4026212006896;META CLIP | Fachbodenregal | Grundregal | 2000 x 1000 x 300 mm | Fachlast 100 kg | 4+1 Ebenen | verzinkt;;;;
40185;2001282;4026212007442;META CLIP | Fachbodenregal | Anbauregal | 2000 x 1000 x 300 mm | Fachlast 100 kg | 4+1 Ebenen | verzinkt;;;;
40186;2001287;4026212007473;META CLIP | Fachbodenregal | Grundregal | 2500 x 1000 x 300 mm | Fachlast 100 kg | 5+1 Ebenen | verzinkt;;;;
40187;2001293;4026212007558;META CLIP | Fachbodenregal | Anbauregal | 2500 x 1000 x 300 mm | Fachlast 100 kg | 5+1 Ebenen | verzinkt;;;;
40188;2001298;4026212007749;META CLIP | Fachbodenregal | Grundregal | 3000 x 1000 x 300 mm | Fachlast 100 kg | 6+1 Ebenen | verzinkt;;;;
40190;2001303;4026212007947;META CLIP | Fachbodenregal | Anbauregal | 3000 x 1000 x 300 mm | Fachlast 100 kg | 6+1 Ebenen | verzinkt;;;;
40191;2001308;4026212008500;META CLIP | Fachbodenregal | Grundregal | 2000 x 1000 x 400 mm | Fachlast 100 kg | 4+1 Ebenen | verzinkt;;;;
40192;2001313;4026212008739;META CLIP | Fachbodenregal | Anbauregal | 2000 x 1000 x 400 mm | Fachlast 100 kg | 4+1 Ebenen | verzinkt;;;;
40193;2001315;4026212008821;META CLIP | Fachbodenregal | Grundregal | 2500 x 1000 x 400 mm | Fachlast 100 kg | 5+1 Ebenen | verzinkt;;;;
40194;2001317;4026212009071;META CLIP | Fachbodenregal | Anbauregal | 2500 x 1000 x 400 mm | Fachlast 100 kg | 5+1 Ebenen | verzinkt;;;;
40195;20013217;4026212009415;;;;;
40196;2001334;4026212009651;META CLIP | Fachbodenregal | Grundregal | 3000 x 1000 x 400 mm | Fachlast 100 kg | 6+1 Ebenen | verzinkt;;;;
40197;2001339;4026212009828;META CLIP | Fachbodenregal | Anbauregal | 3000 x 1000 x 400 mm | Fachlast 100 kg | 6+1 Ebenen | verzinkt;;;;
40198;2001344;4026212009866;META CLIP | Fachbodenregal | Grundregal | 2000 x 1000 x 500 mm | Fachlast 100 kg | 4+1 Ebenen | verzinkt;;;;
40199;2001350;4026212010084;META CLIP | Fachbodenregal | Anbauregal | 2000 x 1000 x 500 mm | Fachlast 100 kg | 3+1 Ebenen | verzinkt;;;;
40200;2001353;4026212010220;META CLIP | Fachbodenregal | Grundregal | 2500 x 1000 x 500 mm | Fachlast 100 kg | 5+1 Ebenen | verzinkt;;;;
40201;2001356;4026212010299;META CLIP | Fachbodenregal | Anbauregal | 2500 x 1000 x 500 mm | Fachlast 100 kg | 5+1 Ebenen | verzinkt;;;;
40202;20013562;4026212010305;;;;;
40203;2001359;4026212010466;META CLIP | Fachbodenregal | Grundregal | 3000 x 1000 x 500 mm | Fachlast 100 kg | 6+1 Ebenen | verzinkt;;;;
40204;2001360;4026212010503;;;;;
40205;2001362;4026212010527;META CLIP | Fachbodenregal | Anbauregal | 3000 x 1000 x 500 mm | Fachlast 100 kg | 6+1 Ebenen | verzinkt;;;;
40206;2001364;4026212010534;;;;;
40207;2001365;4026212010541;META CLIP | Fachbodenregal | Grundregal | 2000 x 1000 x 600 mm | Fachlast 100 kg | 4+1 Ebenen | verzinkt;;;;
40208;2001367;4026212010619;META CLIP | Fachbodenregal | Anbauregal | 2000 x 1000 x 600 mm | Fachlast 100 kg | 4+1 Ebenen | verzinkt;;;;
40209;2001370;4026212010626;META CLIP | Fachbodenregal | Grundregal | 2500 x 1000 x 600 mm | Fachlast 100 kg | 5+1 Ebenen | verzinkt;;;;
40210;2001372;4026212010657;META CLIP | Fachbodenregal | Anbauregal | 2500 x 1000 x 600 mm | Fachlast 100 kg | 5+1 Ebenen | verzinkt;;;;
40211;2001374;4026212010664;META CLIP | Fachbodenregal | Grundregal | 3000 x 1000 x 600 mm | Fachlast 100 kg | 6+1 Ebenen | verzinkt;;;;
40212;2001376;4026212010671;META CLIP | Fachbodenregal | Anbauregal | 3000 x 1000 x 600 mm | Fachlast 100 kg | 6+1 Ebenen | verzinkt;;;;
40213;20013880;4026212010787;;;;;
40214;20013951;4026212010824;;;;;
40215;2001412;4026212010947;Winkel für Fußverdübelung vzk ( Befestigungswinkel für CLIP );;;;
40216;20014286;4026212011029;META CLIP | Fachbodenregal | Grundregal | 2000 x 1300 x 400 mm | Fachlast 230 kg | 3+1 Ebenen | verzinkt;;;;
40217;20014287;4026212011036;META CLIP | Fachbodenregal | Anbauregal | 2000 x 1300 x 400 mm | Fachlast 230 kg | 3+1 Ebenen | verzinkt;;;;
40218;20014290;4026212011043;META CLIP | Fachbodenregal | Grundregal | 2500 x 1300 x 400 mm | Fachlast 230 kg | 4+1 Ebenen | verzinkt;;;;
40219;20014291;4026212011050;META CLIP | Fachbodenregal | Anbauregal | 2500 x 1300 x 400 mm | Fachlast 230 kg | 4+1 Ebenen | verzinkt;;;;
40220;20014294;4026212011067;META CLIP | Fachbodenregal | Grundregal | 3000 x 1300 x 400 mm | Fachlast 230 kg | 5+1 Ebenen | verzinkt;;;;
40221;20014295;4026212011074;META CLIP | Fachbodenregal | Anbauregal | 3000 x 1300 x 400 mm | Fachlast 230 kg | 5+1 Ebenen | verzinkt;;;;
40222;20014298;4026212011081;META CLIP | Fachbodenregal | Grundregal | 2000 x 1300 x 500 mm | Fachlast 230 kg | 3+1 Ebenen | verzinkt;;;;
40223;20014299;4026212011098;META CLIP | Fachbodenregal | Anbauregal | 2000 x 1300 x 500 mm | Fachlast 230 kg | 3+1 Ebenen | verzinkt;;;;
40224;20014302;4026212011104;META CLIP | Fachbodenregal | Grundregal | 2500 x 1300 x 500 mm | Fachlast 230 kg | 4+1 Ebenen | verzinkt;;;;
40225;20014303;4026212011111;META CLIP | Fachbodenregal | Anbauregal | 2500 x 1300 x 500 mm | Fachlast 230 kg | 4+1 Ebenen | verzinkt;;;;
40226;20014306;4026212011128;META CLIP | Fachbodenregal | Grundregal | 3000 x 1300 x 500 mm | Fachlast 230 kg | 5+1 Ebenen | verzinkt;;;;
40227;20014307;4026212011135;META CLIP | Fachbodenregal | Anbauregal | 3000 x 1300 x 500 mm | Fachlast 230 kg | 5+1 Ebenen | verzinkt;;;;
40228;20014310;4026212011142;META CLIP | Fachbodenregal | Grundregal | 2000 x 1300 x 600 mm | Fachlast 230 kg | 3+1 Ebenen | verzinkt;;;;
40229;20014311;4026212011159;META CLIP | Fachbodenregal | Anbauregal | 2000 x 1300 x 600 mm | Fachlast 230 kg | 3+1 Ebenen | verzinkt;;;;
40230;20014314;4026212011166;META CLIP | Fachbodenregal | Grundregal | 2500 x 1300 x 600 mm | Fachlast 230 kg | 4+1 Ebenen | verzinkt;;;;
40231;20014315;4026212011173;META CLIP | Fachbodenregal | Anbauregal | 2500 x 1300 x 600 mm | Fachlast 230 kg | 4+1 Ebenen | verzinkt;;;;
40232;20014318;4026212011180;META CLIP | Fachbodenregal | Grundregal | 3000 x 1300 x 600 mm | Fachlast 230 kg | 5+1 Ebenen | verzinkt;;;;
40233;20014319;4026212011197;META CLIP | Fachbodenregal | Anbauregal | 3000 x 1300 x 600 mm | Fachlast 230 kg | 5+1 Ebenen | verzinkt;;;;
40234;20014322;4026212011203;META CLIP | Fachbodenregal | Grundregal | 2000 x 1300 x 800 mm | Fachlast 230 kg | 3+1 Ebenen | verzinkt;;;;
40235;20014323;4026212011210;META CLIP | Fachbodenregal | Anbauregal | 2000 x 1300 x 800 mm | Fachlast 230 kg | 3+1 Ebenen | verzinkt;;;;
40236;20014326;4026212011227;META CLIP | Fachbodenregal | Grundregal | 2500 x 1300 x 800 mm | Fachlast 230 kg | 4+1 Ebenen | verzinkt;;;;
40237;20014327;4026212011234;META CLIP | Fachbodenregal | Anbauregal | 2500 x 1300 x 800 mm | Fachlast 230 kg | 4+1 Ebenen | verzinkt;;;;
40238;20014330;4026212011241;META CLIP | Fachbodenregal | Grundregal | 3000 x 1300 x 800 mm | Fachlast 230 kg | 5+1 Ebenen | verzinkt;;;;
40239;20014331;4026212011258;META CLIP | Fachbodenregal | Anbauregal | 3000 x 1300 x 800 mm | Fachlast 230 kg | 5+1 Ebenen | verzinkt;;;;
40240;20014903;4026212012316;;;;;
40244;2001541;4026212014730;META CLIP | Fachbodenregal | Grundregal | 2000 x 1000 x 400 mm | Fachlast 230 kg | 4+1 Ebenen | verzinkt;;;;
40245;2001543;4026212014754;META CLIP | Fachbodenregal | Anbauregal | 2000 x 1000 x 400 mm | Fachlast 230 kg | 4+1 Ebenen | verzinkt;;;;
40246;2001545;4026212014815;META CLIP | Fachbodenregal | Grundregal | 2500 x 1000 x 400 mm | Fachlast 230 kg | 5+1 Ebenen | verzinkt;;;;
40247;2001547;4026212014907;META CLIP | Fachbodenregal | Anbauregal | 2500 x 1000 x 400 mm | Fachlast 230 kg | 5+1 Ebenen | verzinkt;;;;
40248;2001549;4026212014952;META CLIP | Fachbodenregal | Grundregal | 3000 x 1000 x 400 mm | Fachlast 230 kg | 6+1 Ebenen | verzinkt;;;;
40249;2001551;4026212015010;META CLIP | Fachbodenregal | Anbauregal | 3000 x 1000 x 400 mm | Fachlast 230 kg | 6+1 Ebenen | verzinkt;;;;
40250;2001553;4026212015201;META CLIP | Fachbodenregal | Grundregal | 2000 x 1000 x 500 mm | Fachlast 230 kg | 4+1 Ebenen | verzinkt;;;;
40251;2001555;4026212015324;META CLIP | Fachbodenregal | Anbauregal | 2000 x 1000 x 500 mm | Fachlast 230 kg | 4+1 Ebenen | verzinkt;;;;
40252;2001557;4026212015430;META CLIP | Fachbodenregal | Grundregal | 2500 x 1000 x 500 mm | Fachlast 230 kg | 5+1 Ebenen | verzinkt;;;;
40253;2001559;4026212015560;META CLIP | Fachbodenregal | Anbauregal | 2500 x 1000 x 500 mm | Fachlast 230 kg | 5+1 Ebenen | verzinkt;;;;
40254;2001561;4026212015638;META CLIP | Fachbodenregal | Grundregal | 3000 x 1000 x 500 mm | Fachlast 230 kg | 6+1 Ebenen | verzinkt;;;;
40255;2001563;4026212015751;META CLIP | Fachbodenregal | Anbauregal | 3000 x 1000 x 500 mm | Fachlast 230 kg | 6+1 Ebenen | verzinkt;;;;
40256;2001565;4026212015805;META CLIP | Fachbodenregal | Grundregal | 2000 x 1000 x 600 mm | Fachlast 230 kg | 4+1 Ebenen | verzinkt;;;;
40257;2001567;4026212015850;META CLIP | Fachbodenregal | Anbauregal | 2000 x 1000 x 600 mm | Fachlast 230 kg | 4+1 Ebenen | verzinkt;;;;
40258;2001569;4026212015881;META CLIP | Fachbodenregal | Grundregal | 2500 x 1000 x 600 mm | Fachlast 230 kg | 5+1 Ebenen | verzinkt;;;;
40259;2001571;4026212015904;META CLIP | Fachbodenregal | Anbauregal | 2500 x 1000 x 600 mm | Fachlast 230 kg | 5+1 Ebenen | verzinkt;;;;
40260;2001573;4026212015942;META CLIP | Fachbodenregal | Grundregal | 3000 x 1000 x 600 mm | Fachlast 230 kg | 6+1 Ebenen | verzinkt;;;;
40261;2001575;4026212016093;META CLIP | Fachbodenregal | Anbauregal | 3000 x 1000 x 600 mm | Fachlast 230 kg | 6+1 Ebenen | verzinkt;;;;
40262;2001577;4026212016246;META CLIP | Fachbodenregal | Grundregal | 2000 x 1000 x 800 mm | Fachlast 230 kg | 4+1 Ebenen | verzinkt;;;;
40263;2001579;4026212016376;META CLIP | Fachbodenregal | Anbauregal | 2000 x 1000 x 800 mm | Fachlast 230 kg | 4+1 Ebenen | verzinkt;;;;
40264;2001581;4026212016567;META CLIP | Fachbodenregal | Grundregal | 2500 x 1000 x 800 mm | Fachlast 230 kg | 5+1 Ebenen | verzinkt;;;;
40265;2001583;4026212016673;META CLIP | Fachbodenregal | Anbauregal | 2500 x 1000 x 800 mm | Fachlast 230 kg | 5+1 Ebenen | verzinkt;;;;
40266;2001585;4026212016796;META CLIP | Fachbodenregal | Grundregal | 3000 x 1000 x 800 mm | Fachlast 230 kg | 6+1 Ebenen | verzinkt;;;;
40267;2001588;4026212016925;META CLIP | Fachbodenregal | Anbauregal | 3000 x 1000 x 800 mm | Fachlast 230 kg | 6+1 Ebenen | verzinkt;;;;
40268;2001590;4026212016956;META CLIP | Fachbodenregal | Grundregal | 2000 x 1000 x 400 mm | Fachlast 330 kg | 4+1 Ebenen | verzinkt;;;;
40269;2001592;4026212017069;META CLIP | Fachbodenregal | Anbauregal | 2000 x 1000 x 400 mm | Fachlast 330 kg | 4+1 Ebenen | verzinkt;;;;
40270;2001594;4026212017137;META CLIP | Fachbodenregal | Grundregal | 2500 x 1000 x 400 mm | Fachlast 330 kg | 5+1 Ebenen | verzinkt;;;;
40271;2001596;4026212017243;META CLIP | Fachbodenregal | Anbauregal | 2500 x 1000 x 400 mm | Fachlast 330 kg | 5+1 Ebenen | verzinkt;;;;
40272;2001598;4026212017304;META CLIP | Fachbodenregal | Grundregal | 3000 x 1000 x 400 mm | Fachlast 330 kg | 6+1 Ebenen | verzinkt;;;;
40273;2001600;4026212017465;META CLIP | Fachbodenregal | Anbauregal | 3000 x 1000 x 400 mm | Fachlast 330 kg | 6+1 Ebenen | verzinkt;;;;
40274;2001602;4026212017526;META CLIP | Fachbodenregal | Grundregal | 2000 x 1000 x 500 mm | Fachlast 330 kg | 4+1 Ebenen | verzinkt;;;;
40275;2001604;4026212017625;META CLIP | Fachbodenregal | Anbauregal | 2000 x 1000 x 500 mm | Fachlast 330 kg | 4+1 Ebenen | verzinkt;;;;
40276;2001607;4026212017694;META CLIP | Fachbodenregal | Grundregal | 2500 x 1000 x 500 mm | Fachlast 330 kg | 5+1 Ebenen | verzinkt;;;;
40277;2001610;4026212017786;META CLIP | Fachbodenregal | Anbauregal | 2500 x 1000 x 500 mm | Fachlast 330 kg | 5+1 Ebenen | verzinkt;;;;
40278;2001613;4026212017861;META CLIP | Fachbodenregal | Grundregal | 3000 x 1000 x 500 mm | Fachlast 330 kg | 6+1 Ebenen | verzinkt;;;;
40279;2001617;4026212018004;META CLIP | Fachbodenregal | Anbauregal | 3000 x 1000 x 500 mm | Fachlast 330 kg | 6+1 Ebenen | verzinkt;;;;
40281;2001623;4026212018196;META CLIP | Fachbodenregal | Grundregal | 2000 x 1000 x 600 mm | Fachlast 330 kg | 4+1 Ebenen | verzinkt;;;;
40285;2001626;4026212018400;META CLIP | Fachbodenregal | Anbauregal | 2000 x 1000 x 600 mm | Fachlast 330 kg | 4+1 Ebenen | verzinkt;;;;
40289;2001630;4026212018554;META CLIP | Fachbodenregal | Grundregal | 2500 x 1000 x 600 mm | Fachlast 330 kg | 5+1 Ebenen | verzinkt;;;;
40292;2001637;4026212023374;META CLIP | Fachbodenregal | Anbauregal | 2500 x 1000 x 600 mm | Fachlast 330 kg | 5+1 Ebenen | verzinkt;;;;
40294;2001641;4026212024494;META CLIP | Fachbodenregal | Grundregal | 3000 x 1000 x 600 mm | Fachlast 330 kg | 6+1 Ebenen | verzinkt;;;;
40296;2001645;4026212026061;META CLIP | Fachbodenregal | Anbauregal | 3000 x 1000 x 600 mm | Fachlast 330 kg | 6+1 Ebenen | verzinkt;;;;
40297;2001666;4026212031072;;;;;
40298;2001668;4026212031591;;;;;
40299;2001670;4026212032055;;;;;
40300;2001672;4026212032093;;;;;
40301;2001691;4026212036329;;;;;
40303;2001702;4026212041613;;;;;
40307;2001712;4026212043303;;;;;
40308;2001900;4026212044461;;;;;
40309;2001909;4026212044478;;;;;
40311;2001957;4026212044614;;;;;
40312;2001971;4026212044669;;;;;
40313;2001972;4026212044676;;;;;
40314;2001973;4026212044683;;;;;
40315;2001975;4026212044706;;;;;
40316;2001976;4026212044713;;;;;
40317;200201;4026212044751;;;;;
40318;200204;4026212044911;;;;;
40319;200205;4026212044973;;;;;
40320;200206;4026212045048;;;;;
40321;2002157;4026212045239;META FIX | Fachbodenregal | Grundregal | 2000 x 1000 x 400 mm | Fachlast 230 kg | 5 Ebenen | verzinkt;;;;
40322;2002158;4026212045246;META FIX | Fachbodenregal | Anbauregal | 2000 x 1000 x 400 mm | Fachlast 230 kg | 5 Ebenen | verzinkt;;;;
40324;2002160;4026212045260;META FIX | Fachbodenregal | Grundregal | 2500 x 1000 x 400 mm | Fachlast 230 kg | 6 Ebenen | verzinkt;;;;
40325;2002162;4026212045277;META FIX | Fachbodenregal | Anbauregal | 2500 x 1000 x 400 mm | Fachlast 230 kg | 6 Ebenen | verzinkt;;;;
40326;2002164;4026212045284;META FIX | Fachbodenregal | Grundregal | 3000 x 1000 x 400 mm | Fachlast 230 kg | 7 Ebenen | verzinkt;;;;
40327;2002166;4026212045291;META FIX | Fachbodenregal | Anbauregal | 3000 x 1000 x 400 mm | Fachlast 230 kg | 7 Ebenen | verzinkt;;;;
40328;2002168;4026212045307;META FIX | Fachbodenregal | Grundregal | 2000 x 1000 x 500 mm | Fachlast 230 kg | 5 Ebenen | verzinkt;;;;
40329;2002170;4026212045314;META FIX | Fachbodenregal | Anbauregal | 2000 x 1000 x 500 mm | Fachlast 230 kg | 5 Ebenen | verzinkt;;;;
40330;2002172;4026212045321;META FIX | Fachbodenregal | Grundregal | 2500 x 1000 x 500 mm | Fachlast 230 kg | 6 Ebenen | verzinkt;;;;
40331;2002174;4026212045338;META FIX | Fachbodenregal | Anbauregal | 2500 x 1000 x 500 mm | Fachlast 230 kg | 6 Ebenen | verzinkt;;;;
40332;2002176;4026212045345;META FIX | Fachbodenregal | Grundregal | 3000 x 1000 x 500 mm | Fachlast 230 kg | 7 Ebenen | verzinkt;;;;
40333;2002178;4026212045352;META FIX | Fachbodenregal | Anbauregal | 3000 x 1000 x 500 mm | Fachlast 230 kg | 7 Ebenen | verzinkt;;;;
40335;2002180;4026212045376;META FIX | Fachbodenregal | Grundregal | 2000 x 1000 x 600 mm | Fachlast 230 kg | 5 Ebenen | verzinkt;;;;
40336;2002182;4026212045383;META FIX | Fachbodenregal | Anbauregal | 2000 x 1000 x 600 mm | Fachlast 230 kg | 5 Ebenen | verzinkt;;;;
40337;2002184;4026212045390;META FIX | Fachbodenregal | Grundregal | 2500 x 1000 x 600 mm | Fachlast 230 kg | 6 Ebenen | verzinkt;;;;
40338;2002186;4026212045406;META FIX | Fachbodenregal | Anbauregal | 2500 x 1000 x 600 mm | Fachlast 230 kg | 6 Ebenen | verzinkt;;;;
40339;2002188;4026212045413;META FIX | Fachbodenregal | Grundregal | 3000 x 1000 x 600 mm | Fachlast 230 kg | 7 Ebenen | verzinkt;;;;
40341;2002190;4026212045437;META FIX | Fachbodenregal | Anbauregal | 3000 x 1000 x 600 mm | Fachlast 230 kg | 7 Ebenen | verzinkt;;;;
40342;2002192;4026212045444;META FIX | Fachbodenregal | Grundregal | 2000 x 1000 x 800 mm | Fachlast 230 kg | 5 Ebenen | verzinkt;;;;
40343;2002194;4026212045451;META FIX | Fachbodenregal | Anbauregal | 2000 x 1000 x 800 mm | Fachlast 230 kg | 5 Ebenen | verzinkt;;;;
40344;2002196;4026212045468;META FIX | Fachbodenregal | Grundregal | 2500 x 1000 x 800 mm | Fachlast 230 kg | 6 Ebenen | verzinkt;;;;
40345;2002198;4026212045475;META FIX | Fachbodenregal | Anbauregal | 2500 x 1000 x 800 mm | Fachlast 230 kg | 6 Ebenen | verzinkt;;;;
40346;2002200;4026212045482;META FIX | Fachbodenregal | Grundregal | 3000 x 1000 x 800 mm | Fachlast 230 kg | 7 Ebenen | verzinkt;;;;
40347;2002202;4026212045499;META FIX | Fachbodenregal | Anbauregal | 3000 x 1000 x 800 mm | Fachlast 230 kg | 7 Ebenen | verzinkt;;;;
40348;200222;4026212045581;;;;;
40350;200224;4026212045703;;;;;
40352;200226;4026212045765;;;;;
40354;200228;4026212045888;;;;;
40356;2002300;4026212046007;META FIX | Fachbodenregal | Grundregal | 2000 x 1000 x 300 mm | Fachlast 100 kg | 5 Ebenen | verzinkt;;;;
40357;2002303;4026212046014;META FIX | Fachbodenregal | Anbauregal | 2000 x 1000 x 300 mm | Fachlast 100 kg | 5 Ebenen | verzinkt;;;;
40358;2002306;4026212046021;META FIX | Fachbodenregal | Grundregal | 2500 x 1000 x 300 mm | Fachlast 100 kg | 6 Ebenen | verzinkt;;;;
40359;2002309;4026212046038;META FIX | Fachbodenregal | Anbauregal | 2500 x 1000 x 300 mm | Fachlast 100 kg | 6 Ebenen | verzinkt;;;;
40360;2002312;4026212046045;META FIX | Fachbodenregal | Grundregal | 3000 x 1000 x 300 mm | Fachlast 100 kg | 7 Ebenen | verzinkt;;;;
40361;2002315;4026212046052;META FIX | Fachbodenregal | Anbauregal | 3000 x 1000 x 300 mm | Fachlast 100 kg | 7 Ebenen | verzinkt;;;;
40362;2002318;4026212046069;META FIX | Fachbodenregal | Grundregal | 2000 x 1000 x 400 mm | Fachlast 100 kg | 5 Ebenen | verzinkt;;;;
40363;200232;4026212046083;;;;;
40364;2002321;4026212046090;META FIX | Fachbodenregal | Anbauregal | 2000 x 1000 x 400 mm | Fachlast 100 kg | 5 Ebenen | verzinkt;;;;
40365;2002324;4026212046106;META FIX | Fachbodenregal | Grundregal | 2500 x 1000 x 400 mm | Fachlast 100 kg | 6 Ebenen | verzinkt;;;;
40366;2002327;4026212046113;META FIX | Fachbodenregal | Anbauregal | 2500 x 1000 x 400 mm | Fachlast 100 kg | 6 Ebenen | verzinkt;;;;
40367;2002330;4026212046120;META FIX | Fachbodenregal | Grundregal | 3000 x 1000 x 400 mm | Fachlast 100 kg | 7 Ebenen | verzinkt;;;;
40368;2002333;4026212046137;META FIX | Fachbodenregal | Anbauregal | 3000 x 1000 x 400 mm | Fachlast 100 kg | 7 Ebenen | verzinkt;;;;
40369;2002336;4026212046144;META FIX | Fachbodenregal | Grundregal | 2000 x 1000 x 500 mm | Fachlast 100 kg | 5 Ebenen | verzinkt;;;;
40370;2002339;4026212046168;META FIX | Fachbodenregal | Anbauregal | 2000 x 1000 x 500 mm | Fachlast 100 kg | 5 Ebenen | verzinkt;;;;
40371;200234;4026212046175;;;;;
40372;2002342;4026212046182;META FIX | Fachbodenregal | Grundregal | 2500 x 1000 x 500 mm | Fachlast 100 kg | 6 Ebenen | verzinkt;;;;
40373;2002345;4026212046199;META FIX | Fachbodenregal | Anbauregal | 2500 x 1000 x 500 mm | Fachlast 100 kg | 6 Ebenen | verzinkt;;;;
40374;2002348;4026212046205;META FIX | Fachbodenregal | Grundregal | 3000 x 1000 x 500 mm | Fachlast 100 kg | 7 Ebenen | verzinkt;;;;
40375;2002351;4026212046212;META FIX | Fachbodenregal | Anbauregal | 3000 x 1000 x 500 mm | Fachlast 100 kg | 7 Ebenen | verzinkt;;;;
40376;2002354;4026212046229;META FIX | Fachbodenregal | Grundregal | 2000 x 1000 x 600 mm | Fachlast 100 kg | 5 Ebenen | verzinkt;;;;
40377;2002357;4026212046236;META FIX | Fachbodenregal | Anbauregal | 2000 x 1000 x 600 mm | Fachlast 100 kg | 5 Ebenen | verzinkt;;;;
40378;200236;4026212046243;;;;;
40379;2002360;4026212046250;META FIX | Fachbodenregal | Grundregal | 2500 x 1000 x 600 mm | Fachlast 100 kg | 6 Ebenen | verzinkt;;;;
40380;2002364;4026212046274;META FIX | Fachbodenregal | Anbauregal | 2500 x 1000 x 600 mm | Fachlast 100 kg | 6 Ebenen | verzinkt;;;;
40381;2002366;4026212046281;META FIX | Fachbodenregal | Grundregal | 3000 x 1000 x 600 mm | Fachlast 100 kg | 7 Ebenen | verzinkt;;;;
40382;2002369;4026212046298;META FIX | Fachbodenregal | Anbauregal | 3000 x 1000 x 600 mm | Fachlast 100 kg | 7 Ebenen | verzinkt;;;;
40383;2002376;4026212046328;;;;;
40384;2002377;4026212046366;;;;;
40385;200239;4026212046380;;;;;
40386;200243;4026212046434;;;;;
40387;200245;4026212046472;;;;;
40388;200247;4026212046489;;;;;
40389;200249;4026212046496;;;;;
40390;2002579;4026212046588;;;;;
40391;2002580;4026212046595;;;;;
40392;2002581;4026212046601;;;;;
40393;2002582;4026212046618;;;;;
40394;2002583;4026212046625;META CLIP | Längsriegel | 1000 mm | verzinkt;;;;
40395;2002584;4026212046632;META CLIP | Längsriegel | 1300 mm | verzinkt;;;;
40412;200294;4026212047134;;;;;
40414;200295;4026212047158;;;;;
40415;200296;4026212047165;;;;;
40416;2002994;4026212047172;;;;;
40417;2002997;4026212047189;;;;;
40418;200303;4026212047226;;;;;
40419;2003030;4026212047233;;;;;
40420;2003033;4026212047240;;;;;
40422;200304;4026212047264;;;;;
40425;200305;4026212047295;;;;;
40426;2003063;4026212047301;META CLIP | Draht-Seitenwand | 2000 x 300 mm | inkl. Befestigung | verzinkt;;;;
40427;2003065;4026212047325;;;;;
40428;2003066;4026212047332;META CLIP | Draht-Seitenwand | 2000 x 400 mm | inkl. Befestigung | verzinkt;;;;
40429;2003067;4026212047349;;;;;
40430;2003068;4026212047356;;;;;
40431;2003069;4026212047363;META CLIP | Draht-Seitenwand | 2000 x 500 mm | inkl. Befestigung | verzinkt;;;;
40432;2003070;4026212047387;;;;;
40433;2003071;4026212047394;;;;;
40434;2003072;4026212047400;META CLIP | Draht-Seitenwand | 2000 x 600 mm | inkl. Befestigung | verzinkt;;;;
40435;2003073;4026212047417;;;;;
40436;2003074;4026212047424;;;;;
40437;2003086;4026212047455;;;;;
40438;2003088;4026212047462;;;;;
40439;200309;4026212047479;;;;;
40440;2003090;4026212047486;;;;;
40441;2003092;4026212047493;;;;;
40442;2003095;4026212047509;;;;;
40443;2003097;4026212047516;;;;;
40444;2003099;4026212047523;;;;;
40445;2003110;4026212047547;;;;;
40446;200318;4026212047653;;;;;
40447;200319;4026212047660;;;;;
40448;200320;4026212047677;;;;;
40463;20041569;4026212047998;;;;;
40464;20041570;4026212048001;META MINI-RACK Weitspannregal | Grundregal | 2500 x 2600 x 800 mm | Fachlast 490 kg | Spanplattenböden | 4 Ebenen;;;;
40465;20041571;4026212048018;META MINI-RACK Weitspannregal | Anbauregal | 2500 x 2600 x 800 mm | Fachlast 490 kg | Spanplattenböden | 4 Ebenen;;;;
40470;20042613;4026212048681;;;;;
40471;20042685;4026212048742;;;;;
40472;20042686;4026212048759;;;;;
40473;20042688;4026212048773;;;;;
40474;20042692;4026212048797;;;;;
40475;20042694;4026212048810;;;;;
40478;20042896;4026212048964;;;;;
40479;20042897;4026212048971;;;;;
40480;20042898;4026212048988;;;;;
40496;20043281;4026212049237;;;;;
40497;200434;4026212049282;;;;;
40498;200437;4026212049343;;;;;
40499;200441;4026212049411;;;;;
40500;20044476;4026212049831;;;;;
40501;20045507;4026212050073;META CLIP | Fachbodenregal | Grundregal | 2000 x 1000 x 800 mm | Fachlast 330 kg | 4+1 Ebenen | verzinkt;;;;
40502;20045508;4026212050080;META CLIP | Fachbodenregal | Anbauregal | 2000 x 1000 x 800 mm | Fachlast 330 kg | 4+1 Ebenen | verzinkt;;;;
40503;20045511;4026212050097;META CLIP | Fachbodenregal | Anbauregal | 2500 x 1000 x 800 mm | Fachlast 330 kg | 5+1 Ebenen | verzinkt;;;;
40504;20045512;4026212050103;META CLIP | Fachbodenregal | Grundregal | 2500 x 1000 x 800 mm | Fachlast 330 kg | 5+1 Ebenen | verzinkt;;;;
40505;20045515;4026212050110;META CLIP | Fachbodenregal | Anbauregal | 3000 x 1000 x 800 mm | Fachlast 330 kg | 6+1 Ebenen | verzinkt;;;;
40506;20045517;4026212050127;META CLIP | Fachbodenregal | Grundregal | 3000 x 1000 x 800 mm | Fachlast 330 kg | 6+1 Ebenen | verzinkt;;;;
40508;20045591;4026212050325;;;;;
40509;200456;4026212050332;;;;;
40510;20045696;4026212050349;;;;;
40511;20045697;4026212050356;;;;;
40512;20045698;4026212050363;;;;;
40513;20045699;4026212050370;;;;;
40514;20045700;4026212050387;;;;;
40515;20045701;4026212050394;;;;;
40516;20045702;4026212050400;;;;;
40517;20045703;4026212050417;;;;;
40518;20045704;4026212050424;;;;;
40519;200462;4026212050493;;;;;
40520;200463;4026212050509;;;;;
40521;200464;4026212050516;;;;;
40522;200465;4026212050561;;;;;
40523;20047892;4026212051322;;;;;
40524;20048185;4026212053296;;;;;
40525;20048188;4026212053319;;;;;
40526;20048802;4026212053647;;;;;
40527;20048804;4026212053654;;;;;
40528;20048807;4026212053661;;;;;
40529;20048876;4026212053715;META CLIP | Längsriegel | 1000 mm | RAL 7035;;;;
40530;20048929;4026212053746;;;;;
40532;20049032;4026212053784;;;;;
40533;20049514;4026212054231;;;;;
40534;20049515;4026212054248;;;;;
40535;20049655;4026212054347;;;;;
40536;20049656;4026212054354;;;;;
40538;20051008;4026212056730;;;;;
40539;20051223;4026212057577;META MINI-RACK Weitspannregal | Grundregal | 2200 x 1400 x 650 mm | Fachlast 600 kg | Spanplattenböden | 3 Ebenen;;;;
40540;20051224;4026212057584;META MINI-RACK Weitspannregal | Grundregal | 2200 x 1400 x 650 mm | Fachlast 600 kg | Stahlpaneelböden | 3 Ebenen;;;;
40541;20051225;4026212057591;META MINI-RACK Weitspannregal | Anbauregal | 2200 x 1400 x 650 mm | Fachlast 600 kg | Spanplattenböden | 3 Ebenen;;;;
40542;20051226;4026212057607;META MINI-RACK Weitspannregal | Anbauregal | 2200 x 1400 x 650 mm | Fachlast 600 kg | Stahlpaneelböden | 3 Ebenen;;;;
40543;20051227;4026212057614;META MINI-RACK Weitspannregal | Grundregal | 2200 x 1400 x 800 mm | Fachlast 600 kg | Spanplattenböden | 3 Ebenen;;;;
40544;20051228;4026212057621;META MINI-RACK Weitspannregal | Grundregal | 2200 x 1400 x 800 mm | Fachlast 600 kg | Stahlpaneelböden | 3 Ebenen;;;;
40545;20051229;4026212057638;META MINI-RACK Weitspannregal | Anbauregal | 2200 x 1400 x 800 mm | Fachlast 600 kg | Spanplattenböden | 3 Ebenen;;;;
40546;20051230;4026212057645;META MINI-RACK Weitspannregal | Anbauregal | 2200 x 1400 x 800 mm | Fachlast 600 kg | Stahlpaneelböden | 3 Ebenen;;;;
40547;20051231;4026212057652;META MINI-RACK Weitspannregal | Grundregal | 2200 x 1400 x 1050 mm | Fachlast 600 kg | Spanplattenböden | 3 Ebenen;;;;
40548;20051232;4026212057669;META MINI-RACK Weitspannregal | Grundregal | 2200 x 1400 x 1050 mm | Fachlast 600 kg | Stahlpaneelböden | 3 Ebenen;;;;
40549;20051233;4026212057676;META MINI-RACK Weitspannregal | Anbauregal | 2200 x 1400 x 1050 mm | Fachlast 600 kg | Spanplattenböden | 3 Ebenen;;;;
40550;20051234;4026212057683;META MINI-RACK Weitspannregal | Anbauregal | 2200 x 1400 x 1050 mm | Fachlast 600 kg | Stahlpaneelböden | 3 Ebenen;;;;
40551;20051235;4026212057690;META MINI-RACK Weitspannregal | Grundregal | 2200 x 1800 x 650 mm | Fachlast 600 kg | Spanplattenböden | 3 Ebenen;;;;
40552;20051236;4026212057706;META MINI-RACK Weitspannregal | Grundregal | 2200 x 1800 x 650 mm | Fachlast 600 kg | Stahlpaneelböden | 3 Ebenen;;;;
40553;20051237;4026212057713;META MINI-RACK Weitspannregal | Anbauregal | 2200 x 1800 x 650 mm | Fachlast 600 kg | Spanplattenböden | 3 Ebenen;;;;
40554;20051238;4026212057720;META MINI-RACK Weitspannregal | Anbauregal | 2200 x 1800 x 650 mm | Fachlast 600 kg | Stahlpaneelböden | 3 Ebenen;;;;
40555;20051239;4026212057737;META MINI-RACK Weitspannregal | Grundregal | 2200 x 1800 x 800 mm | Fachlast 600 kg | Spanplattenböden | 3 Ebenen;;;;
40556;20051240;4026212057744;META MINI-RACK Weitspannregal | Grundregal | 2200 x 1800 x 800 mm | Fachlast 600 kg | Stahlpaneelböden | 3 Ebenen;;;;
40557;20051241;4026212057751;META MINI-RACK Weitspannregal | Anbauregal | 2200 x 1800 x 800 mm | Fachlast 600 kg | Spanplattenböden | 3 Ebenen;;;;
40558;20051242;4026212057768;META MINI-RACK Weitspannregal | Anbauregal | 2200 x 1800 x 800 mm | Fachlast 600 kg | Stahlpaneelböden | 3 Ebenen;;;;
40559;20051243;4026212057775;META MINI-RACK Weitspannregal | Grundregal | 2200 x 1800 x 1050 mm | Fachlast 600 kg | Spanplattenböden | 3 Ebenen;;;;
40560;20051244;4026212057782;META MINI-RACK Weitspannregal | Grundregal | 2200 x 1800 x 1050 mm | Fachlast 600 kg | Stahlpaneelböden | 3 Ebenen;;;;
40561;20051245;4026212057799;META MINI-RACK Weitspannregal | Anbauregal | 2200 x 1800 x 1050 mm | Fachlast 600 kg | Spanplattenböden | 3 Ebenen;;;;
40562;20051246;4026212057805;META MINI-RACK Weitspannregal | Anbauregal | 2200 x 1800 x 1050 mm | Fachlast 600 kg | Stahlpaneelböden | 3 Ebenen;;;;
40563;20051247;4026212057812;META MINI-RACK Weitspannregal | Grundregal | 2200 x 2200 x 650 mm | Fachlast 600 kg | Spanplattenböden | 3 Ebenen;;;;
40564;20051248;4026212057829;META MINI-RACK Weitspannregal | Grundregal | 2200 x 2200 x 650 mm | Fachlast 600 kg | Stahlpaneelböden | 3 Ebenen;;;;
40565;20051249;4026212057836;META MINI-RACK Weitspannregal | Anbauregal | 2200 x 2200 x 650 mm | Fachlast 600 kg | Spanplattenböden | 3 Ebenen;;;;
40566;20051250;4026212057843;META MINI-RACK Weitspannregal | Anbauregal | 2200 x 2200 x 650 mm | Fachlast 600 kg | Stahlpaneelböden | 3 Ebenen;;;;
40567;20051251;4026212057850;META MINI-RACK Weitspannregal | Grundregal | 2200 x 2200 x 800 mm | Fachlast 600 kg | Spanplattenböden | 3 Ebenen;;;;
40568;20051252;4026212057867;META MINI-RACK Weitspannregal | Grundregal | 2200 x 2200 x 800 mm | Fachlast 600 kg | Stahlpaneelböden | 3 Ebenen;;;;
40569;20051253;4026212057874;META MINI-RACK Weitspannregal | Anbauregal | 2200 x 2200 x 800 mm | Fachlast 600 kg | Spanplattenböden | 3 Ebenen;;;;
40570;20051254;4026212057881;META MINI-RACK Weitspannregal | Anbauregal | 2200 x 2200 x 800 mm | Fachlast 600 kg | Stahlpaneelböden | 3 Ebenen;;;;
40571;20051255;4026212057898;META MINI-RACK Weitspannregal | Grundregal | 2200 x 2200 x 1050 mm | Fachlast 600 kg | Spanplattenböden | 3 Ebenen;;;;
40572;20051256;4026212057904;META MINI-RACK Weitspannregal | Grundregal | 2200 x 2200 x 1050 mm | Fachlast 600 kg | Stahlpaneelböden | 3 Ebenen;;;;
40573;20051257;4026212057911;META MINI-RACK Weitspannregal | Anbauregal | 2200 x 2200 x 1050 mm | Fachlast 600 kg | Spanplattenböden | 3 Ebenen;;;;
40574;20051258;4026212057928;META MINI-RACK Weitspannregal | Anbauregal | 2200 x 2200 x 1050 mm | Fachlast 600 kg | Stahlpaneelböden | 3 Ebenen;;;;
40575;20051259;4026212057935;META MINI-RACK Weitspannregal | Grundregal | 2200 x 2600 x 650 mm | Fachlast 490 kg | Spanplattenböden | 3 Ebenen;;;;
40576;20051260;4026212057942;META MINI-RACK Weitspannregal | Grundregal | 2200 x 2600 x 650 mm | Fachlast 490 kg | Stahlpaneelböden | 3 Ebenen;;;;
40577;20051261;4026212057959;META MINI-RACK Weitspannregal | Anbauregal | 2200 x 2600 x 650 mm | Fachlast 490 kg | Spanplattenböden | 3 Ebenen;;;;
40578;20051262;4026212057966;META MINI-RACK Weitspannregal | Anbauregal | 2200 x 2600 x 650 mm | Fachlast 490 kg | Stahlpaneelböden | 3 Ebenen;;;;
40579;20051263;4026212057973;META MINI-RACK Weitspannregal | Grundregal | 2200 x 2600 x 800 mm | Fachlast 490 kg | Spanplattenböden | 3 Ebenen;;;;
40580;20051264;4026212057980;META MINI-RACK Weitspannregal | Grundregal | 2200 x 2600 x 800 mm | Fachlast 490 kg | Stahlpaneelböden | 3 Ebenen;;;;
40581;20051265;4026212057997;META MINI-RACK Weitspannregal | Anbauregal | 2200 x 2600 x 800 mm | Fachlast 490 kg | Spanplattenböden | 3 Ebenen;;;;
40582;20051266;4026212058000;META MINI-RACK Weitspannregal | Anbauregal | 2200 x 2600 x 800 mm | Fachlast 490 kg | Stahlpaneelböden | 3 Ebenen;;;;
40583;20051267;4026212058017;META MINI-RACK Weitspannregal | Grundregal | 2200 x 2600 x 1050 mm | Fachlast 490 kg | Spanplattenböden | 3 Ebenen;;;;
40584;20051268;4026212058024;META MINI-RACK Weitspannregal | Grundregal | 2200 x 2600 x 1050 mm | Fachlast 490 kg | Stahlpaneelböden | 3 Ebenen;;;;
40585;20051269;4026212058031;META MINI-RACK Weitspannregal | Anbauregal | 2200 x 2600 x 1050 mm | Fachlast 490 kg | Spanplattenböden | 3 Ebenen;;;;
40586;20051271;4026212058048;META MINI-RACK Weitspannregal | Anbauregal | 2200 x 2600 x 1050 mm | Fachlast 490 kg | Stahlpaneelböden | 3 Ebenen;;;;
40587;20051272;4026212058055;META MINI-RACK Weitspannregal | Grundregal | 2500 x 1400 x 650 mm | Fachlast 600 kg | Spanplattenböden | 4 Ebenen;;;;
40588;20051273;4026212058062;META MINI-RACK Weitspannregal | Grundregal | 2500 x 1400 x 650 mm | Fachlast 600 kg | Stahlpaneelböden | 4 Ebenen;;;;
40589;20051274;4026212058079;META MINI-RACK Weitspannregal | Anbauregal | 2500 x 1400 x 650 mm | Fachlast 600 kg | Spanplattenböden | 4 Ebenen;;;;
40590;20051275;4026212058086;META MINI-RACK Weitspannregal | Anbauregal | 2500 x 1400 x 650 mm | Fachlast 600 kg | Stahlpaneelböden | 4 Ebenen;;;;
40591;20051276;4026212058093;META MINI-RACK Weitspannregal | Grundregal | 2500 x 1400 x 800 mm | Fachlast 600 kg | Spanplattenböden | 4 Ebenen;;;;
40592;20051277;4026212058109;META MINI-RACK Weitspannregal | Grundregal | 2500 x 1400 x 800 mm | Fachlast 600 kg | Stahlpaneelböden | 4 Ebenen;;;;
40593;20051278;4026212058116;META MINI-RACK Weitspannregal | Anbauregal | 2500 x 1400 x 800 mm | Fachlast 600 kg | Spanplattenböden | 4 Ebenen;;;;
40594;20051279;4026212058123;META MINI-RACK Weitspannregal | Anbauregal | 2500 x 1400 x 800 mm | Fachlast 600 kg | Stahlpaneelböden | 4 Ebenen;;;;
40595;20051280;4026212058130;META MINI-RACK Weitspannregal | Grundregal | 2500 x 1400 x 1050 mm | Fachlast 600 kg | Spanplattenböden | 4 Ebenen;;;;
40596;20051281;4026212058147;META MINI-RACK Weitspannregal | Grundregal | 2500 x 1400 x 1050 mm | Fachlast 600 kg | Stahlpaneelböden | 4 Ebenen;;;;
40597;20051282;4026212058154;META MINI-RACK Weitspannregal | Anbauregal | 2500 x 1400 x 1050 mm | Fachlast 600 kg | Spanplattenböden | 4 Ebenen;;;;
40598;20051283;4026212058161;META MINI-RACK Weitspannregal | Anbauregal | 2500 x 1400 x 1050 mm | Fachlast 600 kg | Stahlpaneelböden | 4 Ebenen;;;;
40599;20051284;4026212058178;META MINI-RACK Weitspannregal | Grundregal | 2500 x 1800 x 650 mm | Fachlast 600 kg | Spanplattenböden | 4 Ebenen;;;;
40600;20051285;4026212058185;META MINI-RACK Weitspannregal | Grundregal | 2500 x 1800 x 650 mm | Fachlast 600 kg | Stahlpaneelböden | 4 Ebenen;;;;
40601;20051286;4026212058192;META MINI-RACK Weitspannregal | Anbauregal | 2500 x 1800 x 650 mm | Fachlast 600 kg | Spanplattenböden | 4 Ebenen;;;;
40602;20051287;4026212058208;META MINI-RACK Weitspannregal | Anbauregal | 2500 x 1800 x 650 mm | Fachlast 600 kg | Stahlpaneelböden | 4 Ebenen;;;;
40603;20051288;4026212058215;META MINI-RACK Weitspannregal | Grundregal | 2500 x 1800 x 800 mm | Fachlast 600 kg | Spanplattenböden | 4 Ebenen;;;;
40604;20051289;4026212058222;META MINI-RACK Weitspannregal | Grundregal | 2500 x 1800 x 800 mm | Fachlast 600 kg | Stahlpaneelböden | 4 Ebenen;;;;
40605;20051290;4026212058239;META MINI-RACK Weitspannregal | Anbauregal | 2500 x 1800 x 800 mm | Fachlast 600 kg | Spanplattenböden | 4 Ebenen;;;;
40606;20051291;4026212058246;META MINI-RACK Weitspannregal | Anbauregal | 2500 x 1800 x 800 mm | Fachlast 600 kg | Stahlpaneelböden | 4 Ebenen;;;;
40607;20051292;4026212058253;META MINI-RACK Weitspannregal | Grundregal | 2500 x 1800 x 1050 mm | Fachlast 600 kg | Spanplattenböden | 4 Ebenen;;;;
40608;20051293;4026212058260;META MINI-RACK Weitspannregal | Grundregal | 2500 x 1800 x 1050 mm | Fachlast 600 kg | Stahlpaneelböden | 4 Ebenen;;;;
40609;20051294;4026212058277;META MINI-RACK Weitspannregal | Anbauregal | 2500 x 1800 x 1050 mm | Fachlast 600 kg | Spanplattenböden | 4 Ebenen;;;;
40610;20051295;4026212058284;META MINI-RACK Weitspannregal | Anbauregal | 2500 x 1800 x 1050 mm | Fachlast 600 kg | Stahlpaneelböden | 4 Ebenen;;;;
40611;20051296;4026212058291;META MINI-RACK Weitspannregal | Grundregal | 2500 x 2200 x 650 mm | Fachlast 600 kg | Spanplattenböden | 4 Ebenen;;;;
40612;20051297;4026212058307;META MINI-RACK Weitspannregal | Grundregal | 2500 x 2200 x 650 mm | Fachlast 600 kg | Stahlpaneelböden | 4 Ebenen;;;;
40613;20051298;4026212058314;META MINI-RACK Weitspannregal | Anbauregal | 2500 x 2200 x 650 mm | Fachlast 600 kg | Spanplattenböden | 4 Ebenen;;;;
40614;20051299;4026212058321;META MINI-RACK Weitspannregal | Anbauregal | 2500 x 2200 x 650 mm | Fachlast 600 kg | Stahlpaneelböden | 4 Ebenen;;;;
40615;20051300;4026212058338;META MINI-RACK Weitspannregal | Grundregal | 2500 x 2200 x 800 mm | Fachlast 600 kg | Spanplattenböden | 4 Ebenen;;;;
40616;20051301;4026212058345;META MINI-RACK Weitspannregal | Grundregal | 2500 x 2200 x 800 mm | Fachlast 600 kg | Stahlpaneelböden | 4 Ebenen;;;;
40617;20051302;4026212058352;META MINI-RACK Weitspannregal | Anbauregal | 2500 x 2200 x 800 mm | Fachlast 600 kg | Spanplattenböden | 4 Ebenen;;;;
40618;20051303;4026212058369;META MINI-RACK Weitspannregal | Anbauregal | 2500 x 2200 x 800 mm | Fachlast 600 kg | Stahlpaneelböden | 4 Ebenen;;;;
40619;20051304;4026212058376;META MINI-RACK Weitspannregal | Grundregal | 2500 x 2200 x 1050 mm | Fachlast 600 kg | Spanplattenböden | 4 Ebenen;;;;
40620;20051305;4026212058383;META MINI-RACK Weitspannregal | Grundregal | 2500 x 2200 x 1050 mm | Fachlast 600 kg | Stahlpaneelböden | 4 Ebenen;;;;
40621;20051306;4026212058390;META MINI-RACK Weitspannregal | Anbauregal | 2500 x 2200 x 1050 mm | Fachlast 600 kg | Spanplattenböden | 4 Ebenen;;;;
40622;20051307;4026212058406;META MINI-RACK Weitspannregal | Anbauregal | 2500 x 2200 x 1050 mm | Fachlast 600 kg | Stahlpaneelböden | 4 Ebenen;;;;
40623;20051308;4026212058413;META MINI-RACK Weitspannregal | Grundregal | 2500 x 2600 x 650 mm | Fachlast 490 kg | Spanplattenböden | 4 Ebenen;;;;
40624;20051309;4026212058420;META MINI-RACK Weitspannregal | Grundregal | 2500 x 2600 x 650 mm | Fachlast 490 kg | Stahlpaneelböden | 4 Ebenen;;;;
40625;20051310;4026212058437;META MINI-RACK Weitspannregal | Anbauregal | 2500 x 2600 x 650 mm | Fachlast 490 kg | Spanplattenböden | 4 Ebenen;;;;
40626;20051311;4026212058444;META MINI-RACK Weitspannregal | Anbauregal | 2500 x 2600 x 650 mm | Fachlast 490 kg | Stahlpaneelböden | 4 Ebenen;;;;
40627;20051312;4026212058451;META MINI-RACK Weitspannregal | Grundregal | 2500 x 2600 x 800 mm | Fachlast 490 kg | Stahlpaneelböden | 4 Ebenen;;;;
40628;20051313;4026212058468;META MINI-RACK Weitspannregal | Anbauregal | 2500 x 2600 x 800 mm | Fachlast 490 kg | Stahlpaneelböden | 4 Ebenen;;;;
40629;20051314;4026212058475;META MINI-RACK Weitspannregal | Grundregal | 2500 x 2600 x 1050 mm | Fachlast 490 kg | Spanplattenböden | 4 Ebenen;;;;
40630;20051315;4026212058482;META MINI-RACK Weitspannregal | Grundregal | 2500 x 2600 x 1050 mm | Fachlast 490 kg | Stahlpaneelböden | 4 Ebenen;;;;
40631;20051316;4026212058499;META MINI-RACK Weitspannregal | Anbauregal | 2500 x 2600 x 1050 mm | Fachlast 490 kg | Spanplattenböden | 4 Ebenen;;;;
40632;20051317;4026212058505;META MINI-RACK Weitspannregal | Anbauregal | 2500 x 2600 x 1050 mm | Fachlast 490 kg | Stahlpaneelböden | 4 Ebenen;;;;
40633;20051318;4026212058512;META MINI-RACK Weitspannregal | Grundregal | 3000 x 1400 x 650 mm | Fachlast 600 kg | Spanplattenböden | 5 Ebenen;;;;
40634;20051319;4026212058529;META MINI-RACK Weitspannregal | Grundregal | 3000 x 1400 x 650 mm | Fachlast 600 kg | Stahlpaneelböden | 5 Ebenen;;;;
40635;20051320;4026212058536;META MINI-RACK Weitspannregal | Anbauregal | 3000 x 1400 x 650 mm | Fachlast 600 kg | Spanplattenböden | 5 Ebenen;;;;
40636;20051321;4026212058543;META MINI-RACK Weitspannregal | Anbauregal | 3000 x 1400 x 650 mm | Fachlast 600 kg | Stahlpaneelböden | 5 Ebenen;;;;
40637;20051322;4026212058550;META MINI-RACK Weitspannregal | Grundregal | 3000 x 1400 x 800 mm | Fachlast 600 kg | Spanplattenböden | 5 Ebenen;;;;
40638;20051323;4026212058567;META MINI-RACK Weitspannregal | Grundregal | 3000 x 1400 x 800 mm | Fachlast 600 kg | Stahlpaneelböden | 5 Ebenen;;;;
40639;20051324;4026212058574;META MINI-RACK Weitspannregal | Anbauregal | 3000 x 1400 x 800 mm | Fachlast 600 kg | Spanplattenböden | 5 Ebenen;;;;
40640;20051325;4026212058581;META MINI-RACK Weitspannregal | Anbauregal | 3000 x 1400 x 800 mm | Fachlast 600 kg | Stahlpaneelböden | 5 Ebenen;;;;
40641;20051326;4026212058598;META MINI-RACK Weitspannregal | Grundregal | 3000 x 1400 x 1050 mm | Fachlast 600 kg | Spanplattenböden | 5 Ebenen;;;;
40642;20051327;4026212058604;META MINI-RACK Weitspannregal | Grundregal | 3000 x 1400 x 1050 mm | Fachlast 600 kg | Stahlpaneelböden | 5 Ebenen;;;;
40643;20051328;4026212058611;META MINI-RACK Weitspannregal | Anbauregal | 3000 x 1400 x 1050 mm | Fachlast 600 kg | Spanplattenböden | 5 Ebenen;;;;
40644;20051329;4026212058628;META MINI-RACK Weitspannregal | Anbauregal | 3000 x 1400 x 1050 mm | Fachlast 600 kg | Stahlpaneelböden | 5 Ebenen;;;;
40645;20051330;4026212058635;META MINI-RACK Weitspannregal | Grundregal | 3000 x 1800 x 650 mm | Fachlast 600 kg | Spanplattenböden | 5 Ebenen;;;;
40646;20051331;4026212058642;META MINI-RACK Weitspannregal | Grundregal | 3000 x 1800 x 650 mm | Fachlast 600 kg | Stahlpaneelböden | 5 Ebenen;;;;
40647;20051332;4026212058659;META MINI-RACK Weitspannregal | Anbauregal | 3000 x 1800 x 650 mm | Fachlast 600 kg | Spanplattenböden | 5 Ebenen;;;;
40648;20051333;4026212058666;META MINI-RACK Weitspannregal | Anbauregal | 3000 x 1800 x 650 mm | Fachlast 600 kg | Stahlpaneelböden | 5 Ebenen;;;;
40649;20051334;4026212058673;META MINI-RACK Weitspannregal | Grundregal | 3000 x 1800 x 800 mm | Fachlast 600 kg | Spanplattenböden | 5 Ebenen;;;;
40650;20051335;4026212058680;META MINI-RACK Weitspannregal | Grundregal | 3000 x 1800 x 800 mm | Fachlast 600 kg | Stahlpaneelböden | 5 Ebenen;;;;
40651;20051336;4026212058697;META MINI-RACK Weitspannregal | Anbauregal | 3000 x 1800 x 800 mm | Fachlast 600 kg | Spanplattenböden | 5 Ebenen;;;;
40652;20051337;4026212058703;META MINI-RACK Weitspannregal | Anbauregal | 3000 x 1800 x 800 mm | Fachlast 600 kg | Stahlpaneelböden | 5 Ebenen;;;;
40653;20051338;4026212058710;META MINI-RACK Weitspannregal | Grundregal | 3000 x 1800 x 1050 mm | Fachlast 600 kg | Spanplattenböden | 5 Ebenen;;;;
40654;20051339;4026212058727;META MINI-RACK Weitspannregal | Grundregal | 3000 x 1800 x 1050 mm | Fachlast 600 kg | Stahlpaneelböden | 5 Ebenen;;;;
40655;20051340;4026212058734;META MINI-RACK Weitspannregal | Anbauregal | 3000 x 1800 x 1050 mm | Fachlast 600 kg | Spanplattenböden | 5 Ebenen;;;;
40656;20051341;4026212058741;META MINI-RACK Weitspannregal | Anbauregal | 3000 x 1800 x 1050 mm | Fachlast 600 kg | Stahlpaneelböden | 5 Ebenen;;;;
40657;20051342;4026212058758;META MINI-RACK Weitspannregal | Grundregal | 3000 x 2200 x 650 mm | Fachlast 600 kg | Spanplattenböden | 5 Ebenen;;;;
40658;20051343;4026212058765;META MINI-RACK Weitspannregal | Grundregal | 3000 x 2200 x 650 mm | Fachlast 600 kg | Stahlpaneelböden | 5 Ebenen;;;;
40659;20051344;4026212058772;META MINI-RACK Weitspannregal | Anbauregal | 3000 x 2200 x 650 mm | Fachlast 600 kg | Spanplattenböden | 5 Ebenen;;;;
40660;20051345;4026212058789;META MINI-RACK Weitspannregal | Anbauregal | 3000 x 2200 x 650 mm | Fachlast 600 kg | Stahlpaneelböden | 5 Ebenen;;;;
40661;20051346;4026212058796;META MINI-RACK Weitspannregal | Grundregal | 3000 x 2200 x 800 mm | Fachlast 600 kg | Spanplattenböden | 5 Ebenen;;;;
40662;20051347;4026212058802;META MINI-RACK Weitspannregal | Grundregal | 3000 x 2200 x 800 mm | Fachlast 600 kg | Stahlpaneelböden | 5 Ebenen;;;;
40663;20051348;4026212058819;META MINI-RACK Weitspannregal | Anbauregal | 3000 x 2200 x 800 mm | Fachlast 600 kg | Spanplattenböden | 5 Ebenen;;;;
40664;20051349;4026212058826;META MINI-RACK Weitspannregal | Anbauregal | 3000 x 2200 x 800 mm | Fachlast 600 kg | Stahlpaneelböden | 5 Ebenen;;;;
40665;20051350;4026212058833;META MINI-RACK Weitspannregal | Grundregal | 3000 x 2200 x 1050 mm | Fachlast 600 kg | Spanplattenböden | 5 Ebenen;;;;
40666;20051351;4026212058840;META MINI-RACK Weitspannregal | Grundregal | 3000 x 2200 x 1050 mm | Fachlast 600 kg | Stahlpaneelböden | 5 Ebenen;;;;
40667;20051352;4026212058857;META MINI-RACK Weitspannregal | Anbauregal | 3000 x 2200 x 1050 mm | Fachlast 600 kg | Spanplattenböden | 5 Ebenen;;;;
40668;20051353;4026212058864;META MINI-RACK Weitspannregal | Anbauregal | 3000 x 2200 x 1050 mm | Fachlast 600 kg | Stahlpaneelböden | 5 Ebenen;;;;
40669;20051354;4026212058871;META MINI-RACK Weitspannregal | Grundregal | 3000 x 2600 x 650 mm | Fachlast 490 kg | Spanplattenböden | 5 Ebenen;;;;
40670;20051355;4026212058888;META MINI-RACK Weitspannregal | Grundregal | 3000 x 2600 x 650 mm | Fachlast 490 kg | Stahlpaneelböden | 5 Ebenen;;;;
40671;20051356;4026212058895;META MINI-RACK Weitspannregal | Anbauregal | 3000 x 2600 x 650 mm | Fachlast 490 kg | Spanplattenböden | 5 Ebenen;;;;
40672;20051357;4026212058901;META MINI-RACK Weitspannregal | Anbauregal | 3000 x 2600 x 650 mm | Fachlast 490 kg | Stahlpaneelböden | 5 Ebenen;;;;
40673;20051358;4026212058918;META MINI-RACK Weitspannregal | Grundregal | 3000 x 2600 x 800 mm | Fachlast 490 kg | Spanplattenböden | 5 Ebenen;;;;
40674;20051359;4026212058925;META MINI-RACK Weitspannregal | Grundregal | 3000 x 2600 x 800 mm | Fachlast 490 kg | Stahlpaneelböden | 5 Ebenen;;;;
40675;20051360;4026212058932;META MINI-RACK Weitspannregal | Anbauregal | 3000 x 2600 x 800 mm | Fachlast 490 kg | Spanplattenböden | 5 Ebenen;;;;
40676;20051361;4026212058949;META MINI-RACK Weitspannregal | Anbauregal | 3000 x 2600 x 800 mm | Fachlast 490 kg | Stahlpaneelböden | 5 Ebenen;;;;
40677;20051362;4026212058956;META MINI-RACK Weitspannregal | Grundregal | 3000 x 2600 x 1050 mm | Fachlast 490 kg | Spanplattenböden | 5 Ebenen;;;;
40678;20051363;4026212058963;META MINI-RACK Weitspannregal | Grundregal | 3000 x 2600 x 1050 mm | Fachlast 490 kg | Stahlpaneelböden | 5 Ebenen;;;;
40679;20051364;4026212058970;META MINI-RACK Weitspannregal | Anbauregal | 3000 x 2600 x 1050 mm | Fachlast 490 kg | Spanplattenböden | 5 Ebenen;;;;
40680;20051365;4026212058987;META MINI-RACK Weitspannregal | Anbauregal | 3000 x 2600 x 1050 mm | Fachlast 490 kg | Stahlpaneelböden | 5 Ebenen;;;;
40687;20051397;4026212059090;;;;;
40688;20051398;4026212059106;;;;;
40689;20051430;4026212059113;;;;;
40690;20052605;4026212062441;META CLIP / META COMPACT | Steck-Tiefensteife für S3-Rahmen| 300 mm | verzinkt;;;;
40691;20052606;4026212062458;META CLIP / META COMPACT | Steck-Tiefensteife für S3-Rahmen| 400 mm | verzinkt;;;;
40692;20052607;4026212062465;META CLIP / META COMPACT | Steck-Tiefensteife für S3-Rahmen| 500 mm | verzinkt;;;;
40693;20052608;4026212062472;META CLIP / META COMPACT | Steck-Tiefensteife für S3-Rahmen| 600 mm | verzinkt;;;;
40694;20052609;4026212062489;;;;;
40695;20052613;4026212062496;;;;;
40699;20053442;4026212063578;;;;;
40700;20053497;4026212063592;;;;;
40702;20053527;4026212063769;;;;;
40703;20053583;4026212063875;;;;;
40704;20053585;4026212063899;;;;;
40705;20053595;4026212063943;META CLIP | Reifenregal | Grundregal | 2500 x 1000 x 500 mm | Fachlast 150 kg | 3 Ebenen | verzinkt;;;;
40706;20053596;4026212063950;META CLIP | Reifenregal | Anbauregal | 2500 x 1000 x 500 mm | Fachlast 150 kg | 3 Ebenen | verzinkt;;;;
40709;20054292;4026212064940;;;;;
40710;20054293;4026212064957;;;;;
40711;20054299;4026212064971;;;;;
40712;20054317;4026212065077;;;;;
40713;20054756;4026212066098;;;;;
40714;20055738;4026212069495;;;;;
40715;20055754;4026212069563;;;;;
40718;20056548;4026212071818;;;;;
40719;20056888;4026212072204;;;;;
40720;20056902;4026212072228;;;;;
40721;20056903;4026212072235;;;;;
40722;20056904;4026212072242;;;;;
40723;20056905;4026212072259;;;;;
40724;20056906;4026212072266;;;;;
40725;20056907;4026212072273;;;;;
40726;20056909;4026212072280;;;;;
40727;20057140;4026212072457;;;;;
40728;20057447;4026212072679;;;;;
40729;20057698;4026212073133;Profilklammer für Doppel-Regal | META CLIP / META COMPACT | verzinkt;;;;
40730;20057801;4026212073409;;;;;
40733;20057917;4026212073508;;;;;
40734;20058456;4026212074536;;;;;
40735;20058457;4026212074543;;;;;
40736;20058458;4026212074550;;;;;
40737;20058459;4026212074567;;;;;
40738;20058460;4026212074574;;;;;
40739;20058658;4026212074673;;;;;
40745;20058688;4026212074765;;;;;
40746;20058689;4026212074772;;;;;
40747;20058690;4026212074789;;;;;
40748;20058691;4026212074796;;;;;
40749;20058692;4026212074802;;;;;
40752;2005906;4026212074970;;;;;
40753;20059085;4026212074994;;;;;
40754;20059087;4026212075014;;;;;
40755;20059089;4026212075038;;;;;
40756;20059091;4026212075052;;;;;
40757;20059092;4026212075069;;;;;
40758;20059093;4026212075076;;;;;
40759;20059094;4026212075083;;;;;
40760;20059095;4026212075090;;;;;
40761;20059097;4026212075106;;;;;
40762;20059098;4026212075113;;;;;
40763;20059099;4026212075120;;;;;
40764;20059100;4026212075137;;;;;
40765;20059101;4026212075144;;;;;
40766;20059102;4026212075151;;;;;
40767;20059103;4026212075168;;;;;
40768;20059104;4026212075175;;;;;
40769;20059105;4026212075182;;;;;
40770;20059106;4026212075199;;;;;
40771;20059107;4026212075205;;;;;
40772;20059108;4026212075212;;;;;
40773;20059109;4026212075229;;;;;
40774;20059110;4026212075236;;;;;
40775;20059111;4026212075243;;;;;
40776;20059112;4026212075250;;;;;
40777;20059113;4026212075267;;;;;
40778;20059114;4026212075274;;;;;
40779;20059334;4026212075755;META FIX COMPACT | Büro-Schraubregal | Grundregal | 1850 x 1000 x 600 mm | Fachlast 70 kg | 5+1 Ebenen | RAL 7035;;;;
40780;20059577;4026212075939;META FIX COMPACT | Büro-Schraubregal | Anbauregal | 1850 x 1000 x 600 mm | Fachlast 80 kg | 5+1 Ebenen | RAL 7035;;;;
40781;20059578;4026212075946;META FIX COMPACT | Büro-Schraubregal | Grundregal | 2200 x 1000 x 600 mm | Fachlast 100 kg | 6+1 Ebenen | RAL 7035;;;;
40782;20059579;4026212075953;META FIX COMPACT | Büro-Schraubregal | Anbauregal | 2200 x 1000 x 600 mm | Fachlast 100 kg | 6+1 Ebenen | RAL 7035;;;;
40783;20059582;4026212075984;META FIX COMPACT | Büro-Schraubregal | Grundregal | 1850 x 1000 x 600 mm | Fachlast 70 kg | 5+1 Ebenen | verzinkt;;;;
40784;20059583;4026212075991;META FIX COMPACT | Büro-Schraubregal | Anbauregal | 1850 x 1000 x 600 mm | Fachlast 80 kg | 5+1 Ebenen | verzinkt;;;;
40785;20059584;4026212076004;META FIX COMPACT | Büro-Schraubregal | Grundregal | 2200 x 1000 x 600 mm | Fachlast 100 kg | 6+1 Ebenen | verzinkt;;;;
40786;20059585;4026212076011;META FIX COMPACT | Büro-Schraubregal | Anbauregal | 2200 x 1000 x 600 mm | Fachlast 100 kg | 6+1 Ebenen | verzinkt;;;;
40787;20059700;4026212076134;;;;;
40788;20059701;4026212076141;;;;;
40789;20059702;4026212076158;;;;;
40790;20059737;4026212076202;META COMPACT | Büro-Steckregal | Grundregal | 2200 x 1000 x 600 mm | Fachlast 100 kg | 6+1 Ebenen | RAL 7035;;;;
40791;20059738;4026212076219;META COMPACT | Büro-Steckregal | Anbauregal | 2200 x 1000 x 600 mm | Fachlast 100 kg | 6+1 Ebenen | RAL 7035;;;;
40793;20060310;4026212076561;;;;;
40794;20060311;4026212076578;;;;;
40795;20060721;4026212077575;;;;;
40796;20060728;4026212077612;;;;;
40797;20060740;4026212077674;;;;;
40802;20060757;4026212077780;;;;;
40803;20060778;4026212077797;;;;;
40804;20060779;4026212077803;;;;;
40805;20060780;4026212077810;;;;;
40806;20060781;4026212077827;;;;;
40807;20060782;4026212077834;;;;;
40809;20060874;4026212077858;;;;;
40810;20060877;4026212077889;META COMPACT | Büro-Steckregalwand | Grundregal | 2200 x 1000 x 300 mm | Fachlast 80 kg | 6+1 Ebenen | RAL 7035;;;;
40811;20060880;4026212077919;META COMPACT | Büro-Steckregalwand | Anbauregal | 2200 x 1000 x 300 mm | Fachlast 80 kg | 6+1 Ebenen | RAL 7035;;;;
40815;20061303;4026212078718;;;;;
40816;20061304;4026212078725;;;;;
40818;20061448;4026212079180;;;;;
40820;20061451;4026212079210;;;;;
40821;20061534;4026212079241;;;;;
40822;20061917;4026212079548;;;;;
40823;20062170;4026212079647;;;;;
40824;20062211;4026212079708;;;;;
40825;20062219;4026212079715;;;;;
40833;20063331;4026212081541;;;;;
40839;20063605;4026212082098;;;;;
40840;20063708;4026212082173;META CLIP | Längsriegel | 1300 mm | RAL 7035;;;;
40845;20063993;4026212082333;;;;;
40846;20064308;4026212082579;;;;;
40847;20064309;4026212082586;;;;;
40854;20064501;4026212082906;;;;;
40855;20064513;4026212082913;;;;;
40856;20064544;4026212082944;;;;;
40857;20064976;4026212083378;;;;;
40858;20065473;4026212084290;;;;;
40859;20065542;4026212084320;;;;;
40860;20065769;4026212084658;;;;;
40862;20065876;4026212084719;META FIX COMPACT | Büro-Schraubregal | Grundregal | 1850 x 1000 x 300 mm | Fachlast 80 kg | 5 Ebenen | verzinkt;;;;
40863;20065877;4026212084726;META FIX COMPACT | Büro-Schraubregal | Grundregal | 1850 x 1000 x 600 mm | 70 kg | 5 Ebenen | verzinkt;;;;
40864;20065878;4026212084733;META FIX COMPACT | Büro-Schraubregal | Grundregal | 1850 x 1000 x 300 mm | Fachlast 80 kg | 5 Ebenen | RAL 7035;;;;
40865;20065879;4026212084740;META FIX COMPACT | Büro-Schraubregal | Grundregal | 1850 x 1000 x 600 mm | 70 kg | 5 Ebenen | RAL 7035;;;;
40866;20065880;4026212084757;META FIX COMPACT | Büro-Schraubregal | Anbauregal | 1850 x 1000 x 300 mm | Fachlast 80 kg | 5 Ebenen | verzinkt;;;;
40867;20065881;4026212084764;META FIX COMPACT | Büro-Schraubregal | Anbauregal | 1850 x 1000 x 600 mm | Fachlast 80 kg | 5 Ebenen | verzinkt;;;;
40868;20065882;4026212084771;META FIX COMPACT | Büro-Schraubregal | Anbauregal | 1850 x 1000 x 300 mm | Fachlast 80 kg | 5 Ebenen | RAL 7035;;;;
40869;20065883;4026212084788;META FIX COMPACT | Büro-Schraubregal | Anbauregal | 1850 x 1000 x 600 mm | Fachlast 80 kg | 5 Ebenen | RAL 7035;;;;
40871;20066079;4026212085198;META CLIP S3 | Fachbodenregal | Grundregal | 2000 x 1000 x 400 mm | Fachlast 100 kg | 3+1 Ebenen | verzinkt;;;;
40872;20066080;4026212085204;META CLIP S3 | Fachbodenregal | Anbauregal | 2000 x 1000 x 400 mm | Fachlast 100 kg | 3+1 Ebenen | verzinkt;;;;
40873;20066086;4026212085266;META CLIP S3 | Fachbodenregal | Anbauregal | 2000 x 1000 x 500 mm | Fachlast 100 kg | 3+1 Ebenen | verzinkt;;;;
40874;20066092;4026212085327;META CLIP S3 | Fachbodenregal | Anbauregal | 2000 x 1000 x 600 mm | Fachlast 100 kg | 3+1 Ebenen | verzinkt;;;;
40876;20066127;4026212085396;;;;;
40877;20066128;4026212085402;;;;;
40882;20066799;4026212085730;;;;;
40883;200676;4026212086881;;;;;
40895;20067766;4026212087284;;;;;
40896;20067767;4026212087291;;;;;
40897;20067769;4026212087307;;;;;
40898;20067779;4026212087390;;;;;
40901;20067810;4026212087611;META CLIP | Fachbodenregal | Grundregal | 2000 x 1000 x 300 mm | Fachlast 100 kg | 4+1 Ebenen | RAL 7035;;;;
40902;20067811;4026212087628;META CLIP | Fachbodenregal | Anbauregal | 2000 x 1000 x 300 mm | Fachlast 100 kg | 4+1 Ebenen | RAL 7035;;;;
40903;20067812;4026212087635;META CLIP | Fachbodenregal | Grundregal | 2500 x 1000 x 300 mm | Fachlast 100 kg | 5+1 Ebenen | RAL 7035;;;;
40904;20067813;4026212087642;META CLIP | Fachbodenregal | Anbauregal | 2500 x 1000 x 300 mm | Fachlast 100 kg | 5+1 Ebenen | RAL 7035;;;;
40905;20067814;4026212087659;META CLIP | Fachbodenregal | Grundregal | 3000 x 1000 x 300 mm | Fachlast 100 kg | 6+1 Ebenen | RAL 7035;;;;
40906;20067815;4026212087666;META CLIP | Fachbodenregal | Anbauregal | 3000 x 1000 x 300 mm | Fachlast 100 kg | 6+1 Ebenen | RAL 7035;;;;
40907;20067816;4026212087673;META CLIP | Fachbodenregal | Grundregal | 2000 x 1000 x 400 mm | Fachlast 100 kg | 4+1 Ebenen | RAL 7035;;;;
40908;20067817;4026212087680;META CLIP | Fachbodenregal | Anbauregal | 2000 x 1000 x 400 mm | Fachlast 100 kg | 4+1 Ebenen | RAL 7035;;;;
40909;20067818;4026212087697;META CLIP | Fachbodenregal | Grundregal | 2500 x 1000 x 400 mm | Fachlast 100 kg | 5+1 Ebenen | RAL 7035;;;;
40910;20067819;4026212087703;META CLIP | Fachbodenregal | Anbauregal | 2500 x 1000 x 400 mm | Fachlast 100 kg | 5+1 Ebenen | RAL 7035;;;;
40911;20067820;4026212087710;META CLIP | Fachbodenregal | Grundregal | 3000 x 1000 x 400 mm | Fachlast 100 kg | 6+1 Ebenen | RAL 7035;;;;
40912;20067821;4026212087727;META CLIP | Fachbodenregal | Anbauregal | 3000 x 1000 x 400 mm | Fachlast 100 kg | 6+1 Ebenen | RAL 7035;;;;
40913;20067822;4026212087734;META CLIP | Fachbodenregal | Grundregal | 2000 x 1000 x 500 mm | Fachlast 100 kg | 4+1 Ebenen | RAL 7035;;;;
40914;20067823;4026212087741;META CLIP | Fachbodenregal | Anbauregal | 2000 x 1000 x 500 mm | Fachlast 100 kg | 4+1 Ebenen | RAL 7035;;;;
40915;20067824;4026212087758;META CLIP | Fachbodenregal | Grundregal | 2500 x 1000 x 500 mm | Fachlast 100 kg | 5+1 Ebenen | RAL 7035;;;;
40916;20067825;4026212087765;META CLIP | Fachbodenregal | Anbauregal | 2500 x 1000 x 500 mm | Fachlast 100 kg | 5+1 Ebenen | RAL 7035;;;;
40917;20067826;4026212087772;META CLIP | Fachbodenregal | Grundregal | 3000 x 1000 x 500 mm | Fachlast 100 kg | 6+1 Ebenen | RAL 7035;;;;
40918;20067827;4026212087789;META CLIP | Fachbodenregal | Anbauregal | 3000 x 1000 x 500 mm | Fachlast 100 kg | 6+1 Ebenen | RAL 7035;;;;
40919;20067828;4026212087796;META CLIP | Fachbodenregal | Grundregal | 2000 x 1000 x 600 mm | Fachlast 100 kg | 4+1 Ebenen | RAL 7035;;;;
40920;20067829;4026212087802;META CLIP | Fachbodenregal | Anbauregal | 2000 x 1000 x 600 mm | Fachlast 100 kg | 4+1 Ebenen | RAL 7035;;;;
40921;20067830;4026212087819;META CLIP | Fachbodenregal | Grundregal | 2500 x 1000 x 600 mm | Fachlast 100 kg | 5+1 Ebenen | RAL 7035;;;;
40922;20067831;4026212087826;META CLIP | Fachbodenregal | Anbauregal | 2500 x 1000 x 600 mm | Fachlast 100 kg | 5+1 Ebenen | RAL 7035;;;;
40923;20067832;4026212087833;META CLIP | Fachbodenregal | Grundregal | 3000 x 1000 x 600 mm | Fachlast 100 kg | 6+1 Ebenen | RAL 7035;;;;
40924;20067833;4026212087840;META CLIP | Fachbodenregal | Anbauregal | 3000 x 1000 x 600 mm | Fachlast 100 kg | 6+1 Ebenen | RAL 7035;;;;
40925;20067834;4026212087857;META CLIP | Fachbodenregal | Grundregal | 2000 x 1000 x 400 mm | Fachlast 230 kg | 4+1 Ebenen | RAL 7035;;;;
40926;20067835;4026212087864;META CLIP | Fachbodenregal | Anbauregal | 2000 x 1000 x 400 mm | Fachlast 230 kg | 4+1 Ebenen | RAL 7035;;;;
40927;20067836;4026212087871;META CLIP | Fachbodenregal | Grundregal | 2500 x 1000 x 400 mm | Fachlast 230 kg | 5+1 Ebenen | RAL 7035;;;;
40928;20067837;4026212087888;META CLIP | Fachbodenregal | Anbauregal | 2500 x 1000 x 400 mm | Fachlast 230 kg | 5+1 Ebenen | RAL 7035;;;;
40929;20067838;4026212087895;META CLIP | Fachbodenregal | Grundregal | 3000 x 1000 x 400 mm | Fachlast 230 kg | 6+1 Ebenen | RAL 7035;;;;
40930;20067839;4026212087901;META CLIP | Fachbodenregal | Anbauregal | 3000 x 1000 x 400 mm | Fachlast 230 kg | 6+1 Ebenen | RAL 7035;;;;
40931;20067840;4026212087918;META CLIP | Fachbodenregal | Grundregal | 2000 x 1000 x 500 mm | Fachlast 230 kg | 4+1 Ebenen | RAL 7035;;;;
40932;20067841;4026212087925;META CLIP | Fachbodenregal | Anbauregal | 2000 x 1000 x 500 mm | Fachlast 230 kg | 4+1 Ebenen | RAL 7035;;;;
40933;20067842;4026212087932;META CLIP | Fachbodenregal | Grundregal | 2500 x 1000 x 500 mm | Fachlast 230 kg | 5+1 Ebenen | RAL 7035;;;;
40934;20067843;4026212087949;META CLIP | Fachbodenregal | Anbauregal | 2500 x 1000 x 500 mm | Fachlast 230 kg | 5+1 Ebenen | RAL 7035;;;;
40935;20067844;4026212087956;META CLIP | Fachbodenregal | Grundregal | 3000 x 1000 x 500 mm | Fachlast 230 kg | 6+1 Ebenen | RAL 7035;;;;
40936;20067845;4026212087963;META CLIP | Fachbodenregal | Anbauregal | 3000 x 1000 x 500 mm | Fachlast 230 kg | 6+1 Ebenen | RAL 7035;;;;
40937;20067846;4026212087970;META CLIP | Fachbodenregal | Grundregal | 2000 x 1000 x 600 mm | Fachlast 230 kg | 4+1 Ebenen | RAL 7035;;;;
40938;20067847;4026212087987;META CLIP | Fachbodenregal | Anbauregal | 2000 x 1000 x 600 mm | Fachlast 230 kg | 4+1 Ebenen | RAL 7035;;;;
40939;20067848;4026212087994;META CLIP | Fachbodenregal | Grundregal | 2500 x 1000 x 600 mm | Fachlast 230 kg | 5+1 Ebenen | RAL 7035;;;;
40940;20067849;4026212088007;META CLIP | Fachbodenregal | Anbauregal | 2500 x 1000 x 600 mm | Fachlast 230 kg | 5+1 Ebenen | RAL 7035;;;;
40941;20067850;4026212088014;META CLIP | Fachbodenregal | Grundregal | 3000 x 1000 x 600 mm | Fachlast 230 kg | 6+1 Ebenen | RAL 7035;;;;
40942;20067851;4026212088021;META CLIP | Fachbodenregal | Anbauregal | 3000 x 1000 x 600 mm | Fachlast 230 kg | 6+1 Ebenen | RAL 7035;;;;
40943;20067852;4026212088038;META CLIP | Fachbodenregal | Grundregal | 2000 x 1000 x 800 mm | Fachlast 230 kg | 4+1 Ebenen | RAL 7035;;;;
40944;20067853;4026212088045;META CLIP | Fachbodenregal | Anbauregal | 2000 x 1000 x 800 mm | Fachlast 230 kg | 4+1 Ebenen | RAL 7035;;;;
40945;20067854;4026212088052;META CLIP | Fachbodenregal | Grundregal | 2500 x 1000 x 800 mm | Fachlast 230 kg | 5+1 Ebenen | RAL 7035;;;;
40946;20067855;4026212088069;META CLIP | Fachbodenregal | Anbauregal | 2500 x 1000 x 800 mm | Fachlast 230 kg | 5+1 Ebenen | RAL 7035;;;;
40947;20067856;4026212088076;META CLIP | Fachbodenregal | Grundregal | 3000 x 1000 x 800 mm | Fachlast 230 kg | 6+1 Ebenen | RAL 7035;;;;
40948;20067857;4026212088083;META CLIP | Fachbodenregal | Anbauregal | 3000 x 1000 x 800 mm | Fachlast 230 kg | 6+1 Ebenen | RAL 7035;;;;
40949;20067858;4026212088090;META CLIP | Fachbodenregal | Grundregal | 2000 x 1000 x 400 mm | Fachlast 330 kg | 4+1 Ebenen | RAL 7035;;;;
40950;20067859;4026212088106;META CLIP | Fachbodenregal | Anbauregal | 2000 x 1000 x 400 mm | Fachlast 330 kg | 4+1 Ebenen | RAL 7035;;;;
40951;20067860;4026212088113;META CLIP | Fachbodenregal | Grundregal | 2500 x 1000 x 400 mm | Fachlast 330 kg | 5+1 Ebenen | RAL 7035;;;;
40952;20067861;4026212088120;META CLIP | Fachbodenregal | Anbauregal | 2500 x 1000 x 400 mm | Fachlast 330 kg | 5+1 Ebenen | RAL 7035;;;;
40953;20067862;4026212088137;META CLIP | Fachbodenregal | Grundregal | 3000 x 1000 x 400 mm | Fachlast 330 kg | 6+1 Ebenen | RAL 7035;;;;
40954;20067863;4026212088144;META CLIP | Fachbodenregal | Anbauregal | 3000 x 1000 x 400 mm | Fachlast 330 kg | 6+1 Ebenen | RAL 7035;;;;
40955;20067864;4026212088151;META CLIP | Fachbodenregal | Grundregal | 2000 x 1000 x 500 mm | Fachlast 330 kg | 4+1 Ebenen | RAL 7035;;;;
40956;20067865;4026212088168;META CLIP | Fachbodenregal | Anbauregal | 2000 x 1000 x 500 mm | Fachlast 330 kg | 4+1 Ebenen | RAL 7035;;;;
40957;20067866;4026212088175;META CLIP | Fachbodenregal | Grundregal | 2500 x 1000 x 500 mm | Fachlast 330 kg | 5+1 Ebenen | RAL 7035;;;;
40958;20067867;4026212088182;META CLIP | Fachbodenregal | Anbauregal | 2500 x 1000 x 500 mm | Fachlast 330 kg | 5+1 Ebenen | RAL 7035;;;;
40959;20067868;4026212088199;META CLIP | Fachbodenregal | Grundregal | 3000 x 1000 x 500 mm | Fachlast 330 kg | 6+1 Ebenen | RAL 7035;;;;
40960;20067869;4026212088205;META CLIP | Fachbodenregal | Anbauregal | 3000 x 1000 x 500 mm | Fachlast 330 kg | 6+1 Ebenen | RAL 7035;;;;
40961;20067870;4026212088212;META CLIP | Fachbodenregal | Grundregal | 2000 x 1000 x 600 mm | Fachlast 330 kg | 4+1 Ebenen | RAL 7035;;;;
40962;20067871;4026212088229;META CLIP | Fachbodenregal | Anbauregal | 2000 x 1000 x 600 mm | Fachlast 330 kg | 4+1 Ebenen | RAL 7035;;;;
40963;20067872;4026212088236;META CLIP | Fachbodenregal | Grundregal | 2500 x 1000 x 600 mm | Fachlast 330 kg | 5+1 Ebenen | RAL 7035;;;;
40964;20067873;4026212088243;META CLIP | Fachbodenregal | Anbauregal | 2500 x 1000 x 600 mm | Fachlast 330 kg | 5+1 Ebenen | RAL 7035;;;;
40965;20067874;4026212088250;META CLIP | Fachbodenregal | Grundregal | 3000 x 1000 x 600 mm | Fachlast 330 kg | 6+1 Ebenen | RAL 7035;;;;
40966;20067875;4026212088267;META CLIP | Fachbodenregal | Anbauregal | 3000 x 1000 x 600 mm | Fachlast 330 kg | 6+1 Ebenen | RAL 7035;;;;
40967;20067876;4026212088274;META CLIP | Fachbodenregal | Grundregal | 2000 x 1000 x 800 mm | Fachlast 330 kg | 4+1 Ebenen | RAL 7035;;;;
40968;20067877;4026212088281;META CLIP | Fachbodenregal | Anbauregal | 2000 x 1000 x 800 mm | Fachlast 330 kg | 4+1 Ebenen | RAL 7035;;;;
40969;20067878;4026212088298;META CLIP | Fachbodenregal | Grundregal | 2500 x 1000 x 800 mm | Fachlast 330 kg | 5+1 Ebenen | RAL 7035;;;;
40970;20067879;4026212088304;META CLIP | Fachbodenregal | Anbauregal | 2500 x 1000 x 800 mm | Fachlast 330 kg | 5+1 Ebenen | RAL 7035;;;;
40971;20067880;4026212088311;META CLIP | Fachbodenregal | Grundregal | 3000 x 1000 x 800 mm | Fachlast 330 kg | 6+1 Ebenen | RAL 7035;;;;
40972;20067881;4026212088328;META CLIP | Fachbodenregal | Anbauregal | 3000 x 1000 x 800 mm | Fachlast 330 kg | 6+1 Ebenen | RAL 7035;;;;
40985;200679;4026212088458;;;;;
40986;20067904;4026212088465;META CLIP | Schrankmodul | Grundregal | Variante 3 | 2000 x 1000 x 500 mm | mit Volltür | RAL 7035;;;;
40987;20067906;4026212088472;META CLIP | Schrankmodul | Anbauregal | Variante 3 | 2000 x 1000 x 500 mm | mit Volltür | RAL 7035;;;;
40988;20067907;4026212088489;META CLIP | Schrankmodul | Grundregal | Variante 1 | 2000 x 1000 x 500 mm | offene Fächer und Flügeltür unten | RAL 7035;;;;
40989;20067908;4026212088496;META CLIP | Schrankmodul | Anbauregal | Variante 1 | 2000 x 1000 x 500 mm | offene Fächer und Flügeltür unten | RAL 7035;;;;
40990;20067910;4026212088502;META CLIP | Schrankmodul | Grundregal | Variante 2 | 2000 x 1000 x 500 mm | mit zwei Flügeltüren | RAL 7035;;;;
40991;20067911;4026212088519;META CLIP | Schrankmodul | Anbauregal | Variante 2 | 2000 x 1000 x 500 mm | mit zwei Flügeltüren | RAL 7035;;;;
40992;20067932;4026212088632;META CLIP | Fachbodenregal | Grundregal | 2000 x 1300 x 400 mm | Fachlast 230 kg | 3+1 Ebenen | RAL 7035;;;;
40993;20067933;4026212088649;META CLIP | Fachbodenregal | Anbauregal | 2000 x 1300 x 400 mm | Fachlast 230 kg | 3+1 Ebenen | RAL 7035;;;;
40994;20067934;4026212088656;META CLIP | Fachbodenregal | Grundregal | 2500 x 1300 x 400 mm | Fachlast 230 kg | 4+1 Ebenen | RAL 7035;;;;
40995;20067935;4026212088663;META CLIP | Fachbodenregal | Anbauregal | 2500 x 1300 x 400 mm | Fachlast 230 kg | 4+1 Ebenen | RAL 7035;;;;
40996;20067936;4026212088670;META CLIP | Fachbodenregal | Grundregal | 3000 x 1300 x 400 mm | Fachlast 230 kg | 5+1 Ebenen | RAL 7035;;;;
40997;20067937;4026212088687;META CLIP | Fachbodenregal | Anbauregal | 3000 x 1300 x 400 mm | Fachlast 230 kg | 5+1 Ebenen | RAL 7035;;;;
40998;20067938;4026212088694;META CLIP | Fachbodenregal | Grundregal | 2000 x 1300 x 500 mm | Fachlast 230 kg | 3+1 Ebenen | RAL 7035;;;;
40999;20067939;4026212088700;META CLIP | Fachbodenregal | Anbauregal | 2000 x 1300 x 500 mm | Fachlast 230 kg | 3+1 Ebenen | RAL 7035;;;;
41000;20067940;4026212088717;META CLIP | Fachbodenregal | Grundregal | 2500 x 1300 x 500 mm | Fachlast 230 kg | 4+1 Ebenen | RAL 7035;;;;
41001;20067941;4026212088724;META CLIP | Fachbodenregal | Anbauregal | 2500 x 1300 x 500 mm | Fachlast 230 kg | 4+1 Ebenen | RAL 7035;;;;
41002;20067942;4026212088731;META CLIP | Fachbodenregal | Grundregal | 3000 x 1300 x 500 mm | Fachlast 230 kg | 5+1 Ebenen | RAL 7035;;;;
41003;20067943;4026212088748;META CLIP | Fachbodenregal | Anbauregal | 3000 x 1300 x 500 mm | Fachlast 230 kg | 5+1 Ebenen | RAL 7035;;;;
41004;20067944;4026212088755;META CLIP | Fachbodenregal | Grundregal | 2000 x 1300 x 600 mm | Fachlast 230 kg | 3+1 Ebenen | RAL 7035;;;;
41005;20067945;4026212088762;META CLIP | Fachbodenregal | Anbauregal | 2000 x 1300 x 600 mm | Fachlast 230 kg | 3+1 Ebenen | RAL 7035;;;;
41006;20067946;4026212088779;META CLIP | Fachbodenregal | Grundregal | 2500 x 1300 x 600 mm | Fachlast 230 kg | 4+1 Ebenen | RAL 7035;;;;
41007;20067947;4026212088786;META CLIP | Fachbodenregal | Anbauregal | 2500 x 1300 x 600 mm | Fachlast 230 kg | 4+1 Ebenen | RAL 7035;;;;
41008;20067948;4026212088793;META CLIP | Fachbodenregal | Grundregal | 3000 x 1300 x 600 mm | Fachlast 230 kg | 5+1 Ebenen | RAL 7035;;;;
41009;20067949;4026212088809;META CLIP | Fachbodenregal | Anbauregal | 3000 x 1300 x 600 mm | Fachlast 230 kg | 5+1 Ebenen | RAL 7035;;;;
41010;20067950;4026212088816;META CLIP | Fachbodenregal | Grundregal | 2000 x 1300 x 800 mm | Fachlast 230 kg | 3+1 Ebenen | RAL 7035;;;;
41011;20067951;4026212088823;META CLIP | Fachbodenregal | Anbauregal | 2000 x 1300 x 800 mm | Fachlast 230 kg | 3+1 Ebenen | RAL 7035;;;;
41012;20067952;4026212088830;META CLIP | Fachbodenregal | Grundregal | 2500 x 1300 x 800 mm | Fachlast 230 kg | 4+1 Ebenen | RAL 7035;;;;
41013;20067953;4026212088847;META CLIP | Fachbodenregal | Anbauregal | 2500 x 1300 x 800 mm | Fachlast 230 kg | 4+1 Ebenen | RAL 7035;;;;
41014;20067954;4026212088854;META CLIP | Fachbodenregal | Grundregal | 3000 x 1300 x 800 mm | Fachlast 230 kg | 5+1 Ebenen | RAL 7035;;;;
41015;20067955;4026212088861;META CLIP | Fachbodenregal | Anbauregal | 3000 x 1300 x 800 mm | Fachlast 230 kg | 5+1 Ebenen | RAL 7035;;;;
41021;20067985;4026212089066;META FIX | Fachbodenregal | Grundregal | 2000 x 1000 x 300 mm | Fachlast 100 kg | 5 Ebenen | RAL 7035;;;;
41022;20067986;4026212089073;META FIX | Fachbodenregal | Anbauregal | 2000 x 1000 x 300 mm | Fachlast 100 kg | 5 Ebenen | RAL 7035;;;;
41023;20067987;4026212089080;META FIX | Fachbodenregal | Grundregal | 2500 x 1000 x 300 mm | Fachlast 100 kg | 6 Ebenen | RAL 7035;;;;
41024;20067988;4026212089097;META FIX | Fachbodenregal | Anbauregal | 2500 x 1000 x 300 mm | Fachlast 100 kg | 6 Ebenen | RAL 7035;;;;
41025;20067991;4026212089127;META FIX | Fachbodenregal | Grundregal | 2000 x 1000 x 400 mm | Fachlast 100 kg | 5 Ebenen | RAL 7035;;;;
41026;20067992;4026212089134;META FIX | Fachbodenregal | Anbauregal | 2000 x 1000 x 400 mm | Fachlast 100 kg | 5 Ebenen | RAL 7035;;;;
41027;20067993;4026212089141;META FIX | Fachbodenregal | Grundregal | 2500 x 1000 x 400 mm | Fachlast 100 kg | 6 Ebenen | RAL 7035;;;;
41028;20067994;4026212089158;META FIX | Fachbodenregal | Anbauregal | 2500 x 1000 x 400 mm | Fachlast 100 kg | 6 Ebenen | RAL 7035;;;;
41029;20067997;4026212089189;META FIX | Fachbodenregal | Grundregal | 2000 x 1000 x 500 mm | Fachlast 100 kg | 5 Ebenen | RAL 7035;;;;
41030;20067998;4026212089196;META FIX | Fachbodenregal | Anbauregal | 2000 x 1000 x 500 mm | Fachlast 100 kg | 5 Ebenen | RAL 7035;;;;
41031;20067999;4026212089202;META FIX | Fachbodenregal | Grundregal | 2500 x 1000 x 500 mm | Fachlast 100 kg | 6 Ebenen | RAL 7035;;;;
41032;20068000;4026212089219;META FIX | Fachbodenregal | Anbauregal | 2500 x 1000 x 500 mm | Fachlast 100 kg | 6 Ebenen | RAL 7035;;;;
41033;20068003;4026212089240;META FIX | Fachbodenregal | Grundregal | 2000 x 1000 x 600 mm | Fachlast 100 kg | 5 Ebenen | RAL 7035;;;;
41034;20068004;4026212089257;META FIX | Fachbodenregal | Anbauregal | 2000 x 1000 x 600 mm | Fachlast 100 kg | 5 Ebenen | RAL 7035;;;;
41035;20068005;4026212089264;META FIX | Fachbodenregal | Grundregal | 2500 x 1000 x 600 mm | Fachlast 100 kg | 6 Ebenen | RAL 7035;;;;
41036;20068006;4026212089271;META FIX | Fachbodenregal | Anbauregal | 2500 x 1000 x 600 mm | Fachlast 100 kg | 6 Ebenen | RAL 7035;;;;
41037;20068009;4026212089301;META FIX | Fachbodenregal | Grundregal | 2000 x 1000 x 400 mm | Fachlast 230 kg | 5 Ebenen | RAL 7035;;;;
41038;20068010;4026212089318;META FIX | Fachbodenregal | Anbauregal | 2000 x 1000 x 400 mm | Fachlast 230 kg | 5 Ebenen | RAL 7035;;;;
41039;20068011;4026212089325;META FIX | Fachbodenregal | Grundregal | 2500 x 1000 x 400 mm | Fachlast 230 kg | 6 Ebenen | RAL 7035;;;;
41040;20068012;4026212089332;META FIX | Fachbodenregal | Anbauregal | 2500 x 1000 x 400 mm | Fachlast 230 kg | 6 Ebenen | RAL 7035;;;;
41041;20068013;4026212089349;META FIX | Fachbodenregal | Grundregal | 3000 x 1000 x 400 mm | Fachlast 230 kg | 7 Ebenen | RAL 7035;;;;
41042;20068014;4026212089356;META FIX | Fachbodenregal | Anbauregal | 3000 x 1000 x 400 mm | Fachlast 230 kg | 7 Ebenen | RAL 7035;;;;
41043;20068015;4026212089363;META FIX | Fachbodenregal | Grundregal | 2000 x 1000 x 500 mm | Fachlast 230 kg | 5 Ebenen | RAL 7035;;;;
41044;20068016;4026212089370;META FIX | Fachbodenregal | Anbauregal | 2000 x 1000 x 500 mm | Fachlast 230 kg | 5 Ebenen | RAL 7035;;;;
41045;20068017;4026212089387;META FIX | Fachbodenregal | Grundregal | 2500 x 1000 x 500 mm | Fachlast 230 kg | 6 Ebenen | RAL 7035;;;;
41046;20068018;4026212089394;META FIX | Fachbodenregal | Anbauregal | 2500 x 1000 x 500 mm | Fachlast 230 kg | 6 Ebenen | RAL 7035;;;;
41047;20068019;4026212089400;META FIX | Fachbodenregal | Grundregal | 3000 x 1000 x 500 mm | Fachlast 230 kg | 7 Ebenen | RAL 7035;;;;
41048;20068020;4026212089417;META FIX | Fachbodenregal | Anbauregal | 3000 x 1000 x 500 mm | Fachlast 230 kg | 7 Ebenen | RAL 7035;;;;
41049;20068021;4026212089424;META FIX | Fachbodenregal | Grundregal | 2000 x 1000 x 600 mm | Fachlast 230 kg | 5 Ebenen | RAL 7035;;;;
41050;20068022;4026212089431;META FIX | Fachbodenregal | Anbauregal | 2000 x 1000 x 600 mm | Fachlast 230 kg | 5 Ebenen | RAL 7035;;;;
41051;20068023;4026212089448;META FIX | Fachbodenregal | Grundregal | 2500 x 1000 x 600 mm | Fachlast 230 kg | 6 Ebenen | RAL 7035;;;;
41052;20068024;4026212089455;META FIX | Fachbodenregal | Anbauregal | 2500 x 1000 x 600 mm | Fachlast 230 kg | 6 Ebenen | RAL 7035;;;;
41053;20068025;4026212089462;META FIX | Fachbodenregal | Grundregal | 3000 x 1000 x 600 mm | Fachlast 230 kg | 7 Ebenen | RAL 7035;;;;
41054;20068026;4026212089479;META FIX | Fachbodenregal | Anbauregal | 3000 x 1000 x 600 mm | Fachlast 230 kg | 7 Ebenen | RAL 7035;;;;
41055;20068027;4026212089486;META FIX | Fachbodenregal | Grundregal | 2000 x 1000 x 800 mm | Fachlast 230 kg | 5 Ebenen | RAL 7035;;;;
41056;20068028;4026212089493;META FIX | Fachbodenregal | Anbauregal | 2000 x 1000 x 800 mm | Fachlast 230 kg | 5 Ebenen | RAL 7035;;;;
41057;20068029;4026212089509;META FIX | Fachbodenregal | Grundregal | 2500 x 1000 x 800 mm | Fachlast 230 kg | 6 Ebenen | RAL 7035;;;;
41058;20068030;4026212089516;META FIX | Fachbodenregal | Anbauregal | 2500 x 1000 x 800 mm | Fachlast 230 kg | 6 Ebenen | RAL 7035;;;;
41059;20068031;4026212089523;META FIX | Fachbodenregal | Grundregal | 3000 x 1000 x 800 mm | Fachlast 230 kg | 7 Ebenen | RAL 7035;;;;
41060;20068032;4026212089530;META FIX | Fachbodenregal | Anbauregal | 3000 x 1000 x 800 mm | Fachlast 230 kg | 7 Ebenen | RAL 7035;;;;
41061;20068057;4026212089783;;;;;
41062;20068058;4026212089790;;;;;
41063;20068059;4026212089806;;;;;
41064;20068060;4026212089813;;;;;
41065;20068061;4026212089820;;;;;
41066;20068062;4026212089837;;;;;
41067;20068063;4026212089844;;;;;
41068;20068064;4026212089851;;;;;
41069;200681;4026212090208;;;;;
41070;200683;4026212092042;;;;;
41072;20068416;4026212092691;;;;;
41073;20068417;4026212092707;META CLIP SET | Fachbodenregal | Grundregal | 2000 x 1000 x 500 mm | Fachlast 230 kg | 3+1 Ebenen | RAL 7035;;;;
41074;20068418;4026212092714;META CLIP SET | Fachbodenregal | Anbauregal | 2000 x 1000 x 500 mm | Fachlast 230 kg | 3+1 Ebenen | RAL 7035;;;;
41075;200685;4026212093209;;;;;
41076;20068528;4026212093292;;;;;
41077;20068534;4026212093322;META MINI-RACK | Fassregal | Grundregal | 2200 x 1400 x 800 mm | 2 Ebenen | verzinkt;;;;
41078;20068535;4026212093339;META MINI-RACK | Fassregal | Anbauregal | 2200 x 1400 x 800 mm | 2 Ebenen | verzinkt;;;;
41079;20068571;4026212093506;META COMPACT | Büro-Steckregal | Grundregal | 2200 x 1000 x 300 mm | Fachlast 80 kg | 6+1 Ebenen | RAL 7035;;;;
41080;20068572;4026212093513;META COMPACT | Büro-Steckregal | Anbauregal | 2200 x 1000 x 300 mm | Fachlast 80 kg | 6+1 Ebenen | RAL 7035;;;;
41081;20068593;4026212093605;META FIX COMPACT | Büro-Schraubregal | Grundregal | 1850 x 1000 x 300 mm | Fachlast 80 kg | 5+1 Ebenen | verzinkt;;;;
41082;20068594;4026212093612;META FIX COMPACT | Büro-Schraubregal | Anbauregal | 1850 x 1000 x 300 mm | Fachlast 80 kg | 5+1 Ebenen | verzinkt;;;;
41083;20068595;4026212093629;META FIX COMPACT | Büro-Schraubregal | Grundregal | 2200 x 1000 x 300 mm | Fachlast 80 kg | 6+1 Ebenen | verzinkt;;;;
41084;20068596;4026212093636;META FIX COMPACT | Büro-Schraubregal | Anbauregal | 2200 x 1000 x 300 mm | Fachlast 80 kg | 6+1 Ebenen | verzinkt;;;;
41085;20068599;4026212093667;META FIX COMPACT | Büro-Schraubregal | Grundregal | 1850 x 1000 x 300 mm | Fachlast 80 kg | 5+1 Ebenen | RAL 7035;;;;
41086;20068600;4026212093674;META FIX COMPACT | Büro-Schraubregal | Anbauregal | 1850 x 1000 x 300 mm | Fachlast 80 kg | 5+1 Ebenen | RAL 7035;;;;
41087;20068601;4026212093681;META FIX COMPACT | Büro-Schraubregal | Grundregal | 2200 x 1000 x 300 mm | Fachlast 80 kg | 6+1 Ebenen | RAL 7035;;;;
41088;20068602;4026212093698;META FIX COMPACT | Büro-Schraubregal | Anbauregal | 2200 x 1000 x 300 mm | Fachlast 80 kg | 6+1 Ebenen | RAL 7035;;;;
41089;200687;4026212093797;;;;;
41115;200688;4026212094411;;;;;
41127;20068983;4026212095791;;;;;
41132;20069048;4026212096149;;;;;
41133;20069050;4026212096156;;;;;
41134;20069590;4026212097603;;;;;
41135;20069591;4026212097610;;;;;
41136;20069592;4026212097627;;;;;
41137;20069593;4026212097634;;;;;
41138;20069594;4026212097641;;;;;
41139;20069595;4026212097658;;;;;
41140;20069596;4026212097665;;;;;
41142;20069768;4026212098754;;;;;
41143;20069769;4026212098761;;;;;
41144;20069770;4026212098778;;;;;
41145;20069771;4026212098785;;;;;
41146;20069772;4026212098792;;;;;
41147;20069773;4026212098808;;;;;
41148;20069774;4026212098815;;;;;
41149;20069775;4026212098822;;;;;
41150;20069776;4026212098839;;;;;
41151;20069777;4026212098846;;;;;
41152;20069778;4026212098853;;;;;
41153;20069779;4026212098860;;;;;
41154;20069780;4026212098877;;;;;
41155;20069781;4026212098884;;;;;
41156;20069782;4026212098891;;;;;
41157;20069783;4026212098907;;;;;
41158;20069784;4026212098914;;;;;
41159;20069785;4026212098921;;;;;
41160;20069786;4026212098938;;;;;
41161;20069787;4026212098945;;;;;
41162;20069788;4026212098952;;;;;
41163;20069789;4026212098969;;;;;
41164;20069790;4026212098976;;;;;
41165;20069791;4026212098983;;;;;
41166;20069792;4026212098990;;;;;
41167;20069793;4026212099003;;;;;
41168;20069796;4026212099034;;;;;
41169;20069797;4026212099041;;;;;
41170;20069800;4026212099072;;;;;
41171;20069801;4026212099089;;;;;
41172;20069804;4026212099119;;;;;
41173;20069805;4026212099126;;;;;
41174;20069884;4026212099294;;;;;
41175;20069885;4026212099300;;;;;
41176;20069886;4026212099317;;;;;
41177;20069887;4026212099324;;;;;
41178;20069888;4026212099331;;;;;
41179;20069979;4026212099492;;;;;
41180;200703;4026212100228;;;;;
41181;200704;4026212100372;;;;;
41182;200705;4026212100464;;;;;
41183;20070585;4026212100747;META CLIP | Fachbodenregal | Doppel-Grundregal | 2000 x 1000 x 300 mm | Fachlast 100 kg | 4+1 Ebenen | verzinkt;;;;
41184;20070586;4026212100754;META CLIP | Fachbodenregal | Doppel-Anbauregal | 2000 x 1000 x 300 mm | Fachlast 100 kg | 4+1 Ebenen | verzinkt;;;;
41185;20070587;4026212100761;META CLIP | Fachbodenregal | Doppel-Grundregal | 2500 x 1000 x 300 mm | Fachlast 100 kg | 5+1 Ebenen | verzinkt;;;;
41186;20070588;4026212100778;META CLIP | Fachbodenregal | Doppel-Anbauregal | 2500 x 1000 x 300 mm | Fachlast 100 kg | 5+1 Ebenen | verzinkt;;;;
41187;20070589;4026212100785;META CLIP | Fachbodenregal | Doppel-Grundregal | 3000 x 1000 x 300 mm | Fachlast 100 kg | 6+1 Ebenen | verzinkt;;;;
41188;20070590;4026212100792;META CLIP | Fachbodenregal | Doppel-Anbauregal | 3000 x 1000 x 300 mm | Fachlast 100 kg | 6+1 Ebenen | verzinkt;;;;
41189;20070592;4026212100808;META CLIP | Fachbodenregal | Doppel-Grundregal | 2000 x 1000 x 400 mm | Fachlast 100 kg | 4+1 Ebenen | verzinkt;;;;
41190;20070593;4026212100815;META CLIP | Fachbodenregal | Doppel-Anbauregal | 2000 x 1000 x 400 mm | Fachlast 100 kg | 4+1 Ebenen | verzinkt;;;;
41191;20070594;4026212100822;META CLIP | Fachbodenregal | Doppel-Grundregal | 2500 x 1000 x 400 mm | Fachlast 100 kg | 5+1 Ebenen | verzinkt;;;;
41192;20070595;4026212100839;META CLIP | Fachbodenregal | Doppel-Anbauregal | 2500 x 1000 x 400 mm | Fachlast 100 kg | 5+1 Ebenen | verzinkt;;;;
41193;20070596;4026212100846;META CLIP | Fachbodenregal | Doppel-Grundregal | 3000 x 1000 x 400 mm | Fachlast 100 kg | 6+1 Ebenen | verzinkt;;;;
41194;20070597;4026212100853;META CLIP | Fachbodenregal | Doppel-Anbauregal | 3000 x 1000 x 400 mm | Fachlast 100 kg | 6+1 Ebenen | verzinkt;;;;
41195;20070598;4026212100860;META CLIP | Fachbodenregal | Doppel-Grundregal | 2000 x 1000 x 500 mm | Fachlast 100 kg | 4+1 Ebenen | verzinkt;;;;
41196;20070599;4026212100877;META CLIP | Fachbodenregal | Doppel-Anbauregal | 2000 x 1000 x 500 mm | Fachlast 100 kg | 4+1 Ebenen | verzinkt;;;;
41197;20070600;4026212100884;META CLIP | Fachbodenregal | Doppel-Grundregal | 2500 x 1000 x 500 mm | Fachlast 100 kg | 5+1 Ebenen | verzinkt;;;;
41198;20070601;4026212100891;META CLIP | Fachbodenregal | Doppel-Anbauregal | 2500 x 1000 x 500 mm | Fachlast 100 kg | 5+1 Ebenen | verzinkt;;;;
41199;20070602;4026212100907;META CLIP | Fachbodenregal | Doppel-Grundregal | 3000 x 1000 x 500 mm | Fachlast 100 kg | 6+1 Ebenen | verzinkt;;;;
41200;20070603;4026212100914;META CLIP | Fachbodenregal | Doppel-Anbauregal | 3000 x 1000 x 500 mm | Fachlast 100 kg | 6+1 Ebenen | verzinkt;;;;
41201;20070604;4026212100921;META CLIP | Fachbodenregal | Doppel-Grundregal | 2000 x 1000 x 600 mm | Fachlast 100 kg | 4+1 Ebenen | verzinkt;;;;
41202;20070605;4026212100938;META CLIP | Fachbodenregal | Doppel-Anbauregal | 2000 x 1000 x 600 mm | Fachlast 100 kg | 4+1 Ebenen | verzinkt;;;;
41203;20070606;4026212100945;META CLIP | Fachbodenregal | Doppel-Grundregal | 2500 x 1000 x 600 mm | Fachlast 100 kg | 5+1 Ebenen | verzinkt;;;;
41204;20070607;4026212100952;META CLIP | Fachbodenregal | Doppel-Anbauregal | 2500 x 1000 x 600 mm | Fachlast 100 kg | 5+1 Ebenen | verzinkt;;;;
41205;20070608;4026212100969;META CLIP | Fachbodenregal | Doppel-Grundregal | 3000 x 1000 x 600 mm | Fachlast 100 kg | 6+1 Ebenen | verzinkt;;;;
41206;20070609;4026212100976;META CLIP | Fachbodenregal | Doppel-Anbauregal | 3000 x 1000 x 600 mm | Fachlast 100 kg | 6+1 Ebenen | verzinkt;;;;
41207;20070610;4026212100983;META CLIP | Fachbodenregal | Doppel-Grundregal | 2000 x 1000 x 400 mm | Fachlast 230 kg | 4+1 Ebenen | verzinkt;;;;
41208;20070611;4026212100990;META CLIP | Fachbodenregal | Doppel-Anbauregal | 2000 x 1000 x 400 mm | Fachlast 230 kg | 4+1 Ebenen | verzinkt;;;;
41209;20070612;4026212101003;META CLIP | Fachbodenregal | Doppel-Grundregal | 2500 x 1000 x 400 mm | Fachlast 230 kg | 5+1 Ebenen | verzinkt;;;;
41210;20070613;4026212101010;META CLIP | Fachbodenregal | Doppel-Anbauregal | 2500 x 1000 x 400 mm | Fachlast 230 kg | 5+1 Ebenen | verzinkt;;;;
41211;20070614;4026212101027;META CLIP | Fachbodenregal | Doppel-Grundregal | 3000 x 1000 x 400 mm | Fachlast 230 kg | 6+1 Ebenen | verzinkt;;;;
41212;20070615;4026212101034;META CLIP | Fachbodenregal | Doppel-Anbauregal | 3000 x 1000 x 400 mm | Fachlast 230 kg | 6+1 Ebenen | verzinkt;;;;
41213;20070616;4026212101041;META CLIP | Fachbodenregal | Doppel-Grundregal | 2000 x 1000 x 500 mm | Fachlast 230 kg | 4+1 Ebenen | verzinkt;;;;
41214;20070617;4026212101058;META CLIP | Fachbodenregal | Doppel-Anbauregal | 2000 x 1000 x 500 mm | Fachlast 230 kg | 4+1 Ebenen | verzinkt;;;;
41215;20070618;4026212101065;META CLIP | Fachbodenregal | Doppel-Grundregal | 2500 x 1000 x 500 mm | Fachlast 230 kg | 5+1 Ebenen | verzinkt;;;;
41216;20070619;4026212101072;META CLIP | Fachbodenregal | Doppel-Anbauregal | 2500 x 1000 x 500 mm | Fachlast 230 kg | 5+1 Ebenen | verzinkt;;;;
41217;20070620;4026212101089;META CLIP | Fachbodenregal | Doppel-Grundregal | 3000 x 1000 x 500 mm | Fachlast 230 kg | 6+1 Ebenen | verzinkt;;;;
41218;20070621;4026212101096;META CLIP | Fachbodenregal | Doppel-Anbauregal | 3000 x 1000 x 500 mm | Fachlast 230 kg | 6+1 Ebenen | verzinkt;;;;
41219;20070622;4026212101102;META CLIP | Fachbodenregal | Doppel-Grundregal | 2000 x 1000 x 600 mm | Fachlast 230 kg | 4+1 Ebenen | verzinkt;;;;
41220;20070623;4026212101119;META CLIP | Fachbodenregal | Doppel-Anbauregal | 2000 x 1000 x 600 mm | Fachlast 230 kg | 4+1 Ebenen | verzinkt;;;;
41221;20070624;4026212101126;META CLIP | Fachbodenregal | Doppel-Grundregal | 2500 x 1000 x 600 mm | Fachlast 230 kg | 5+1 Ebenen | verzinkt;;;;
41222;20070625;4026212101133;META CLIP | Fachbodenregal | Doppel-Anbauregal | 2500 x 1000 x 600 mm | Fachlast 230 kg | 5+1 Ebenen | verzinkt;;;;
41223;20070626;4026212101140;META CLIP | Fachbodenregal | Doppel-Grundregal | 3000 x 1000 x 600 mm | Fachlast 230 kg | 6+1 Ebenen | verzinkt;;;;
41224;20070627;4026212101157;META CLIP | Fachbodenregal | Doppel-Anbauregal | 3000 x 1000 x 600 mm | Fachlast 230 kg | 6+1 Ebenen | verzinkt;;;;
41225;20070628;4026212101164;META CLIP | Fachbodenregal | Doppel-Grundregal | 2000 x 1000 x 800 mm | Fachlast 230 kg | 4+1 Ebenen | verzinkt;;;;
41226;20070629;4026212101171;META CLIP | Fachbodenregal | Doppel-Anbauregal | 2000 x 1000 x 800 mm | Fachlast 230 kg | 4+1 Ebenen | verzinkt;;;;
41227;20070630;4026212101188;META CLIP | Fachbodenregal | Doppel-Grundregal | 2500 x 1000 x 800 mm | Fachlast 230 kg | 5+1 Ebenen | verzinkt;;;;
41228;20070631;4026212101195;META CLIP | Fachbodenregal | Doppel-Anbauregal | 2500 x 1000 x 800 mm | Fachlast 230 kg | 5+1 Ebenen | verzinkt;;;;
41229;20070632;4026212101201;META CLIP | Fachbodenregal | Doppel-Grundregal | 3000 x 1000 x 800 mm | Fachlast 230 kg | 6+1 Ebenen | verzinkt;;;;
41230;20070633;4026212101218;META CLIP | Fachbodenregal | Doppel-Anbauregal | 3000 x 1000 x 800 mm | Fachlast 230 kg | 6+1 Ebenen | verzinkt;;;;
41231;20070634;4026212101225;META CLIP | Fachbodenregal | Doppel-Grundregal | 2000 x 1000 x 400 mm | Fachlast 330 kg | 4+1 Ebenen | verzinkt;;;;
41232;20070635;4026212101232;META CLIP | Fachbodenregal | Doppel-Anbauregal | 2000 x 1000 x 400 mm | Fachlast 330 kg | 4+1 Ebenen | verzinkt;;;;
41233;20070636;4026212101249;META CLIP | Fachbodenregal | Doppel-Grundregal | 2500 x 1000 x 400 mm | Fachlast 330 kg | 5+1 Ebenen | verzinkt;;;;
41234;20070637;4026212101256;META CLIP | Fachbodenregal | Doppel-Anbauregal | 2500 x 1000 x 400 mm | Fachlast 330 kg | 5+1 Ebenen | verzinkt;;;;
41235;20070640;4026212101287;META CLIP | Fachbodenregal | Doppel-Grundregal | 2000 x 1000 x 500 mm | Fachlast 330 kg | 4+1 Ebenen | verzinkt;;;;
41236;20070641;4026212101294;META CLIP | Fachbodenregal | Doppel-Anbauregal | 2000 x 1000 x 500 mm | Fachlast 330 kg | 4+1 Ebenen | verzinkt;;;;
41237;20070642;4026212101300;META CLIP | Fachbodenregal | Doppel-Grundregal | 2500 x 1000 x 500 mm | Fachlast 330 kg | 5+1 Ebenen | verzinkt;;;;
41238;20070643;4026212101317;META CLIP | Fachbodenregal | Doppel-Anbauregal | 2500 x 1000 x 500 mm | Fachlast 330 kg | 5+1 Ebenen | verzinkt;;;;
41239;20070646;4026212101348;META CLIP | Fachbodenregal | Doppel-Grundregal | 2000 x 1000 x 600 mm | Fachlast 330 kg | 4+1 Ebenen | verzinkt;;;;
41240;20070647;4026212101355;META CLIP | Fachbodenregal | Doppel-Anbauregal | 2000 x 1000 x 600 mm | Fachlast 330 kg | 4+1 Ebenen | verzinkt;;;;
41241;20070648;4026212101362;META CLIP | Fachbodenregal | Doppel-Grundregal | 2500 x 1000 x 600 mm | Fachlast 330 kg | 5+1 Ebenen | verzinkt;;;;
41242;20070649;4026212101379;META CLIP | Fachbodenregal | Doppel-Anbauregal | 2500 x 1000 x 600 mm | Fachlast 330 kg | 5+1 Ebenen | verzinkt;;;;
41243;20070652;4026212101409;META CLIP | Fachbodenregal | Doppel-Grundregal | 2000 x 1000 x 800 mm | Fachlast 330 kg | 4+1 Ebenen | verzinkt;;;;
41244;20070653;4026212101416;META CLIP | Fachbodenregal | Doppel-Anbauregal | 2000 x 1000 x 800 mm | Fachlast 330 kg | 4+1 Ebenen | verzinkt;;;;
41245;20070654;4026212101423;META CLIP | Fachbodenregal | Doppel-Grundregal | 2500 x 1000 x 800 mm | Fachlast 330 kg | 5+1 Ebenen | verzinkt;;;;
41246;20070655;4026212101430;META CLIP | Fachbodenregal | Doppel-Anbauregal | 2500 x 1000 x 800 mm | Fachlast 330 kg | 5+1 Ebenen | verzinkt;;;;
41247;20070662;4026212101461;META CLIP | Fachbodenregal | Doppel-Grundregal | 2000 x 1000 x 300 mm | Fachlast 100 kg | 4+1 Ebenen | RAL 7035;;;;
41248;20070663;4026212101478;META CLIP | Fachbodenregal | Doppel-Anbauregal | 2000 x 1000 x 300 mm | Fachlast 100 kg | 4+1 Ebenen | RAL 7035;;;;
41249;20070664;4026212101485;META CLIP | Fachbodenregal | Doppel-Grundregal | 2500 x 1000 x 300 mm | Fachlast 100 kg | 5+1 Ebenen | RAL 7035;;;;
41250;20070665;4026212101492;META CLIP | Fachbodenregal | Doppel-Anbauregal | 2500 x 1000 x 300 mm | Fachlast 100 kg | 5+1 Ebenen | RAL 7035;;;;
41251;20070666;4026212101508;META CLIP | Fachbodenregal | Doppel-Grundregal | 3000 x 1000 x 300 mm | Fachlast 100 kg | 6+1 Ebenen | RAL 7035;;;;
41252;20070667;4026212101515;META CLIP | Fachbodenregal | Doppel-Anbauregal | 3000 x 1000 x 300 mm | Fachlast 100 kg | 6+1 Ebenen | RAL 7035;;;;
41253;20070668;4026212101522;META CLIP | Fachbodenregal | Doppel-Grundregal | 2000 x 1000 x 400 mm | Fachlast 100 kg | 4+1 Ebenen | RAL 7035;;;;
41254;20070669;4026212101539;META CLIP | Fachbodenregal | Doppel-Anbauregal | 2000 x 1000 x 400 mm | Fachlast 100 kg | 4+1 Ebenen | RAL 7035;;;;
41255;20070670;4026212101546;META CLIP | Fachbodenregal | Doppel-Grundregal | 2500 x 1000 x 400 mm | Fachlast 100 kg | 5+1 Ebenen | RAL 7035;;;;
41256;20070671;4026212101553;META CLIP | Fachbodenregal | Doppel-Anbauregal | 2500 x 1000 x 400 mm | Fachlast 100 kg | 5+1 Ebenen | RAL 7035;;;;
41257;20070672;4026212101560;META CLIP | Fachbodenregal | Doppel-Grundregal | 3000 x 1000 x 400 mm | Fachlast 100 kg | 6+1 Ebenen | RAL 7035;;;;
41258;20070673;4026212101577;META CLIP | Fachbodenregal | Doppel-Anbauregal | 3000 x 1000 x 400 mm | Fachlast 100 kg | 6+1 Ebenen | RAL 7035;;;;
41259;20070674;4026212101584;META CLIP | Fachbodenregal | Doppel-Grundregal | 2000 x 1000 x 500 mm | Fachlast 100 kg | 4+1 Ebenen | RAL 7035;;;;
41260;20070675;4026212101591;META CLIP | Fachbodenregal | Doppel-Anbauregal | 2000 x 1000 x 500 mm | Fachlast 100 kg | 4+1 Ebenen | RAL 7035;;;;
41261;20070676;4026212101607;META CLIP | Fachbodenregal | Doppel-Grundregal | 2500 x 1000 x 500 mm | Fachlast 100 kg | 5+1 Ebenen | RAL 7035;;;;
41262;20070677;4026212101614;META CLIP | Fachbodenregal | Doppel-Anbauregal | 2500 x 1000 x 500 mm | Fachlast 100 kg | 5+1 Ebenen | RAL 7035;;;;
41263;20070678;4026212101621;META CLIP | Fachbodenregal | Doppel-Grundregal | 3000 x 1000 x 500 mm | Fachlast 100 kg | 6+1 Ebenen | RAL 7035;;;;
41264;20070679;4026212101638;META CLIP | Fachbodenregal | Doppel-Anbauregal | 3000 x 1000 x 500 mm | Fachlast 100 kg | 6+1 Ebenen | RAL 7035;;;;
41265;20070680;4026212101645;META CLIP | Fachbodenregal | Doppel-Grundregal | 2000 x 1000 x 600 mm | Fachlast 100 kg | 4+1 Ebenen | RAL 7035;;;;
41266;20070681;4026212101652;META CLIP | Fachbodenregal | Doppel-Anbauregal | 2000 x 1000 x 600 mm | Fachlast 100 kg | 4+1 Ebenen | RAL 7035;;;;
41267;20070682;4026212101669;META CLIP | Fachbodenregal | Doppel-Grundregal | 2500 x 1000 x 600 mm | Fachlast 100 kg | 5+1 Ebenen | RAL 7035;;;;
41268;20070683;4026212101676;META CLIP | Fachbodenregal | Doppel-Anbauregal | 2500 x 1000 x 600 mm | Fachlast 100 kg | 5+1 Ebenen | RAL 7035;;;;
41269;20070684;4026212101683;META CLIP | Fachbodenregal | Doppel-Grundregal | 3000 x 1000 x 600 mm | Fachlast 100 kg | 6+1 Ebenen | RAL 7035;;;;
41270;20070685;4026212101690;META CLIP | Fachbodenregal | Doppel-Anbauregal | 3000 x 1000 x 600 mm | Fachlast 100 kg | 6+1 Ebenen | RAL 7035;;;;
41271;20070686;4026212101706;META CLIP | Fachbodenregal | Doppel-Grundregal | 2000 x 1000 x 400 mm | Fachlast 230 kg | 4+1 Ebenen | RAL 7035;;;;
41272;20070687;4026212101713;META CLIP | Fachbodenregal | Doppel-Anbauregal | 2000 x 1000 x 400 mm | Fachlast 230 kg | 4+1 Ebenen | RAL 7035;;;;
41273;20070688;4026212101720;META CLIP | Fachbodenregal | Doppel-Grundregal | 2500 x 1000 x 400 mm | Fachlast 230 kg | 5+1 Ebenen | RAL 7035;;;;
41274;20070689;4026212101737;META CLIP | Fachbodenregal | Doppel-Anbauregal | 2500 x 1000 x 400 mm | Fachlast 230 kg | 5+1 Ebenen | RAL 7035;;;;
41275;20070690;4026212101744;META CLIP | Fachbodenregal | Doppel-Grundregal | 3000 x 1000 x 400 mm | Fachlast 230 kg | 6+1 Ebenen | RAL 7035;;;;
41276;20070691;4026212101751;META CLIP | Fachbodenregal | Doppel-Anbauregal | 3000 x 1000 x 400 mm | Fachlast 230 kg | 6+1 Ebenen | RAL 7035;;;;
41277;20070692;4026212101768;META CLIP | Fachbodenregal | Doppel-Grundregal | 2000 x 1000 x 500 mm | Fachlast 230 kg | 4+1 Ebenen | RAL 7035;;;;
41278;20070693;4026212101775;META CLIP | Fachbodenregal | Doppel-Anbauregal | 2000 x 1000 x 500 mm | Fachlast 230 kg | 4+1 Ebenen | RAL 7035;;;;
41279;20070694;4026212101782;META CLIP | Fachbodenregal | Doppel-Grundregal | 2500 x 1000 x 500 mm | Fachlast 230 kg | 5+1 Ebenen | RAL 7035;;;;
41280;20070695;4026212101799;META CLIP | Fachbodenregal | Doppel-Anbauregal | 2500 x 1000 x 500 mm | Fachlast 230 kg | 5+1 Ebenen | RAL 7035;;;;
41281;20070696;4026212101805;META CLIP | Fachbodenregal | Doppel-Grundregal | 3000 x 1000 x 500 mm | Fachlast 230 kg | 6+1 Ebenen | RAL 7035;;;;
41282;20070697;4026212101812;META CLIP | Fachbodenregal | Doppel-Anbauregal | 3000 x 1000 x 500 mm | Fachlast 230 kg | 6+1 Ebenen | RAL 7035;;;;
41283;20070698;4026212101829;META CLIP | Fachbodenregal | Doppel-Grundregal | 2000 x 1000 x 600 mm | Fachlast 230 kg | 4+1 Ebenen | RAL 7035;;;;
41284;20070699;4026212101836;META CLIP | Fachbodenregal | Doppel-Anbauregal | 2000 x 1000 x 600 mm | Fachlast 230 kg | 4+1 Ebenen | RAL 7035;;;;
41285;20070700;4026212101843;META CLIP | Fachbodenregal | Doppel-Grundregal | 2500 x 1000 x 600 mm | Fachlast 230 kg | 5+1 Ebenen | RAL 7035;;;;
41286;20070701;4026212101850;META CLIP | Fachbodenregal | Doppel-Anbauregal | 2500 x 1000 x 600 mm | Fachlast 230 kg | 5+1 Ebenen | RAL 7035;;;;
41287;20070702;4026212101867;META CLIP | Fachbodenregal | Doppel-Grundregal | 3000 x 1000 x 600 mm | Fachlast 230 kg | 6+1 Ebenen | RAL 7035;;;;
41288;20070703;4026212101874;META CLIP | Fachbodenregal | Doppel-Anbauregal | 3000 x 1000 x 600 mm | Fachlast 230 kg | 6+1 Ebenen | RAL 7035;;;;
41289;20070704;4026212101881;META CLIP | Fachbodenregal | Doppel-Grundregal | 2000 x 1000 x 800 mm | Fachlast 230 kg | 4+1 Ebenen | RAL 7035;;;;
41290;20070705;4026212101898;META CLIP | Fachbodenregal | Doppel-Anbauregal | 2000 x 1000 x 800 mm | Fachlast 230 kg | 4+1 Ebenen | RAL 7035;;;;
41291;20070706;4026212101904;META CLIP | Fachbodenregal | Doppel-Grundregal | 2500 x 1000 x 800 mm | Fachlast 230 kg | 5+1 Ebenen | RAL 7035;;;;
41292;20070707;4026212101911;META CLIP | Fachbodenregal | Doppel-Anbauregal | 2500 x 1000 x 800 mm | Fachlast 230 kg | 5+1 Ebenen | RAL 7035;;;;
41293;20070708;4026212101928;META CLIP | Fachbodenregal | Doppel-Grundregal | 3000 x 1000 x 800 mm | Fachlast 230 kg | 6+1 Ebenen | RAL 7035;;;;
41294;20070709;4026212101935;META CLIP | Fachbodenregal | Doppel-Anbauregal | 3000 x 1000 x 800 mm | Fachlast 230 kg | 6+1 Ebenen | RAL 7035;;;;
41295;20070710;4026212101942;META CLIP | Fachbodenregal | Doppel-Grundregal | 2000 x 1000 x 400 mm | Fachlast 330 kg | 4+1 Ebenen | RAL 7035;;;;
41296;20070711;4026212101959;META CLIP | Fachbodenregal | Doppel-Anbauregal | 2000 x 1000 x 400 mm | Fachlast 330 kg | 4+1 Ebenen | RAL 7035;;;;
41297;20070712;4026212101966;META CLIP | Fachbodenregal | Doppel-Grundregal | 2500 x 1000 x 400 mm | Fachlast 330 kg | 5+1 Ebenen | RAL 7035;;;;
41298;20070713;4026212101973;META CLIP | Fachbodenregal | Doppel-Anbauregal | 2500 x 1000 x 400 mm | Fachlast 330 kg | 5+1 Ebenen | RAL 7035;;;;
41299;20070716;4026212102000;META CLIP | Fachbodenregal | Doppel-Grundregal | 2000 x 1000 x 500 mm | Fachlast 330 kg | 4+1 Ebenen | RAL 7035;;;;
41300;20070717;4026212102017;META CLIP | Fachbodenregal | Doppel-Anbauregal | 2000 x 1000 x 500 mm | Fachlast 330 kg | 4+1 Ebenen | RAL 7035;;;;
41301;20070718;4026212102024;META CLIP | Fachbodenregal | Doppel-Grundregal | 2500 x 1000 x 500 mm | Fachlast 330 kg | 5+1 Ebenen | RAL 7035;;;;
41302;20070719;4026212102031;META CLIP | Fachbodenregal | Doppel-Anbauregal | 2500 x 1000 x 500 mm | Fachlast 330 kg | 5+1 Ebenen | RAL 7035;;;;
41303;20070722;4026212102062;META CLIP | Fachbodenregal | Doppel-Grundregal | 2000 x 1000 x 600 mm | Fachlast 330 kg | 4+1 Ebenen | RAL 7035;;;;
41304;20070723;4026212102079;META CLIP | Fachbodenregal | Doppel-Anbauregal | 2000 x 1000 x 600 mm | Fachlast 330 kg | 4+1 Ebenen | RAL 7035;;;;
41305;20070724;4026212102086;META CLIP | Fachbodenregal | Doppel-Grundregal | 2500 x 1000 x 600 mm | Fachlast 330 kg | 5+1 Ebenen | RAL 7035;;;;
41306;20070725;4026212102093;META CLIP | Fachbodenregal | Doppel-Anbauregal | 2500 x 1000 x 600 mm | Fachlast 330 kg | 5+1 Ebenen | RAL 7035;;;;
41307;20070728;4026212102123;META CLIP | Fachbodenregal | Doppel-Grundregal | 2000 x 1000 x 800 mm | Fachlast 330 kg | 4+1 Ebenen | RAL 7035;;;;
41308;20070729;4026212102130;META CLIP | Fachbodenregal | Doppel-Anbauregal | 2000 x 1000 x 800 mm | Fachlast 330 kg | 4+1 Ebenen | RAL 7035;;;;
41309;20070730;4026212102147;META CLIP | Fachbodenregal | Doppel-Grundregal | 2500 x 1000 x 800 mm | Fachlast 330 kg | 5+1 Ebenen | RAL 7035;;;;
41310;20070731;4026212102154;META CLIP | Fachbodenregal | Doppel-Anbauregal | 2500 x 1000 x 800 mm | Fachlast 330 kg | 5+1 Ebenen | RAL 7035;;;;
41311;20070734;4026212102185;META CLIP | Fachbodenregal | Doppel-Grundregal | 2000 x 1300 x 400 mm | Fachlast 230 kg | 3+1 Ebenen | verzinkt;;;;
41312;20070735;4026212102192;META CLIP | Fachbodenregal | Doppel-Anbauregal | 2000 x 1300 x 400 mm | Fachlast 230 kg | 3+1 Ebenen | verzinkt;;;;
41313;20070736;4026212102208;META CLIP | Fachbodenregal | Doppel-Grundregal | 2500 x 1300 x 400 mm | Fachlast 230 kg | 4+1 Ebenen | verzinkt;;;;
41314;20070737;4026212102215;META CLIP | Fachbodenregal | Doppel-Anbauregal | 2500 x 1300 x 400 mm | Fachlast 230 kg | 4+1 Ebenen | verzinkt;;;;
41315;20070738;4026212102222;META CLIP | Fachbodenregal | Doppel-Grundregal | 3000 x 1300 x 400 mm | Fachlast 230 kg | 5+1 Ebenen | verzinkt;;;;
41316;20070739;4026212102239;META CLIP | Fachbodenregal | Doppel-Anbauregal | 3000 x 1300 x 400 mm | Fachlast 230 kg | 5+1 Ebenen | verzinkt;;;;
41317;20070740;4026212102246;META CLIP | Fachbodenregal | Doppel-Grundregal | 2000 x 1300 x 500 mm | Fachlast 230 kg | 3+1 Ebenen | verzinkt;;;;
41318;20070741;4026212102253;META CLIP | Fachbodenregal | Doppel-Anbauregal | 2000 x 1300 x 500 mm | Fachlast 230 kg | 3+1 Ebenen | verzinkt;;;;
41319;20070742;4026212102260;META CLIP | Fachbodenregal | Doppel-Grundregal | 2500 x 1300 x 500 mm | Fachlast 230 kg | 4+1 Ebenen | verzinkt;;;;
41320;20070743;4026212102277;META CLIP | Fachbodenregal | Doppel-Anbauregal | 2500 x 1300 x 500 mm | Fachlast 230 kg | 4+1 Ebenen | verzinkt;;;;
41321;20070744;4026212102284;META CLIP | Fachbodenregal | Doppel-Grundregal | 3000 x 1300 x 500 mm | Fachlast 230 kg | 5+1 Ebenen | verzinkt;;;;
41322;20070745;4026212102291;META CLIP | Fachbodenregal | Doppel-Anbauregal | 3000 x 1300 x 500 mm | Fachlast 230 kg | 5+1 Ebenen | verzinkt;;;;
41323;20070746;4026212102307;META CLIP | Fachbodenregal | Doppel-Grundregal | 2000 x 1300 x 600 mm | Fachlast 230 kg | 3+1 Ebenen | verzinkt;;;;
41324;20070747;4026212102314;META CLIP | Fachbodenregal | Doppel-Anbauregal | 2000 x 1300 x 600 mm | Fachlast 230 kg | 3+1 Ebenen | verzinkt;;;;
41325;20070748;4026212102321;META CLIP | Fachbodenregal | Doppel-Grundregal | 2500 x 1300 x 600 mm | Fachlast 230 kg | 4+1 Ebenen | verzinkt;;;;
41326;20070749;4026212102338;META CLIP | Fachbodenregal | Doppel-Anbauregal | 2500 x 1300 x 600 mm | Fachlast 230 kg | 4+1 Ebenen | verzinkt;;;;
41327;20070750;4026212102345;META CLIP | Fachbodenregal | Doppel-Grundregal | 3000 x 1300 x 600 mm | Fachlast 230 kg | 5+1 Ebenen | verzinkt;;;;
41328;20070751;4026212102352;META CLIP | Fachbodenregal | Doppel-Anbauregal | 3000 x 1300 x 600 mm | Fachlast 230 kg | 5+1 Ebenen | verzinkt;;;;
41329;20070752;4026212102369;META CLIP | Fachbodenregal | Doppel-Grundregal | 2000 x 1300 x 800 mm | Fachlast 230 kg | 3+1 Ebenen | verzinkt;;;;
41330;20070753;4026212102376;META CLIP | Fachbodenregal | Doppel-Anbauregal | 2000 x 1300 x 800 mm | Fachlast 230 kg | 3+1 Ebenen | verzinkt;;;;
41331;20070754;4026212102383;META CLIP | Fachbodenregal | Doppel-Grundregal | 2500 x 1300 x 800 mm | Fachlast 230 kg | 4+1 Ebenen | verzinkt;;;;
41332;20070755;4026212102390;META CLIP | Fachbodenregal | Doppel-Anbauregal | 2500 x 1300 x 800 mm | Fachlast 230 kg | 4+1 Ebenen | verzinkt;;;;
41333;20070756;4026212102406;META CLIP | Fachbodenregal | Doppel-Grundregal | 3000 x 1300 x 800 mm | Fachlast 230 kg | 5+1 Ebenen | verzinkt;;;;
41334;20070757;4026212102413;META CLIP | Fachbodenregal | Doppel-Anbauregal | 3000 x 1300 x 800 mm | Fachlast 230 kg | 5+1 Ebenen | verzinkt;;;;
41335;20070758;4026212102420;META CLIP | Fachbodenregal | Doppel-Grundregal | 2000 x 1300 x 400 mm | Fachlast 230 kg | 3+1 Ebenen | RAL 7035;;;;
41336;20070759;4026212102437;META CLIP | Fachbodenregal | Doppel-Anbauregal | 2000 x 1300 x 400 mm | Fachlast 230 kg | 3+1 Ebenen | RAL 7035;;;;
41337;20070760;4026212102444;META CLIP | Fachbodenregal | Doppel-Grundregal | 2500 x 1300 x 400 mm | Fachlast 230 kg | 4+1 Ebenen | RAL 7035;;;;
41338;20070761;4026212102451;META CLIP | Fachbodenregal | Doppel-Anbauregal | 2500 x 1300 x 400 mm | Fachlast 230 kg | 4+1 Ebenen | RAL 7035;;;;
41339;20070762;4026212102468;META CLIP | Fachbodenregal | Doppel-Grundregal | 3000 x 1300 x 400 mm | Fachlast 230 kg | 5+1 Ebenen | RAL 7035;;;;
41340;20070763;4026212102475;META CLIP | Fachbodenregal | Doppel-Anbauregal | 3000 x 1300 x 400 mm | Fachlast 230 kg | 5+1 Ebenen | RAL 7035;;;;
41341;20070764;4026212102482;META CLIP | Fachbodenregal | Doppel-Grundregal | 2000 x 1300 x 500 mm | Fachlast 230 kg | 3+1 Ebenen | RAL 7035;;;;
41342;20070765;4026212102499;META CLIP | Fachbodenregal | Doppel-Anbauregal | 2000 x 1300 x 500 mm | Fachlast 230 kg | 3+1 Ebenen | RAL 7035;;;;
41343;20070766;4026212102505;META CLIP | Fachbodenregal | Doppel-Grundregal | 2500 x 1300 x 500 mm | Fachlast 230 kg | 4+1 Ebenen | RAL 7035;;;;
41344;20070767;4026212102512;META CLIP | Fachbodenregal | Doppel-Anbauregal | 2500 x 1300 x 500 mm | Fachlast 230 kg | 4+1 Ebenen | RAL 7035;;;;
41345;20070768;4026212102529;META CLIP | Fachbodenregal | Doppel-Grundregal | 3000 x 1300 x 500 mm | Fachlast 230 kg | 5+1 Ebenen | RAL 7035;;;;
41346;20070769;4026212102536;META CLIP | Fachbodenregal | Doppel-Anbauregal | 3000 x 1300 x 500 mm | Fachlast 230 kg | 5+1 Ebenen | RAL 7035;;;;
41347;20070770;4026212102543;META CLIP | Fachbodenregal | Doppel-Grundregal | 2000 x 1300 x 600 mm | Fachlast 230 kg | 3+1 Ebenen | RAL 7035;;;;
41348;20070771;4026212102550;META CLIP | Fachbodenregal | Doppel-Anbauregal | 2000 x 1300 x 600 mm | Fachlast 230 kg | 3+1 Ebenen | RAL 7035;;;;
41349;20070772;4026212102567;META CLIP | Fachbodenregal | Doppel-Grundregal | 2500 x 1300 x 600 mm | Fachlast 230 kg | 4+1 Ebenen | RAL 7035;;;;
41350;20070773;4026212102574;META CLIP | Fachbodenregal | Doppel-Anbauregal | 2500 x 1300 x 600 mm | Fachlast 230 kg | 4+1 Ebenen | RAL 7035;;;;
41351;20070774;4026212102581;META CLIP | Fachbodenregal | Doppel-Grundregal | 3000 x 1300 x 600 mm | Fachlast 230 kg | 5+1 Ebenen | RAL 7035;;;;
41352;20070775;4026212102598;META CLIP | Fachbodenregal | Doppel-Anbauregal | 3000 x 1300 x 600 mm | Fachlast 230 kg | 5+1 Ebenen | RAL 7035;;;;
41353;20070776;4026212102604;META CLIP | Fachbodenregal | Doppel-Grundregal | 2000 x 1300 x 800 mm | Fachlast 230 kg | 3+1 Ebenen | RAL 7035;;;;
41354;20070777;4026212102611;META CLIP | Fachbodenregal | Doppel-Anbauregal | 2000 x 1300 x 800 mm | Fachlast 230 kg | 3+1 Ebenen | RAL 7035;;;;
41355;20070778;4026212102628;META CLIP | Fachbodenregal | Doppel-Grundregal | 2500 x 1300 x 800 mm | Fachlast 230 kg | 4+1 Ebenen | RAL 7035;;;;
41356;20070779;4026212102635;META CLIP | Fachbodenregal | Doppel-Anbauregal | 2500 x 1300 x 800 mm | Fachlast 230 kg | 4+1 Ebenen | RAL 7035;;;;
41357;20070780;4026212102642;META CLIP | Fachbodenregal | Doppel-Grundregal | 3000 x 1300 x 800 mm | Fachlast 230 kg | 5+1 Ebenen | RAL 7035;;;;
41358;20070781;4026212102659;META CLIP | Fachbodenregal | Doppel-Anbauregal | 3000 x 1300 x 800 mm | Fachlast 230 kg | 5+1 Ebenen | RAL 7035;;;;
41359;200708;4026212102673;;;;;
41360;20070808;4026212102727;META CLIP S3 | Fachbodenregal | Grundregal | 2500 x 1000 x 600 mm | Fachlast 100 kg | 4+1 Ebenen | verzinkt;;;;
41361;20070809;4026212102734;META CLIP S3 | Fachbodenregal | Anbauregal | 2500 x 1000 x 600 mm | Fachlast 100 kg | 4+1 Ebenen | verzinkt;;;;
41362;20070866;4026212102741;;;;;
41363;20070868;4026212102765;;;;;
41364;200709;4026212102826;;;;;
41365;200710;4026212103113;;;;;
41366;20071239;4026212103816;;;;;
41367;20071252;4026212103885;META CLIP S3 | Fachbodenregal | Grundregal | 2000 x 1000 x 500 mm | Fachlast 100 kg | 3+1 Ebenen | verzinkt;;;;
41368;20071253;4026212103892;META CLIP S3 | Fachbodenregal | Grundregal | 2000 x 1000 x 600 mm | Fachlast 100 kg | 3+1 Ebenen | verzinkt;;;;
41369;200714;4026212104110;;;;;
41370;200715;4026212104981;;;;;
41371;200716;4026212105186;;;;;
41372;200717;4026212105629;;;;;
41373;20071851;4026212106503;META COMPACT | Büro-Steckregal | Grundregal | 2200 x 1000 x 300 mm | Fachlast 80 kg | 7 Ebenen | verzinkt;;;;
41374;20071852;4026212106510;META COMPACT | Büro-Steckregal | Anbauregal | 2200 x 1000 x 300 mm | Fachlast 80 kg | 7 Ebenen | verzinkt;;;;
41375;20071867;4026212106664;META COMPACT | Büro-Steckregal | Grundregal | 2200 x 1000 x 600 mm | Fachlast 100 kg | 7 Ebenen | verzinkt;;;;
41376;20071868;4026212106671;META COMPACT | Büro-Steckregal | Anbauregal | 2200 x 1000 x 600 mm | Fachlast 100 kg | 7 Ebenen | verzinkt;;;;
41377;200719;4026212106725;;;;;
41381;20071964;4026212106923;;;;;
41382;20071965;4026212106930;META FIX | Wandbefestigungsset | für Anbauregale;;;;
41387;20072269;4026212109252;;;;;
41388;20072270;4026212109269;;;;;
41391;20072411;4026212109634;;;;;
41392;20072412;4026212109641;;;;;
41393;20072413;4026212109658;;;;;
41394;20072414;4026212109665;;;;;
41395;20072432;4026212109764;META CLIP | Wandbefestigungsset | für Anbauregale;;;;
41400;20072494;4026212109832;;;;;
41401;20072499;4026212109849;;;;;
41405;20072564;4026212109948;;;;;
41406;200729;4026212110418;;;;;
41407;200731;4026212110470;;;;;
41408;200732;4026212110487;;;;;
41411;20073581;4026212110678;;;;;
41442;20073980;4026212111972;;;;;
41443;20074081;4026212112191;;;;;
41444;20074082;4026212112207;;;;;
41445;20074083;4026212112214;;;;;
41446;20074084;4026212112221;;;;;
41447;20074085;4026212112238;;;;;
41448;20074086;4026212112245;;;;;
41449;20074088;4026212112269;;;;;
41450;20074089;4026212112276;;;;;
41451;20074090;4026212112283;;;;;
41452;20074091;4026212112290;;;;;
41453;20074151;4026212112566;;;;;
41454;20074172;4026212112764;META FIX | Fachbodenregal | Grundregal | 2000 x 750 x 400 mm | Fachlast 100 kg | 5 Ebenen | RAL 7035;;;;
41455;20074341;4026212113976;META CLIP | Fachbodenregal | Grundregal | 2000 x 750 x 300 mm | Fachlast 100 kg | 4+1 Ebenen | verzinkt;;;;
41456;20074342;4026212113983;META CLIP | Fachbodenregal | Grundregal | 2500 x 750 x 300 mm | Fachlast 100 kg | 5+1 Ebenen | verzinkt;;;;
41457;20074343;4026212113990;META CLIP | Fachbodenregal | Grundregal | 3000 x 750 x 300 mm | Fachlast 100 kg | 6+1 Ebenen | verzinkt;;;;
41458;20074344;4026212114003;;;;;
41459;20074345;4026212114010;META CLIP | Fachbodenregal | Grundregal | 2000 x 750 x 400 mm | Fachlast 100 kg | 4+1 Ebenen | verzinkt;;;;
41460;20074346;4026212114027;META CLIP | Fachbodenregal | Grundregal | 2500 x 750 x 400 mm | Fachlast 100 kg | 5+1 Ebenen | verzinkt;;;;
41461;20074347;4026212114034;META CLIP | Fachbodenregal | Grundregal | 3000 x 750 x 400 mm | Fachlast 100 kg | 6+1 Ebenen | verzinkt;;;;
41462;20074348;4026212114041;META CLIP | Fachbodenregal | Grundregal | 2000 x 750 x 500 mm | Fachlast 100 kg | 4+1 Ebenen | verzinkt;;;;
41463;20074349;4026212114058;META CLIP | Fachbodenregal | Grundregal | 2500 x 750 x 500 mm | Fachlast 100 kg | 5+1 Ebenen | verzinkt;;;;
41464;20074350;4026212114065;;;;;
41465;20074351;4026212114072;META CLIP | Fachbodenregal | Grundregal | 3000 x 750 x 500 mm | Fachlast 100 kg | 6+1 Ebenen | verzinkt;;;;
41466;20074352;4026212114089;META CLIP | Fachbodenregal | Grundregal | 2000 x 750 x 600 mm | Fachlast 100 kg | 4+1 Ebenen | verzinkt;;;;
41467;20074353;4026212114096;META CLIP | Fachbodenregal | Grundregal | 2500 x 750 x 600 mm | Fachlast 100 kg | 5+1 Ebenen | verzinkt;;;;
41468;20074354;4026212114102;META CLIP | Fachbodenregal | Grundregal | 3000 x 750 x 600 mm | Fachlast 100 kg | 6+1 Ebenen | verzinkt;;;;
41469;20074355;4026212114119;META CLIP | Fachbodenregal | Anbauregal | 2000 x 750 x 300 mm | Fachlast 100 kg | 4+1 Ebenen | verzinkt;;;;
41470;20074356;4026212114126;META CLIP | Fachbodenregal | Anbauregal | 2500 x 750 x 300 mm | Fachlast 100 kg | 5+1 Ebenen | verzinkt;;;;
41471;20074357;4026212114133;META CLIP | Fachbodenregal | Anbauregal | 3000 x 750 x 300 mm | Fachlast 100 kg | 6+1 Ebenen | verzinkt;;;;
41472;20074358;4026212114140;META CLIP | Fachbodenregal | Anbauregal | 2000 x 750 x 400 mm | Fachlast 100 kg | 4+1 Ebenen | verzinkt;;;;
41473;20074359;4026212114157;META CLIP | Fachbodenregal | Anbauregal | 2500 x 750 x 400 mm | Fachlast 100 kg | 5+1 Ebenen | verzinkt;;;;
41474;20074361;4026212114171;META CLIP | Fachbodenregal | Anbauregal | 3000 x 750 x 400 mm | Fachlast 100 kg | 6+1 Ebenen | verzinkt;;;;
41475;20074362;4026212114188;META CLIP | Fachbodenregal | Anbauregal | 2000 x 750 x 500 mm | Fachlast 100 kg | 4+1 Ebenen | verzinkt;;;;
41476;20074363;4026212114195;META CLIP | Fachbodenregal | Anbauregal | 2500 x 750 x 500 mm | Fachlast 100 kg | 5+1 Ebenen | verzinkt;;;;
41477;20074364;4026212114201;META CLIP | Fachbodenregal | Anbauregal | 3000 x 750 x 500 mm | Fachlast 100 kg | 6+1 Ebenen | verzinkt;;;;
41478;20074365;4026212114218;META CLIP | Fachbodenregal | Anbauregal | 2000 x 750 x 600 mm | Fachlast 100 kg | 4+1 Ebenen | verzinkt;;;;
41479;20074366;4026212114225;META CLIP | Fachbodenregal | Anbauregal | 2500 x 750 x 600 mm | Fachlast 100 kg | 5+1 Ebenen | verzinkt;;;;
41480;20074367;4026212114232;META CLIP | Fachbodenregal | Anbauregal | 3000 x 750 x 600 mm | Fachlast 100 kg | 6+1 Ebenen | verzinkt;;;;
41481;20074368;4026212114249;;;;;
41482;20074369;4026212114256;;;;;
41483;20074370;4026212114263;;;;;
41484;20074371;4026212114270;;;;;
41485;20074372;4026212114287;META CLIP | Fachbodenregal | Grundregal | 2000 x 750 x 300 mm | Fachlast 100 kg | 4+1 Ebenen | RAL 7035;;;;
41486;20074373;4026212114294;META CLIP | Fachbodenregal | Grundregal | 2500 x 750 x 300 mm | Fachlast 100 kg | 5+1 Ebenen | RAL 7035;;;;
41487;20074374;4026212114300;META CLIP | Fachbodenregal | Grundregal | 3000 x 750 x 300 mm | Fachlast 100 kg | 6+1 Ebenen | RAL 7035;;;;
41488;20074375;4026212114317;META CLIP | Fachbodenregal | Grundregal | 2000 x 750 x 400 mm | Fachlast 100 kg | 4+1 Ebenen | RAL 7035;;;;
41489;20074376;4026212114324;META CLIP | Fachbodenregal | Grundregal | 2500 x 750 x 400 mm | Fachlast 100 kg | 5+1 Ebenen | RAL 7035;;;;
41490;20074377;4026212114331;META CLIP | Fachbodenregal | Grundregal | 3000 x 750 x 400 mm | Fachlast 100 kg | 6+1 Ebenen | RAL 7035;;;;
41491;20074378;4026212114348;META CLIP | Fachbodenregal | Grundregal | 2000 x 750 x 500 mm | Fachlast 100 kg | 4+1 Ebenen | RAL 7035;;;;
41492;20074379;4026212114355;META CLIP | Fachbodenregal | Grundregal | 2500 x 750 x 500 mm | Fachlast 100 kg | 5+1 Ebenen | RAL 7035;;;;
41493;20074381;4026212114379;META CLIP | Fachbodenregal | Grundregal | 3000 x 750 x 500 mm | Fachlast 100 kg | 6+1 Ebenen | RAL 7035;;;;
41494;20074382;4026212114386;META CLIP | Fachbodenregal | Grundregal | 2000 x 750 x 600 mm | Fachlast 100 kg | 4+1 Ebenen | RAL 7035;;;;
41495;20074383;4026212114393;META CLIP | Fachbodenregal | Grundregal | 2500 x 750 x 600 mm | Fachlast 100 kg | 5+1 Ebenen | RAL 7035;;;;
41496;20074384;4026212114409;META CLIP | Fachbodenregal | Grundregal | 3000 x 750 x 600 mm | Fachlast 100 kg | 6+1 Ebenen | RAL 7035;;;;
41497;20074385;4026212114416;META CLIP | Fachbodenregal | Anbauregal | 2000 x 750 x 300 mm | Fachlast 100 kg | 4+1 Ebenen | RAL 7035;;;;
41498;20074386;4026212114423;META CLIP | Fachbodenregal | Anbauregal | 2500 x 750 x 300 mm | Fachlast 100 kg | 5+1 Ebenen | RAL 7035;;;;
41499;20074387;4026212114430;META CLIP | Fachbodenregal | Anbauregal | 3000 x 750 x 300 mm | Fachlast 100 kg | 6+1 Ebenen | RAL 7035;;;;
41500;20074388;4026212114447;META CLIP | Fachbodenregal | Anbauregal | 2000 x 750 x 400 mm | Fachlast 100 kg | 4+1 Ebenen | RAL 7035;;;;
41501;20074389;4026212114454;META CLIP | Fachbodenregal | Anbauregal | 2500 x 750 x 400 mm | Fachlast 100 kg | 5+1 Ebenen | RAL 7035;;;;
41502;20074390;4026212114461;META CLIP | Fachbodenregal | Anbauregal | 3000 x 750 x 400 mm | Fachlast 100 kg | 6+1 Ebenen | RAL 7035;;;;
41503;20074391;4026212114478;META CLIP | Fachbodenregal | Anbauregal | 2000 x 750 x 500 mm | Fachlast 100 kg | 4+1 Ebenen | RAL 7035;;;;
41504;20074392;4026212114485;META CLIP | Fachbodenregal | Anbauregal | 2500 x 750 x 500 mm | Fachlast 100 kg | 5+1 Ebenen | RAL 7035;;;;
41505;20074393;4026212114492;META CLIP | Fachbodenregal | Anbauregal | 3000 x 750 x 500 mm | Fachlast 100 kg | 6+1 Ebenen | RAL 7035;;;;
41506;20074394;4026212114508;META CLIP | Fachbodenregal | Anbauregal | 2000 x 750 x 600 mm | Fachlast 100 kg | 4+1 Ebenen | RAL 7035;;;;
41507;20074395;4026212114515;META CLIP | Fachbodenregal | Anbauregal | 2500 x 750 x 600 mm | Fachlast 100 kg | 5+1 Ebenen | RAL 7035;;;;
41508;20074396;4026212114522;META CLIP | Fachbodenregal | Anbauregal | 3000 x 750 x 600 mm | Fachlast 100 kg | 6+1 Ebenen | RAL 7035;;;;
41509;20074398;4026212114546;;;;;
41510;20074399;4026212114553;;;;;
41511;20074401;4026212114560;;;;;
41512;20074402;4026212114577;;;;;
41513;20074438;4026212114843;;;;;
41514;20074440;4026212114850;;;;;
41515;20074441;4026212114867;META CLIP | Fachbodenregal | Grundregal | 3000 x 1300 x 400 mm | Fachlast 230 kg | 6+1 Ebenen | verzinkt;;;;
41516;20074443;4026212114874;;;;;
41517;20074444;4026212114881;;;;;
41518;20074445;4026212114898;META CLIP | Fachbodenregal | Grundregal | 3000 x 1300 x 500 mm | Fachlast 230 kg | 6+1 Ebenen | verzinkt;;;;
41519;20074446;4026212114904;;;;;
41520;20074447;4026212114911;;;;;
41521;20074448;4026212114928;META CLIP | Fachbodenregal | Grundregal | 3000 x 1300 x 600 mm | Fachlast 230 kg | 6+1 Ebenen | verzinkt;;;;
41522;20074450;4026212114935;;;;;
41523;20074451;4026212114942;;;;;
41524;20074452;4026212114959;META CLIP | Fachbodenregal | Grundregal | 3000 x 1300 x 800 mm | Fachlast 230 kg | 6+1 Ebenen | verzinkt;;;;
41525;20074453;4026212114966;;;;;
41526;20074454;4026212114973;;;;;
41527;20074455;4026212114980;META CLIP | Fachbodenregal | Anbauregal | 3000 x 1300 x 400 mm | Fachlast 230 kg | 6+1 Ebenen | verzinkt;;;;
41528;20074456;4026212114997;;;;;
41529;20074457;4026212115000;;;;;
41530;20074458;4026212115017;META CLIP | Fachbodenregal | Anbauregal | 3000 x 1300 x 500 mm | Fachlast 230 kg | 6+1 Ebenen | verzinkt;;;;
41531;20074459;4026212115024;;;;;
41532;20074460;4026212115031;;;;;
41533;20074461;4026212115048;META CLIP | Fachbodenregal | Anbauregal | 3000 x 1300 x 600 mm | Fachlast 230 kg | 6+1 Ebenen | verzinkt;;;;
41534;20074462;4026212115055;;;;;
41535;20074463;4026212115062;;;;;
41536;20074464;4026212115079;META CLIP | Fachbodenregal | Anbauregal | 3000 x 1300 x 800 mm | Fachlast 230 kg | 6+1 Ebenen | verzinkt;;;;
41537;20074465;4026212115086;;;;;
41538;20074466;4026212115093;;;;;
41539;20074467;4026212115109;META CLIP | Fachbodenregal | Grundregal | 3000 x 1300 x 400 mm | Fachlast 230 kg | 6+1 Ebenen | RAL 7035;;;;
41540;20074468;4026212115116;;;;;
41541;20074469;4026212115123;;;;;
41542;20074470;4026212115130;META CLIP | Fachbodenregal | Grundregal | 3000 x 1300 x 500 mm | Fachlast 230 kg | 6+1 Ebenen | RAL 7035;;;;
41543;20074471;4026212115147;;;;;
41544;20074472;4026212115154;;;;;
41545;20074473;4026212115161;META CLIP | Fachbodenregal | Grundregal | 3000 x 1300 x 600 mm | Fachlast 230 kg | 6+1 Ebenen | RAL 7035;;;;
41546;20074474;4026212115178;;;;;
41547;20074475;4026212115185;;;;;
41548;20074476;4026212115192;META CLIP | Fachbodenregal | Grundregal | 3000 x 1300 x 800 mm | Fachlast 230 kg | 6+1 Ebenen | RAL 7035;;;;
41549;20074477;4026212115208;;;;;
41550;20074478;4026212115215;;;;;
41551;20074479;4026212115222;META CLIP | Fachbodenregal | Anbauregal | 3000 x 1300 x 400 mm | Fachlast 230 kg | 6+1 Ebenen | RAL 7035;;;;
41552;20074480;4026212115239;;;;;
41553;20074481;4026212115246;;;;;
41554;20074482;4026212115253;META CLIP | Fachbodenregal | Anbauregal | 3000 x 1300 x 500 mm | Fachlast 230 kg | 6+1 Ebenen | RAL 7035;;;;
41555;20074483;4026212115260;;;;;
41556;20074484;4026212115277;;;;;
41557;20074485;4026212115284;META CLIP | Fachbodenregal | Anbauregal | 3000 x 1300 x 600 mm | Fachlast 230 kg | 6+1 Ebenen | RAL 7035;;;;
41558;20074487;4026212115307;;;;;
41559;20074489;4026212115314;META CLIP | Fachbodenregal | Anbauregal | 3000 x 1300 x 800 mm | Fachlast 230 kg | 6+1 Ebenen | RAL 7035;;;;
41560;20074493;4026212115321;;;;;
41561;20074494;4026212115338;;;;;
41562;20074495;4026212115345;;;;;
41563;20074546;4026212115383;META CLIP | Fachbodenregal | Grundregal | 2000 x 1300 x 400 mm | Fachlast 330 kg | 4+1 Ebenen | verzinkt;;;;
41564;20074547;4026212115390;META CLIP | Fachbodenregal | Grundregal | 2500 x 1300 x 400 mm | Fachlast 330 kg | 5+1 Ebenen | verzinkt;;;;
41565;20074548;4026212115406;META CLIP | Fachbodenregal | Grundregal | 3000 x 1300 x 400 mm | Fachlast 330 kg | 6+1 Ebenen | verzinkt;;;;
41566;20074549;4026212115413;META CLIP | Fachbodenregal | Grundregal | 2000 x 1300 x 500 mm | Fachlast 330 kg | 4+1 Ebenen | verzinkt;;;;
41567;20074550;4026212115420;META CLIP | Fachbodenregal | Grundregal | 2500 x 1300 x 500 mm | Fachlast 330 kg | 5+1 Ebenen | verzinkt;;;;
41568;20074551;4026212115437;META CLIP | Fachbodenregal | Grundregal | 3000 x 1300 x 500 mm | Fachlast 330 kg | 6+1 Ebenen | verzinkt;;;;
41569;20074553;4026212115451;META CLIP | Fachbodenregal | Grundregal | 2000 x 1300 x 600 mm | Fachlast 330 kg | 4+1 Ebenen | verzinkt;;;;
41570;20074554;4026212115468;META CLIP | Fachbodenregal | Grundregal | 2500 x 1300 x 600 mm | Fachlast 330 kg | 5+1 Ebenen | verzinkt;;;;
41571;20074555;4026212115475;META CLIP | Fachbodenregal | Grundregal | 3000 x 1300 x 600 mm | Fachlast 330 kg | 6+1 Ebenen | verzinkt;;;;
41572;20074556;4026212115482;META CLIP | Fachbodenregal | Grundregal | 2000 x 1300 x 800 mm | Fachlast 330 kg | 4+1 Ebenen | verzinkt;;;;
41573;20074557;4026212115499;META CLIP | Fachbodenregal | Grundregal | 2500 x 1300 x 800 mm | Fachlast 330 kg | 5+1 Ebenen | verzinkt;;;;
41574;20074559;4026212115512;META CLIP | Fachbodenregal | Grundregal | 3000 x 1300 x 800 mm | Fachlast 330 kg | 6+1 Ebenen | verzinkt;;;;
41575;20074560;4026212115529;META CLIP | Fachbodenregal | Anbauregal | 2000 x 1300 x 400 mm | Fachlast 330 kg | 4+1 Ebenen | verzinkt;;;;
41576;20074561;4026212115536;META CLIP | Fachbodenregal | Anbauregal | 2500 x 1300 x 400 mm | Fachlast 330 kg | 5+1 Ebenen | verzinkt;;;;
41577;20074562;4026212115543;META CLIP | Fachbodenregal | Anbauregal | 3000 x 1300 x 400 mm | Fachlast 330 kg | 6+1 Ebenen | verzinkt;;;;
41578;20074563;4026212115550;META CLIP | Fachbodenregal | Anbauregal | 2000 x 1300 x 500 mm | Fachlast 330 kg | 4+1 Ebenen | verzinkt;;;;
41579;20074564;4026212115567;META CLIP | Fachbodenregal | Anbauregal | 2500 x 1300 x 500 mm | Fachlast 330 kg | 5+1 Ebenen | verzinkt;;;;
41580;20074565;4026212115574;META CLIP | Fachbodenregal | Anbauregal | 3000 x 1300 x 500 mm | Fachlast 330 kg | 6+1 Ebenen | verzinkt;;;;
41581;20074566;4026212115581;META CLIP | Fachbodenregal | Anbauregal | 2000 x 1300 x 600 mm | Fachlast 330 kg | 4+1 Ebenen | verzinkt;;;;
41582;20074567;4026212115598;META CLIP | Fachbodenregal | Anbauregal | 2500 x 1300 x 600 mm | Fachlast 330 kg | 5+1 Ebenen | verzinkt;;;;
41583;20074568;4026212115604;META CLIP | Fachbodenregal | Anbauregal | 3000 x 1300 x 600 mm | Fachlast 330 kg | 6+1 Ebenen | verzinkt;;;;
41584;20074569;4026212115611;META CLIP | Fachbodenregal | Anbauregal | 2000 x 1300 x 800 mm | Fachlast 330 kg | 4+1 Ebenen | verzinkt;;;;
41585;20074570;4026212115628;META CLIP | Fachbodenregal | Anbauregal | 2500 x 1300 x 800 mm | Fachlast 330 kg | 5+1 Ebenen | verzinkt;;;;
41586;20074571;4026212115635;META CLIP | Fachbodenregal | Anbauregal | 3000 x 1300 x 800 mm | Fachlast 330 kg | 6+1 Ebenen | verzinkt;;;;
41587;20074572;4026212115642;;;;;
41588;20074573;4026212115659;;;;;
41589;20074574;4026212115666;;;;;
41590;20074575;4026212115673;;;;;
41591;20074578;4026212115697;META CLIP | Fachbodenregal | Grundregal | 2000 x 1300 x 400 mm | Fachlast 330 kg | 4+1 Ebenen | RAL 7035;;;;
41592;20074580;4026212115710;META CLIP | Fachbodenregal | Grundregal | 2500 x 1300 x 400 mm | Fachlast 330 kg | 5+1 Ebenen | RAL 7035;;;;
41593;20074582;4026212115734;META CLIP | Fachbodenregal | Grundregal | 3000 x 1300 x 400 mm | Fachlast 330 kg | 6+1 Ebenen | RAL 7035;;;;
41594;20074583;4026212115741;META CLIP | Fachbodenregal | Grundregal | 2000 x 1300 x 500 mm | Fachlast 330 kg | 4+1 Ebenen | RAL 7035;;;;
41595;20074585;4026212115765;META CLIP | Fachbodenregal | Grundregal | 2500 x 1300 x 500 mm | Fachlast 330 kg | 5+1 Ebenen | RAL 7035;;;;
41596;20074586;4026212115772;META CLIP | Fachbodenregal | Grundregal | 3000 x 1300 x 500 mm | Fachlast 330 kg | 6+1 Ebenen | RAL 7035;;;;
41597;20074588;4026212115796;META CLIP | Fachbodenregal | Grundregal | 2000 x 1300 x 600 mm | Fachlast 330 kg | 4+1 Ebenen | RAL 7035;;;;
41598;20074589;4026212115802;META CLIP | Fachbodenregal | Grundregal | 2500 x 1300 x 600 mm | Fachlast 330 kg | 5+1 Ebenen | RAL 7035;;;;
41599;20074590;4026212115819;META CLIP | Fachbodenregal | Grundregal | 3000 x 1300 x 600 mm | Fachlast 330 kg | 6+1 Ebenen | RAL 7035;;;;
41600;20074591;4026212115826;META CLIP | Fachbodenregal | Grundregal | 2000 x 1300 x 800 mm | Fachlast 330 kg | 4+1 Ebenen | RAL 7035;;;;
41601;20074592;4026212115833;META CLIP | Fachbodenregal | Grundregal | 2500 x 1300 x 800 mm | Fachlast 330 kg | 5+1 Ebenen | RAL 7035;;;;
41602;20074593;4026212115840;META CLIP | Fachbodenregal | Grundregal | 3000 x 1300 x 800 mm | Fachlast 330 kg | 6+1 Ebenen | RAL 7035;;;;
41603;20074595;4026212115864;META CLIP | Fachbodenregal | Anbauregal | 2000 x 1300 x 400 mm | Fachlast 330 kg | 4+1 Ebenen | RAL 7035;;;;
41604;20074596;4026212115871;META CLIP | Fachbodenregal | Anbauregal | 2500 x 1300 x 400 mm | Fachlast 330 kg | 5+1 Ebenen | RAL 7035;;;;
41605;20074597;4026212115888;META CLIP | Fachbodenregal | Anbauregal | 3000 x 1300 x 400 mm | Fachlast 330 kg | 6+1 Ebenen | RAL 7035;;;;
41606;20074598;4026212115895;META CLIP | Fachbodenregal | Anbauregal | 2000 x 1300 x 500 mm | Fachlast 330 kg | 4+1 Ebenen | RAL 7035;;;;
41607;20074599;4026212115901;META CLIP | Fachbodenregal | Anbauregal | 2500 x 1300 x 500 mm | Fachlast 330 kg | 5+1 Ebenen | RAL 7035;;;;
41608;20074600;4026212115918;META CLIP | Fachbodenregal | Anbauregal | 3000 x 1300 x 500 mm | Fachlast 330 kg | 6+1 Ebenen | RAL 7035;;;;
41609;20074601;4026212115925;META CLIP | Fachbodenregal | Anbauregal | 2000 x 1300 x 600 mm | Fachlast 330 kg | 4+1 Ebenen | RAL 7035;;;;
41610;20074602;4026212115932;META CLIP | Fachbodenregal | Anbauregal | 2500 x 1300 x 600 mm | Fachlast 330 kg | 5+1 Ebenen | RAL 7035;;;;
41611;20074603;4026212115949;META CLIP | Fachbodenregal | Anbauregal | 3000 x 1300 x 600 mm | Fachlast 330 kg | 6+1 Ebenen | RAL 7035;;;;
41612;20074604;4026212115956;META CLIP | Fachbodenregal | Anbauregal | 2000 x 1300 x 800 mm | Fachlast 330 kg | 4+1 Ebenen | RAL 7035;;;;
41613;20074605;4026212115963;META CLIP | Fachbodenregal | Anbauregal | 2500 x 1300 x 800 mm | Fachlast 330 kg | 5+1 Ebenen | RAL 7035;;;;
41614;20074606;4026212115970;META CLIP | Fachbodenregal | Anbauregal | 3000 x 1300 x 800 mm | Fachlast 330 kg | 6+1 Ebenen | RAL 7035;;;;
41615;20074607;4026212115987;;;;;
41616;20074608;4026212115994;;;;;
41617;20074609;4026212116007;;;;;
41618;20074610;4026212116014;;;;;
41619;20074628;4026212116076;META FIX COMPACT | Büro-Schraubregal | Grundregal | 1850 x 750 x 300 mm | 90 kg | 5 Ebenen | verzinkt;;;;
41620;20074630;4026212116083;META FIX COMPACT | Büro-Schraubregal | Grundregal | 1850 x 750 x 300 mm | Fachlast 90 kg | 5+1 Ebenen | verzinkt;;;;
41621;20074631;4026212116090;META FIX COMPACT | Büro-Schraubregal | Grundregal | 2200 x 750 x 300 mm | Fachlast 80 kg | 6+1 Ebenen | verzinkt;;;;
41622;20074633;4026212116113;META FIX COMPACT | Büro-Schraubregal | Anbauregal | 1850 x 750 x 300 mm | Fachlast 80 kg | 5 Ebenen | verzinkt;;;;
41623;20074634;4026212116120;META FIX COMPACT | Büro-Schraubregal | Anbauregal | 1850 x 750 x 300 mm | Fachlast 80 kg | 5+1 Ebenen | verzinkt;;;;
41624;20074635;4026212116137;META FIX COMPACT | Büro-Schraubregal | Anbauregal | 2200 x 750 x 300 mm | Fachlast 80 kg | 6+1 Ebenen | verzinkt;;;;
41625;20074637;4026212116151;META FIX COMPACT | Büro-Schraubregal | Grundregal | 1850 x 750 x 600 mm | 90 kg | 5 Ebenen | verzinkt;;;;
41626;20074638;4026212116168;META FIX COMPACT | Büro-Schraubregal | Grundregal | 1850 x 750 x 600 mm | Fachlast 90 kg | 5+1 Ebenen | verzinkt;;;;
41627;20074639;4026212116175;META FIX COMPACT | Büro-Schraubregal | Grundregal | 2200 x 750 x 600 mm | Fachlast 100 kg | 6+1 Ebenen | verzinkt;;;;
41628;20074641;4026212116199;META FIX COMPACT | Büro-Schraubregal | Anbauregal | 1850 x 750 x 600 mm | Fachlast 80 kg | 5 Ebenen | verzinkt;;;;
41629;20074642;4026212116205;META FIX COMPACT | Büro-Schraubregal | Anbauregal | 1850 x 750 x 600 mm | Fachlast 80 kg | 5+1 Ebenen | verzinkt;;;;
41630;20074643;4026212116212;META FIX COMPACT | Büro-Schraubregal | Anbauregal | 2200 x 750 x 600 mm | Fachlast 100 kg | 6+1 Ebenen | verzinkt;;;;
41631;20074645;4026212116236;;;;;
41632;20074646;4026212116243;;;;;
41633;20074668;4026212116250;META FIX COMPACT | Büro-Schraubregal | Grundregal | 1850 x 750 x 300 mm | 90 kg | 5 Ebenen | RAL 7035;;;;
41634;20074669;4026212116267;META FIX COMPACT | Büro-Schraubregal | Grundregal | 1850 x 750 x 300 mm | Fachlast 90 kg | 5+1 Ebenen | RAL 7035;;;;
41635;20074670;4026212116274;META FIX COMPACT | Büro-Schraubregal | Grundregal | 2200 x 750 x 300 mm | Fachlast 80 kg | 6+1 Ebenen | RAL 7035;;;;
41636;20074672;4026212116298;META FIX COMPACT | Büro-Schraubregal | Grundregal | 1850 x 750 x 600 mm | 90 kg | 5 Ebenen | RAL 7035;;;;
41637;20074673;4026212116304;META FIX COMPACT | Büro-Schraubregal | Grundregal | 1850 x 750 x 600 mm | Fachlast 90 kg | 5+1 Ebenen | RAL 7035;;;;
41638;20074674;4026212116311;META FIX COMPACT | Büro-Schraubregal | Grundregal | 2200 x 750 x 600 mm | Fachlast 100 kg | 6+1 Ebenen | RAL 7035;;;;
41639;20074676;4026212116335;META FIX COMPACT | Büro-Schraubregal | Anbauregal | 1850 x 750 x 300 mm | Fachlast 80 kg | 5 Ebenen | RAL 7035;;;;
41640;20074677;4026212116342;META FIX COMPACT | Büro-Schraubregal | Anbauregal | 1850 x 750 x 300 mm | Fachlast 80 kg | 5+1 Ebenen | RAL 7035;;;;
41641;20074678;4026212116359;META FIX COMPACT | Büro-Schraubregal | Anbauregal | 2200 x 750 x 300 mm | Fachlast 80 kg | 6+1 Ebenen | RAL 7035;;;;
41642;20074680;4026212116373;META FIX COMPACT | Büro-Schraubregal | Anbauregal | 1850 x 750 x 600 mm | Fachlast 80 kg | 5 Ebenen | RAL 7035;;;;
41643;20074681;4026212116380;META FIX COMPACT | Büro-Schraubregal | Anbauregal | 1850 x 750 x 600 mm | Fachlast 80 kg | 5+1 Ebenen | RAL 7035;;;;
41644;20074682;4026212116397;META FIX COMPACT | Büro-Schraubregal | Anbauregal | 2200 x 750 x 600 mm | Fachlast 100 kg | 6+1 Ebenen | RAL 7035;;;;
41645;20074684;4026212116410;;;;;
41646;20074685;4026212116427;;;;;
41647;20074691;4026212116434;META FIX COMPACT | Büro-Schraubregal | Grundregal | 1850 x 1250 x 300 mm | Fachlast 100 kg | 5 Ebenen | verzinkt;;;;
41648;20074692;4026212116441;META FIX COMPACT | Büro-Schraubregal | Grundregal | 1850 x 1250 x 300 mm | Fachlast 100 kg | 5+1 Ebenen | verzinkt;;;;
41649;20074693;4026212116458;META FIX COMPACT | Büro-Schraubregal | Grundregal | 2200 x 1250 x 300 mm | Fachlast 80 kg | 6+1 Ebenen | verzinkt;;;;
41650;20074695;4026212116472;META FIX COMPACT | Büro-Schraubregal | Grundregal | 1850 x 1250 x 600 mm | Fachlast 100 kg | 5 Ebenen | verzinkt;;;;
41651;20074699;4026212116519;META FIX COMPACT | Büro-Schraubregal | Anbauregal | 1850 x 1250 x 300 mm | Fachlast 80 kg | 5 Ebenen | verzinkt;;;;
41652;20074700;4026212116526;META FIX COMPACT | Büro-Schraubregal | Anbauregal | 1850 x 1250 x 300 mm | Fachlast 80 kg | 5+1 Ebenen | verzinkt;;;;
41653;20074701;4026212116533;META FIX COMPACT | Büro-Schraubregal | Anbauregal | 2200 x 1250 x 300 mm | Fachlast 80 kg | 6+1 Ebenen | verzinkt;;;;
41654;20074703;4026212116557;META FIX COMPACT | Büro-Schraubregal | Anbauregal | 1850 x 1250 x 600 mm | Fachlast 100 kg | 5 Ebenen | verzinkt;;;;
41655;20074707;4026212116595;;;;;
41656;20074708;4026212116601;;;;;
41657;20074711;4026212116618;META FIX COMPACT | Büro-Schraubregal | Grundregal | 1850 x 1250 x 300 mm | Fachlast 100 kg | 5 Ebenen | RAL 7035;;;;
41658;20074712;4026212116625;META FIX COMPACT | Büro-Schraubregal | Grundregal | 1850 x 1250 x 300 mm | Fachlast 100 kg | 5+1 Ebenen | RAL 7035;;;;
41659;20074713;4026212116632;META FIX COMPACT | Büro-Schraubregal | Grundregal | 2200 x 1250 x 300 mm | Fachlast 80 kg | 6+1 Ebenen | RAL 7035;;;;
41660;20074715;4026212116656;META FIX COMPACT | Büro-Schraubregal | Grundregal | 1850 x 1250 x 600 mm | Fachlast 100 kg | 5 Ebenen | RAL 7035;;;;
41661;20074719;4026212116694;META FIX COMPACT | Büro-Schraubregal | Anbauregal | 1850 x 1250 x 300 mm | Fachlast 80 kg | 5 Ebenen | RAL 7035;;;;
41662;20074720;4026212116700;META FIX COMPACT | Büro-Schraubregal | Anbauregal | 1850 x 1250 x 300 mm | Fachlast 80 kg | 5+1 Ebenen | RAL 7035;;;;
41663;20074721;4026212116717;META FIX COMPACT | Büro-Schraubregal | Anbauregal | 2200 x 1250 x 300 mm | Fachlast 80 kg | 6+1 Ebenen | RAL 7035;;;;
41664;20074723;4026212116731;META FIX COMPACT | Büro-Schraubregal | Anbauregal | 1850 x 1250 x 600 mm | Fachlast 100 kg | 5 Ebenen | RAL 7035;;;;
41665;20074727;4026212116779;;;;;
41666;20074728;4026212116786;;;;;
41667;20074735;4026212116816;META COMPACT | Büro-Steckregal | Grundregal | 2200 x 1250 x 300 mm | Fachlast 80 kg | 6+1 Ebenen | RAL 7035;;;;
41668;20074739;4026212116854;META COMPACT | Büro-Steckregal | Anbauregal | 2200 x 1250 x 300 mm | Fachlast 80 kg | 6+1 Ebenen | RAL 7035;;;;
41669;20074742;4026212116878;;;;;
41670;20074797;4026212117370;;;;;
41671;20074799;4026212117400;;;;;
41672;20074802;4026212117431;;;;;
41673;20074803;4026212117448;;;;;
41674;20074804;4026212117455;;;;;
41677;20074810;4026212117509;;;;;
41680;20074813;4026212117530;;;;;
41691;20074824;4026212117646;;;;;
41692;20074825;4026212117653;;;;;
41693;20074826;4026212117660;;;;;
41694;20074829;4026212117677;;;;;
41695;20074830;4026212117684;;;;;
41697;20074832;4026212117707;;;;;
41698;20074833;4026212117714;Unterlegblech für META MULTISTRONG (L+M) | 1,5 mm | 1 Stk.;;;;
41699;20074836;4026212117721;;;;;
41700;20074838;4026212117745;;;;;
41701;20074840;4026212117769;;;;;
41702;20074841;4026212117776;;;;;
41703;20074842;4026212117783;;;;;
41704;20074843;4026212117790;;;;;
41705;20074844;4026212117806;;;;;
41706;20074845;4026212117813;;;;;
41707;20074846;4026212117820;;;;;
41753;20074900;4026212118346;;;;;
41754;20074901;4026212118353;;;;;
41763;20074911;4026212118445;Abrolldorn für META MULTISTRONG Kragarme (L + M) | Nutzhöhe 100 mm (170 mm) | verzinkt;;;;
41764;20074912;4026212118452;Abrolldorn für META MULTISTRONG Kragarme (L + M) | Nutzhöhe 200 mm (270 mm) | verzinkt;;;;
41765;20074913;4026212118469;Abrolldornaufnahme für Fußteil | passend für META MULTISTRONG (L + M) | verzinkt;;;;
41766;20074914;4026212118476;;;;;
41786;20074937;4026212118674;META MULTISTRONG L | Kragarmregal | Grundregal | 2000 x 1000 x 400 mm | Armlast 220 kg | einseitig | 4+1 Ebenen;;;;
41787;20074943;4026212118681;META MULTISTRONG L | Kragarmregal | Anbauregal | 2000 x 1000 x 400 mm | Armlast 220 kg | einseitig | 4+1 Ebenen;;;;
41788;20074945;4026212118698;META MULTISTRONG L | Kragarmregal | Grundregal | 2000 x 1000 x 500 mm | Armlast 175 kg | einseitig | 4+1 Ebenen;;;;
41789;20074947;4026212118704;META MULTISTRONG L | Kragarmregal | Anbauregal | 2000 x 1000 x 500 mm | Armlast 175 kg | einseitig | 4+1 Ebenen;;;;
41790;20074948;4026212118711;META MULTISTRONG L | Kragarmregal | Grundregal | 2000 x 1000 x 600 mm | Armlast 140 kg | einseitig | 4+1 Ebenen;;;;
41791;20074949;4026212118728;META MULTISTRONG L | Kragarmregal | Anbauregal | 2000 x 1000 x 600 mm | Armlast 140 kg | einseitig | 4+1 Ebenen;;;;
41792;20074965;4026212118803;;;;;
41793;20074977;4026212118865;META MULTISTRONG L | Kragarmregal | Grundregal | 2500 x 1000 x 400 mm | Armlast 220 kg | einseitig | 4+1 Ebenen;;;;
41794;20074978;4026212118872;META MULTISTRONG L | Kragarmregal | Anbauregal | 2500 x 1000 x 400 mm | Armlast 220 kg | einseitig | 4+1 Ebenen;;;;
41795;20074979;4026212118889;META MULTISTRONG L | Kragarmregal | Grundregal | 2500 x 1000 x 500 mm | Armlast 175 kg | einseitig | 4+1 Ebenen;;;;
41796;20074980;4026212118896;META MULTISTRONG L | Kragarmregal | Anbauregal | 2500 x 1000 x 500 mm | Armlast 175 kg | einseitig | 4+1 Ebenen;;;;
41797;20074981;4026212118902;META MULTISTRONG L | Kragarmregal | Grundregal | 2500 x 1000 x 600 mm | Armlast 140 kg | einseitig | 4+1 Ebenen;;;;
41798;20074982;4026212118919;META MULTISTRONG L | Kragarmregal | Anbauregal | 2500 x 1000 x 600 mm | Armlast 140 kg | einseitig | 4+1 Ebenen;;;;
41799;20075001;4026212119077;META MULTISTRONG L | Kragarmregal | Grundregal | 2000 x 1300 x 400 mm | Armlast 220 kg | einseitig | 4+1 Ebenen;;;;
41800;20075002;4026212119084;META MULTISTRONG L | Kragarmregal | Anbauregal | 2000 x 1300 x 400 mm | Armlast 220 kg | einseitig | 4+1 Ebenen;;;;
41801;20075003;4026212119091;META MULTISTRONG L | Kragarmregal | Grundregal | 2000 x 1300 x 500 mm | Armlast 175 kg | einseitig | 4+1 Ebenen;;;;
41802;20075004;4026212119107;META MULTISTRONG L | Kragarmregal | Anbauregal | 2000 x 1300 x 500 mm | Armlast 175 kg | einseitig | 4+1 Ebenen;;;;
41803;20075005;4026212119114;META MULTISTRONG L | Kragarmregal | Grundregal | 2000 x 1300 x 600 mm | Armlast 140 kg | einseitig | 4+1 Ebenen;;;;
41804;20075006;4026212119121;META MULTISTRONG L | Kragarmregal | Anbauregal | 2000 x 1300 x 600 mm | Armlast 140 kg | einseitig | 4+1 Ebenen;;;;
41805;20075013;4026212119190;META MULTISTRONG L | Kragarmregal | Grundregal | 2500 x 1300 x 400 mm | Armlast 220 kg | einseitig | 4+1 Ebenen;;;;
41806;20075014;4026212119206;META MULTISTRONG L | Kragarmregal | Anbauregal | 2500 x 1300 x 400 mm | Armlast 220 kg | einseitig | 4+1 Ebenen;;;;
41807;20075015;4026212119213;META MULTISTRONG L | Kragarmregal | Grundregal | 2500 x 1300 x 500 mm | Armlast 175 kg | einseitig | 4+1 Ebenen;;;;
41808;20075016;4026212119220;META MULTISTRONG L | Kragarmregal | Anbauregal | 2500 x 1300 x 500 mm | Armlast 175 kg | einseitig | 4+1 Ebenen;;;;
41809;20075017;4026212119237;META MULTISTRONG L | Kragarmregal | Grundregal | 2500 x 1300 x 600 mm | Armlast 140 kg | einseitig | 4+1 Ebenen;;;;
41810;20075018;4026212119244;META MULTISTRONG L | Kragarmregal | Anbauregal | 2500 x 1300 x 600 mm | Armlast 140 kg | einseitig | 4+1 Ebenen;;;;
41811;20075020;4026212119251;META MULTISTRONG L | Kragarmregal | Grundregal | 2000 x 1000 x 400 mm | Armlast 220 kg | doppelseitig | 4+1 Ebenen;;;;
41812;20075021;4026212119268;META MULTISTRONG L | Kragarmregal | Anbauregal | 2000 x 1000 x 400 mm | Armlast 220 kg | doppelseitig | 4+1 Ebenen;;;;
41813;20075022;4026212119275;META MULTISTRONG L | Kragarmregal | Grundregal | 2000 x 1000 x 500 mm | Armlast 175 kg | doppelseitig | 4+1 Ebenen;;;;
41814;20075023;4026212119282;META MULTISTRONG L | Kragarmregal | Anbauregal | 2000 x 1000 x 500 mm | Armlast 175 kg | doppelseitig | 4+1 Ebenen;;;;
41815;20075024;4026212119299;META MULTISTRONG L | Kragarmregal | Grundregal | 2000 x 1000 x 600 mm | Armlast 140 kg | doppelseitig | 4+1 Ebenen;;;;
41816;20075025;4026212119305;META MULTISTRONG L | Kragarmregal | Anbauregal | 2000 x 1000 x 600 mm | Armlast 140 kg | doppelseitig | 4+1 Ebenen;;;;
41817;20075035;4026212119374;META MULTISTRONG L | Kragarmregal | Grundregal | 2500 x 1000 x 400 mm | Armlast 220 kg | doppelseitig | 4+1 Ebenen;;;;
41818;20075036;4026212119381;META MULTISTRONG L | Kragarmregal | Anbauregal | 2500 x 1000 x 400 mm | Armlast 220 kg | doppelseitig | 4+1 Ebenen;;;;
41819;20075037;4026212119398;META MULTISTRONG L | Kragarmregal | Grundregal | 2500 x 1000 x 500 mm | Armlast 175 kg | doppelseitig | 4+1 Ebenen;;;;
41820;20075038;4026212119404;META MULTISTRONG L | Kragarmregal | Anbauregal | 2500 x 1000 x 500 mm | Armlast 175 kg | doppelseitig | 4+1 Ebenen;;;;
41821;20075039;4026212119411;META MULTISTRONG L | Kragarmregal | Grundregal | 2500 x 1000 x 600 mm | Armlast 140 kg | doppelseitig | 4+1 Ebenen;;;;
41822;20075041;4026212119428;META MULTISTRONG L | Kragarmregal | Anbauregal | 2500 x 1000 x 600 mm | Armlast 140 kg | doppelseitig | 4+1 Ebenen;;;;
41823;20075042;4026212119435;META MULTISTRONG L | Kragarmregal | Grundregal | 2000 x 1300 x 400 mm | Armlast 220 kg | doppelseitig | 4+1 Ebenen;;;;
41824;20075043;4026212119442;META MULTISTRONG L | Kragarmregal | Anbauregal | 2000 x 1300 x 400 mm | Armlast 220 kg | doppelseitig | 4+1 Ebenen;;;;
41825;20075044;4026212119459;META MULTISTRONG L | Kragarmregal | Grundregal | 2000 x 1300 x 500 mm | Armlast 175 kg | doppelseitig | 4+1 Ebenen;;;;
41826;20075045;4026212119466;META MULTISTRONG L | Kragarmregal | Anbauregal | 2000 x 1300 x 500 mm | Armlast 175 kg | doppelseitig | 4+1 Ebenen;;;;
41827;20075046;4026212119473;META MULTISTRONG L | Kragarmregal | Grundregal | 2000 x 1300 x 600 mm | Armlast 140 kg | doppelseitig | 4+1 Ebenen;;;;
41828;20075047;4026212119480;META MULTISTRONG L | Kragarmregal | Anbauregal | 2000 x 1300 x 600 mm | Armlast 140 kg | doppelseitig | 4+1 Ebenen;;;;
41829;2007505;4026212119510;;;;;
41830;20075056;4026212119589;META MULTISTRONG L | Kragarmregal | Grundregal | 2500 x 1300 x 400 mm | Armlast 220 kg | doppelseitig | 4+1 Ebenen;;;;
41831;20075057;4026212119596;META MULTISTRONG L | Kragarmregal | Anbauregal | 2500 x 1300 x 400 mm | Armlast 220 kg | doppelseitig | 4+1 Ebenen;;;;
41832;20075058;4026212119602;META MULTISTRONG L | Kragarmregal | Grundregal | 2500 x 1300 x 500 mm | Armlast 175 kg | doppelseitig | 4+1 Ebenen;;;;
41833;20075059;4026212119619;META MULTISTRONG L | Kragarmregal | Anbauregal | 2500 x 1300 x 500 mm | Armlast 175 kg | doppelseitig | 4+1 Ebenen;;;;
41834;20075060;4026212119626;META MULTISTRONG L | Kragarmregal | Grundregal | 2500 x 1300 x 600 mm | Armlast 140 kg | doppelseitig | 4+1 Ebenen;;;;
41835;20075061;4026212119633;META MULTISTRONG L | Kragarmregal | Anbauregal | 2500 x 1300 x 600 mm | Armlast 140 kg | doppelseitig | 4+1 Ebenen;;;;
41836;20075063;4026212119640;META MULTISTRONG M | Kragarmregal | Grundregal | 2000 x 1000 x 400 mm | Armlast 535 kg | einseitig | 4+1 Ebenen;;;;
41837;20075065;4026212119657;META MULTISTRONG M | Kragarmregal | Anbauregal | 2000 x 1000 x 400 mm | Armlast 535 kg | einseitig | 4+1 Ebenen;;;;
41838;20075066;4026212119664;META MULTISTRONG M | Kragarmregal | Grundregal | 2000 x 1000 x 500 mm | Armlast 430 kg | einseitig | 4+1 Ebenen;;;;
41839;20075067;4026212119671;META MULTISTRONG M | Kragarmregal | Anbauregal | 2000 x 1000 x 500 mm | Armlast 430 kg | einseitig | 4+1 Ebenen;;;;
41840;20075068;4026212119688;META MULTISTRONG M | Kragarmregal | Grundregal | 2000 x 1000 x 600 mm | Armlast 355 kg | einseitig | 4+1 Ebenen;;;;
41841;20075069;4026212119695;META MULTISTRONG M | Kragarmregal | Anbauregal | 2000 x 1000 x 600 mm | Armlast 355 kg | einseitig | 4+1 Ebenen;;;;
41842;2007507;4026212119701;;;;;
41843;20075070;4026212119718;META MULTISTRONG M | Kragarmregal | Grundregal | 2000 x 1000 x 800 mm | Armlast 250 kg | einseitig | 4+1 Ebenen;;;;
41844;20075071;4026212119725;META MULTISTRONG M | Kragarmregal | Anbauregal | 2000 x 1000 x 800 mm | Armlast 250 kg | einseitig | 4+1 Ebenen;;;;
41845;20075072;4026212119732;META MULTISTRONG M | Kragarmregal | Grundregal | 2500 x 1000 x 400 mm | Armlast 535 kg | einseitig | 4+1 Ebenen;;;;
41846;20075073;4026212119749;META MULTISTRONG M | Kragarmregal | Anbauregal | 2500 x 1000 x 400 mm | Armlast 535 kg | einseitig | 4+1 Ebenen;;;;
41847;20075074;4026212119756;META MULTISTRONG M | Kragarmregal | Grundregal | 2500 x 1000 x 500 mm | Armlast 430 kg | einseitig | 4+1 Ebenen;;;;
41848;20075075;4026212119763;META MULTISTRONG M | Kragarmregal | Anbauregal | 2500 x 1000 x 500 mm | Armlast 430 kg | einseitig | 4+1 Ebenen;;;;
41849;20075076;4026212119770;META MULTISTRONG M | Kragarmregal | Grundregal | 2500 x 1000 x 600 mm | Armlast 355 kg | einseitig | 4+1 Ebenen;;;;
41850;20075077;4026212119787;META MULTISTRONG M | Kragarmregal | Anbauregal | 2500 x 1000 x 600 mm | Armlast 355 kg | einseitig | 4+1 Ebenen;;;;
41851;20075078;4026212119794;META MULTISTRONG M | Kragarmregal | Grundregal | 2500 x 1000 x 800 mm | Armlast 250 kg | einseitig | 4+1 Ebenen;;;;
41852;20075079;4026212119800;META MULTISTRONG M | Kragarmregal | Anbauregal | 2500 x 1000 x 800 mm | Armlast 250 kg | einseitig | 4+1 Ebenen;;;;
41853;20075080;4026212119817;META MULTISTRONG M | Kragarmregal | Grundregal | 3000 x 1000 x 400 mm | Armlast 535 kg | einseitig | 5+1 Ebenen;;;;
41854;20075081;4026212119824;META MULTISTRONG M | Kragarmregal | Anbauregal | 3000 x 1000 x 400 mm | Armlast 535 kg | einseitig | 5+1 Ebenen;;;;
41855;20075082;4026212119831;META MULTISTRONG M | Kragarmregal | Grundregal | 3000 x 1000 x 500 mm | Armlast 430 kg | einseitig | 5+1 Ebenen;;;;
41856;20075083;4026212119848;META MULTISTRONG M | Kragarmregal | Anbauregal | 3000 x 1000 x 500 mm | Armlast 430 kg | einseitig | 5+1 Ebenen;;;;
41857;20075084;4026212119855;META MULTISTRONG M | Kragarmregal | Grundregal | 3000 x 1000 x 600 mm | Armlast 355 kg | einseitig | 5+1 Ebenen;;;;
41858;20075085;4026212119862;META MULTISTRONG M | Kragarmregal | Anbauregal | 3000 x 1000 x 600 mm | Armlast 355 kg | einseitig | 5+1 Ebenen;;;;
41859;20075086;4026212119879;META MULTISTRONG M | Kragarmregal | Grundregal | 3000 x 1000 x 800 mm | Armlast 250 kg | einseitig | 5+1 Ebenen;;;;
41860;20075087;4026212119886;META MULTISTRONG M | Kragarmregal | Anbauregal | 3000 x 1000 x 800 mm | Armlast 250 kg | einseitig | 5+1 Ebenen;;;;
41861;20075088;4026212119893;META MULTISTRONG M | Kragarmregal | Grundregal | 2000 x 1300 x 400 mm | Armlast 535 kg | einseitig | 4+1 Ebenen;;;;
41862;20075089;4026212119909;META MULTISTRONG M | Kragarmregal | Anbauregal | 2000 x 1300 x 400 mm | Armlast 535 kg | einseitig | 4+1 Ebenen;;;;
41863;20075090;4026212119916;META MULTISTRONG M | Kragarmregal | Grundregal | 2000 x 1300 x 500 mm | Armlast 430 kg | einseitig | 4+1 Ebenen;;;;
41864;20075091;4026212119923;META MULTISTRONG M | Kragarmregal | Anbauregal | 2000 x 1300 x 500 mm | Armlast 430 kg | einseitig | 4+1 Ebenen;;;;
41865;20075092;4026212119930;META MULTISTRONG M | Kragarmregal | Grundregal | 2000 x 1300 x 600 mm | Armlast 355 kg | einseitig | 4+1 Ebenen;;;;
41866;20075093;4026212119947;META MULTISTRONG M | Kragarmregal | Anbauregal | 2000 x 1300 x 600 mm | Armlast 355 kg | einseitig | 4+1 Ebenen;;;;
41867;20075094;4026212119954;META MULTISTRONG M | Kragarmregal | Grundregal | 2000 x 1300 x 800 mm | Armlast 250 kg | einseitig | 4+1 Ebenen;;;;
41868;20075095;4026212119961;META MULTISTRONG M | Kragarmregal | Anbauregal | 2000 x 1300 x 800 mm | Armlast 250 kg | einseitig | 4+1 Ebenen;;;;
41869;20075100;4026212119978;META MULTISTRONG M | Kragarmregal | Grundregal | 2500 x 1300 x 400 mm | Armlast 535 kg | einseitig | 4+1 Ebenen;;;;
41870;20075102;4026212119985;META MULTISTRONG M | Kragarmregal | Anbauregal | 2500 x 1300 x 400 mm | Armlast 535 kg | einseitig | 4+1 Ebenen;;;;
41871;20075103;4026212119992;META MULTISTRONG M | Kragarmregal | Grundregal | 2500 x 1300 x 500 mm | Armlast 430 kg | einseitig | 4+1 Ebenen;;;;
41872;20075104;4026212120004;META MULTISTRONG M | Kragarmregal | Anbauregal | 2500 x 1300 x 500 mm | Armlast 430 kg | einseitig | 4+1 Ebenen;;;;
41873;20075105;4026212120011;META MULTISTRONG M | Kragarmregal | Grundregal | 2500 x 1300 x 600 mm | Armlast 355 kg | einseitig | 4+1 Ebenen;;;;
41874;20075106;4026212120028;META MULTISTRONG M | Kragarmregal | Anbauregal | 2500 x 1300 x 600 mm | Armlast 355 kg | einseitig | 4+1 Ebenen;;;;
41875;20075107;4026212120035;META MULTISTRONG M | Kragarmregal | Grundregal | 2500 x 1300 x 800 mm | Armlast 250 kg | einseitig | 4+1 Ebenen;;;;
41876;20075108;4026212120042;META MULTISTRONG M | Kragarmregal | Anbauregal | 2500 x 1300 x 800 mm | Armlast 250 kg | einseitig | 4+1 Ebenen;;;;
41877;20075109;4026212120059;META MULTISTRONG M | Kragarmregal | Grundregal | 3000 x 1300 x 400 mm | Armlast 535 kg | einseitig | 5+1 Ebenen;;;;
41878;20075110;4026212120066;META MULTISTRONG M | Kragarmregal | Anbauregal | 3000 x 1300 x 400 mm | Armlast 535 kg | einseitig | 5+1 Ebenen;;;;
41879;20075111;4026212120073;META MULTISTRONG M | Kragarmregal | Grundregal | 3000 x 1300 x 500 mm | Armlast 430 kg | einseitig | 5+1 Ebenen;;;;
41880;20075112;4026212120080;META MULTISTRONG M | Kragarmregal | Anbauregal | 3000 x 1300 x 500 mm | Armlast 430 kg | einseitig | 5+1 Ebenen;;;;
41881;20075113;4026212120097;META MULTISTRONG M | Kragarmregal | Grundregal | 3000 x 1300 x 600 mm | Armlast 355 kg | einseitig | 5+1 Ebenen;;;;
41882;20075114;4026212120103;META MULTISTRONG M | Kragarmregal | Anbauregal | 3000 x 1300 x 600 mm | Armlast 355 kg | einseitig | 5+1 Ebenen;;;;
41883;20075115;4026212120110;META MULTISTRONG M | Kragarmregal | Grundregal | 3000 x 1300 x 800 mm | Armlast 250 kg | einseitig | 5+1 Ebenen;;;;
41884;20075116;4026212120127;META MULTISTRONG M | Kragarmregal | Anbauregal | 3000 x 1300 x 800 mm | Armlast 250 kg | einseitig | 5+1 Ebenen;;;;
41885;20075117;4026212120134;META MULTISTRONG M | Kragarmregal | Grundregal | 2000 x 1000 x 400 mm | Armlast 535 kg | doppelseitig | 4+1 Ebenen;;;;
41886;20075118;4026212120141;META MULTISTRONG M | Kragarmregal | Anbauregal | 2000 x 1000 x 400 mm | Armlast 535 kg | doppelseitig | 4+1 Ebenen;;;;
41887;20075119;4026212120158;META MULTISTRONG M | Kragarmregal | Grundregal | 2000 x 1000 x 500 mm | Armlast 430 kg | doppelseitig | 4+1 Ebenen;;;;
41888;20075120;4026212120165;META MULTISTRONG M | Kragarmregal | Anbauregal | 2000 x 1000 x 500 mm | Armlast 430 kg | doppelseitig | 4+1 Ebenen;;;;
41889;20075121;4026212120172;META MULTISTRONG M | Kragarmregal | Grundregal | 2000 x 1000 x 600 mm | Armlast 355 kg | doppelseitig | 4+1 Ebenen;;;;
41890;20075122;4026212120189;META MULTISTRONG M | Kragarmregal | Anbauregal | 2000 x 1000 x 600 mm | Armlast 355 kg | doppelseitig | 4+1 Ebenen;;;;
41891;20075123;4026212120196;META MULTISTRONG M | Kragarmregal | Grundregal | 2000 x 1000 x 800 mm | Armlast 250 kg | doppelseitig | 4+1 Ebenen;;;;
41892;20075124;4026212120202;META MULTISTRONG M | Kragarmregal | Anbauregal | 2000 x 1000 x 800 mm | Armlast 250 kg | doppelseitig | 4+1 Ebenen;;;;
41893;20075125;4026212120219;META MULTISTRONG M | Kragarmregal | Grundregal | 2500 x 1000 x 400 mm | Armlast 535 kg | doppelseitig | 4+1 Ebenen;;;;
41894;20075126;4026212120226;META MULTISTRONG M | Kragarmregal | Anbauregal | 2500 x 1000 x 400 mm | Armlast 535 kg | doppelseitig | 4+1 Ebenen;;;;
41895;20075127;4026212120233;META MULTISTRONG M | Kragarmregal | Grundregal | 2500 x 1000 x 500 mm | Armlast 430 kg | doppelseitig | 4+1 Ebenen;;;;
41896;20075128;4026212120240;META MULTISTRONG M | Kragarmregal | Anbauregal | 2500 x 1000 x 500 mm | Armlast 430 kg | doppelseitig | 4+1 Ebenen;;;;
41897;20075129;4026212120257;META MULTISTRONG M | Kragarmregal | Grundregal | 2500 x 1000 x 600 mm | Armlast 355 kg | doppelseitig | 4+1 Ebenen;;;;
41898;20075130;4026212120264;META MULTISTRONG M | Kragarmregal | Anbauregal | 2500 x 1000 x 600 mm | Armlast 355 kg | doppelseitig | 4+1 Ebenen;;;;
41899;20075131;4026212120271;META MULTISTRONG M | Kragarmregal | Grundregal | 2500 x 1000 x 800 mm | Armlast 250 kg | doppelseitig | 4+1 Ebenen;;;;
41900;20075132;4026212120288;META MULTISTRONG M | Kragarmregal | Anbauregal | 2500 x 1000 x 800 mm | Armlast 250 kg | doppelseitig | 4+1 Ebenen;;;;
41901;20075134;4026212120295;META MULTISTRONG M | Kragarmregal | Grundregal | 3000 x 1000 x 400 mm | Armlast 535 kg | doppelseitig | 5+1 Ebenen;;;;
41902;20075135;4026212120301;META MULTISTRONG M | Kragarmregal | Anbauregal | 3000 x 1000 x 400 mm | Armlast 535 kg | doppelseitig | 5+1 Ebenen;;;;
41903;20075136;4026212120318;META MULTISTRONG M | Kragarmregal | Grundregal | 3000 x 1000 x 500 mm | Armlast 430 kg | doppelseitig | 5+1 Ebenen;;;;
41904;20075137;4026212120325;META MULTISTRONG M | Kragarmregal | Anbauregal | 3000 x 1000 x 500 mm | Armlast 430 kg | doppelseitig | 5+1 Ebenen;;;;
41905;20075138;4026212120332;META MULTISTRONG M | Kragarmregal | Grundregal | 3000 x 1000 x 600 mm | Armlast 355 kg | doppelseitig | 5+1 Ebenen;;;;
41906;20075139;4026212120349;META MULTISTRONG M | Kragarmregal | Anbauregal | 3000 x 1000 x 600 mm | Armlast 355 kg | doppelseitig | 5+1 Ebenen;;;;
41907;20075140;4026212120356;META MULTISTRONG M | Kragarmregal | Grundregal | 3000 x 1000 x 800 mm | Armlast 250 kg | doppelseitig | 5+1 Ebenen;;;;
41908;20075141;4026212120363;META MULTISTRONG M | Kragarmregal | Anbauregal | 3000 x 1000 x 800 mm | Armlast 250 kg | doppelseitig | 5+1 Ebenen;;;;
41909;20075142;4026212120370;META MULTISTRONG M | Kragarmregal | Grundregal | 2000 x 1300 x 400 mm | Armlast 535 kg | doppelseitig | 4+1 Ebenen;;;;
41910;20075143;4026212120387;META MULTISTRONG M | Kragarmregal | Anbauregal | 2000 x 1300 x 400 mm | Armlast 535 kg | doppelseitig | 4+1 Ebenen;;;;
41911;20075144;4026212120394;META MULTISTRONG M | Kragarmregal | Grundregal | 2000 x 1300 x 500 mm | Armlast 430 kg | doppelseitig | 4+1 Ebenen;;;;
41912;20075145;4026212120400;META MULTISTRONG M | Kragarmregal | Anbauregal | 2000 x 1300 x 500 mm | Armlast 430 kg | doppelseitig | 4+1 Ebenen;;;;
41913;20075146;4026212120417;META MULTISTRONG M | Kragarmregal | Grundregal | 2000 x 1300 x 600 mm | Armlast 355 kg | doppelseitig | 4+1 Ebenen;;;;
41914;20075147;4026212120424;META MULTISTRONG M | Kragarmregal | Anbauregal | 2000 x 1300 x 600 mm | Armlast 355 kg | doppelseitig | 4+1 Ebenen;;;;
41915;20075148;4026212120431;META MULTISTRONG M | Kragarmregal | Grundregal | 2000 x 1300 x 800 mm | Armlast 250 kg | doppelseitig | 4+1 Ebenen;;;;
41916;20075149;4026212120448;META MULTISTRONG M | Kragarmregal | Anbauregal | 2000 x 1300 x 800 mm | Armlast 250 kg | doppelseitig | 4+1 Ebenen;;;;
41917;20075150;4026212120455;META MULTISTRONG M | Kragarmregal | Grundregal | 2500 x 1300 x 400 mm | Armlast 535 kg | doppelseitig | 4+1 Ebenen;;;;
41918;20075151;4026212120462;META MULTISTRONG M | Kragarmregal | Anbauregal | 2500 x 1300 x 400 mm | Armlast 535 kg | doppelseitig | 4+1 Ebenen;;;;
41919;20075152;4026212120479;META MULTISTRONG M | Kragarmregal | Grundregal | 2500 x 1300 x 500 mm | Armlast 430 kg | doppelseitig | 4+1 Ebenen;;;;
41920;20075153;4026212120486;META MULTISTRONG M | Kragarmregal | Anbauregal | 2500 x 1300 x 500 mm | Armlast 430 kg | doppelseitig | 4+1 Ebenen;;;;
41921;20075154;4026212120493;META MULTISTRONG M | Kragarmregal | Grundregal | 2500 x 1300 x 600 mm | Armlast 355 kg | doppelseitig | 4+1 Ebenen;;;;
41922;20075155;4026212120509;META MULTISTRONG M | Kragarmregal | Anbauregal | 2500 x 1300 x 600 mm | Armlast 355 kg | doppelseitig | 4+1 Ebenen;;;;
41923;20075156;4026212120516;META MULTISTRONG M | Kragarmregal | Grundregal | 2500 x 1300 x 800 mm | Armlast 250 kg | doppelseitig | 4+1 Ebenen;;;;
41924;20075157;4026212120523;META MULTISTRONG M | Kragarmregal | Anbauregal | 2500 x 1300 x 800 mm | Armlast 250 kg | doppelseitig | 4+1 Ebenen;;;;
41925;20075158;4026212120530;META MULTISTRONG M | Kragarmregal | Grundregal | 3000 x 1300 x 400 mm | Armlast 535 kg | doppelseitig | 5+1 Ebenen;;;;
41926;20075159;4026212120547;META MULTISTRONG M | Kragarmregal | Anbauregal | 3000 x 1300 x 400 mm | Armlast 535 kg | doppelseitig | 5+1 Ebenen;;;;
41927;20075160;4026212120554;META MULTISTRONG M | Kragarmregal | Grundregal | 3000 x 1300 x 500 mm | Armlast 430 kg | doppelseitig | 5+1 Ebenen;;;;
41928;20075161;4026212120561;META MULTISTRONG M | Kragarmregal | Anbauregal | 3000 x 1300 x 500 mm | Armlast 430 kg | doppelseitig | 5+1 Ebenen;;;;
41929;20075162;4026212120578;META MULTISTRONG M | Kragarmregal | Grundregal | 3000 x 1300 x 600 mm | Armlast 355 kg | doppelseitig | 5+1 Ebenen;;;;
41930;20075163;4026212120585;META MULTISTRONG M | Kragarmregal | Anbauregal | 3000 x 1300 x 600 mm | Armlast 355 kg | doppelseitig | 5+1 Ebenen;;;;
41931;20075164;4026212120592;META MULTISTRONG M | Kragarmregal | Grundregal | 3000 x 1300 x 800 mm | Armlast 250 kg | doppelseitig | 5+1 Ebenen;;;;
41932;20075165;4026212120608;META MULTISTRONG M | Kragarmregal | Anbauregal | 3000 x 1300 x 800 mm | Armlast 250 kg | doppelseitig | 5+1 Ebenen;;;;
41933;20075749;4026212123043;;;;;
41934;20075750;4026212123050;;;;;
41935;20075751;4026212123067;;;;;
41936;20075752;4026212123074;;;;;
41937;20075753;4026212123081;MULTIPAL | Pfosten | 85/20 | verzinkt | mit Schlüssellochung;;;;
41938;20075755;4026212123098;;;;;
41939;20075756;4026212123104;;;;;
41940;20075891;4026212123906;;;;;
41941;20075892;4026212123913;;;;;
41942;20075893;4026212123920;;;;;
41943;20075894;4026212123937;;;;;
41944;20075896;4026212123944;;;;;
41945;20075897;4026212123951;;;;;
41946;20075898;4026212123968;;;;;
41947;20075908;4026212124057;;;;;
41948;20075912;4026212124095;;;;;
41977;20076234;4026212125054;META MULTISTRONG L | Kragarmregal | 3 Felder | 2000 x 3000 x 400 mm | Armlast 220 kg | einseitig | 4+1 Ebenen;;;;
41978;20076298;4026212125665;META MULTISTRONG L | Kragarmregal | 5 Felder | 2500 x 5000 x 600 mm | Armlast 140 kg | einseitig | 5+1 Ebenen;;;;
41979;20076301;4026212125696;META MULTISTRONG L | Kragarmregal | 5 Felder | 2500 x 5000 x 600 mm | Armlast 140 kg | doppelseitig | 5+1 Ebenen;;;;
41980;20076302;4026212125702;META MULTISTRONG L | Kragarmregal | 2 Felder | 2000 x 2600 x 400 mm | Armlast 220 kg | einseitig | 4+1 Ebenen;;;;
41981;20076303;4026212125719;META MULTISTRONG L | Kragarmregal | 2 Felder | 2000 x 2600 x 500 mm | Armlast 175 kg | einseitig | 4+1 Ebenen;;;;
41982;20076304;4026212125726;META MULTISTRONG L | Kragarmregal | 2 Felder | 2000 x 2600 x 600 mm | Armlast 140 kg | einseitig | 4+1 Ebenen;;;;
41983;20076305;4026212125733;META MULTISTRONG L | Kragarmregal | 2 Felder | 2000 x 2600 x 400 mm | Armlast 220 kg | doppelseitig | 4+1 Ebenen;;;;
41984;20076306;4026212125740;META MULTISTRONG L | Kragarmregal | 2 Felder | 2000 x 2600 x 500 mm | Armlast 175 kg | doppelseitig | 4+1 Ebenen;;;;
41985;20076307;4026212125757;META MULTISTRONG L | Kragarmregal | 2 Felder | 2000 x 2600 x 600 mm | Armlast 140 kg | doppelseitig | 4+1 Ebenen;;;;
41986;20076314;4026212125825;META MULTISTRONG L | Kragarmregal | 4 Felder | 2000 x 5200 x 400 mm | Armlast 220 kg | einseitig | 4+1 Ebenen;;;;
41987;20076315;4026212125832;META MULTISTRONG L | Kragarmregal | 4 Felder | 2000 x 5200 x 500 mm | Armlast 175 kg | einseitig | 4+1 Ebenen;;;;
41988;20076316;4026212125849;META MULTISTRONG L | Kragarmregal | 4 Felder | 2000 x 5200 x 600 mm | Armlast 140 kg | einseitig | 4+1 Ebenen;;;;
41989;20076317;4026212125856;META MULTISTRONG L | Kragarmregal | 4 Felder | 2000 x 5200 x 400 mm | Armlast 220 kg | doppelseitig | 4+1 Ebenen;;;;
41990;20076318;4026212125863;META MULTISTRONG L | Kragarmregal | 4 Felder | 2000 x 5200 x 500 mm | Armlast 175 kg | doppelseitig | 4+1 Ebenen;;;;
41991;20076319;4026212125870;META MULTISTRONG L | Kragarmregal | 4 Felder | 2000 x 5200 x 600 mm | Armlast 140 kg | doppelseitig | 4+1 Ebenen;;;;
41992;20076350;4026212126181;META MULTISTRONG L | Kragarmregal | 2 Felder | 2500 x 2600 x 400 mm | Armlast 220 kg | einseitig | 5+1 Ebenen;;;;
41993;20076351;4026212126198;META MULTISTRONG L | Kragarmregal | 2 Felder | 2500 x 2600 x 500 mm | Armlast 175 kg | einseitig | 5+1 Ebenen;;;;
41994;20076352;4026212126204;META MULTISTRONG L | Kragarmregal | 2 Felder | 2500 x 2600 x 600 mm | Armlast 140 kg | einseitig | 5+1 Ebenen;;;;
41995;20076353;4026212126211;META MULTISTRONG L | Kragarmregal | 2 Felder | 2500 x 2600 x 400 mm | Armlast 220 kg | doppelseitig | 5+1 Ebenen;;;;
41996;20076354;4026212126228;META MULTISTRONG L | Kragarmregal | 2 Felder | 2500 x 2600 x 500 mm | Armlast 175 kg | doppelseitig | 5+1 Ebenen;;;;
41997;20076355;4026212126235;META MULTISTRONG L | Kragarmregal | 2 Felder | 2500 x 2600 x 600 mm | Armlast 140 kg | doppelseitig | 5+1 Ebenen;;;;
41998;20076362;4026212126303;META MULTISTRONG L | Kragarmregal | 4 Felder | 2500 x 5200 x 400 mm | Armlast 220 kg | einseitig | 5+1 Ebenen;;;;
41999;20076363;4026212126310;META MULTISTRONG L | Kragarmregal | 4 Felder | 2500 x 5200 x 500 mm | Armlast 175 kg | einseitig | 5+1 Ebenen;;;;
42000;20076364;4026212126327;META MULTISTRONG L | Kragarmregal | 4 Felder | 2500 x 5200 x 600 mm | Armlast 140 kg | einseitig | 5+1 Ebenen;;;;
42001;20076365;4026212126334;META MULTISTRONG L | Kragarmregal | 4 Felder | 2500 x 5200 x 400 mm | Armlast 220 kg | doppelseitig | 5+1 Ebenen;;;;
42002;20076366;4026212126341;META MULTISTRONG L | Kragarmregal | 4 Felder | 2500 x 5200 x 500 mm | Armlast 175 kg | doppelseitig | 5+1 Ebenen;;;;
42003;20076367;4026212126358;META MULTISTRONG L | Kragarmregal | 4 Felder | 2500 x 5200 x 600 mm | Armlast 140 kg | doppelseitig | 5+1 Ebenen;;;;
42004;20076381;4026212126440;META MULTISTRONG M | Kragarmregal | 2 Felder | 2000 x 2000 x 600 mm | Armlast 355 kg | einseitig | 4+1 Ebenen;;;;
42005;20076382;4026212126457;META MULTISTRONG M | Kragarmregal | 2 Felder | 2000 x 2000 x 800 mm | Armlast 250 kg | einseitig | 4+1 Ebenen;;;;
42006;20076385;4026212126488;META MULTISTRONG M | Kragarmregal | 2 Felder | 2000 x 2000 x 600 mm | Armlast 355 kg | doppelseitig | 4+1 Ebenen;;;;
42007;20076386;4026212126495;META MULTISTRONG M | Kragarmregal | 2 Felder | 2000 x 2000 x 800 mm | Armlast 250 kg | doppelseitig | 4+1 Ebenen;;;;
42009;20076413;4026212126778;META MULTISTRONG M | Kragarmregal | 2 Felder | 2500 x 2000 x 600 mm | Armlast 355 kg | einseitig | 4+1 Ebenen;;;;
42010;20076414;4026212126785;META MULTISTRONG M | Kragarmregal | 2 Felder | 2500 x 2000 x 800 mm | Armlast 250 kg | einseitig | 4+1 Ebenen;;;;
42011;20076415;4026212126792;META MULTISTRONG M | Kragarmregal | 2 Felder | 2500 x 2600 x 400 mm | Armlast 535 kg | einseitig | 4+1 Ebenen;;;;
42012;20076416;4026212126808;META MULTISTRONG M | Kragarmregal | 2 Felder | 2500 x 2600 x 500 mm | Armlast 430 kg | einseitig | 4+1 Ebenen;;;;
42013;20076417;4026212126815;META MULTISTRONG M | Kragarmregal | 2 Felder | 2500 x 2600 x 600 mm | Armlast 355 kg | einseitig | 4+1 Ebenen;;;;
42014;20076418;4026212126822;META MULTISTRONG M | Kragarmregal | 2 Felder | 2500 x 2600 x 800 mm | Armlast 250 kg | einseitig | 4+1 Ebenen;;;;
42015;20076452;4026212126952;META MULTISTRONG M | Kragarmregal | 4 Felder | 2500 x 5200 x 400 mm | Armlast 535 kg | einseitig | 4+1 Ebenen;;;;
42016;20076453;4026212126969;META MULTISTRONG M | Kragarmregal | 4 Felder | 2500 x 5200 x 500 mm | Armlast 430 kg | einseitig | 4+1 Ebenen;;;;
42017;20076454;4026212126976;META MULTISTRONG M | Kragarmregal | 4 Felder | 2500 x 5200 x 600 mm | Armlast 355 kg | einseitig | 4+1 Ebenen;;;;
42018;20076455;4026212126983;META MULTISTRONG M | Kragarmregal | 4 Felder | 2500 x 5200 x 800 mm | Armlast 250 kg | einseitig | 4+1 Ebenen;;;;
42019;20076459;4026212127010;META MULTISTRONG M | Kragarmregal | 5 Felder | 2500 x 5000 x 600 mm | Armlast 355 kg | einseitig | 4+1 Ebenen;;;;
42020;20076563;4026212127799;META MULTISTRONG M | Kragarmregal | 2 Felder | 2500 x 2600 x 400 mm | Armlast 535 kg | doppelseitig | 4+1 Ebenen;;;;
42021;20076564;4026212127805;META MULTISTRONG M | Kragarmregal | 2 Felder | 2500 x 2600 x 500 mm | Armlast 430 kg | doppelseitig | 4+1 Ebenen;;;;
42022;20076565;4026212127812;META MULTISTRONG M | Kragarmregal | 2 Felder | 2500 x 2600 x 600 mm | Armlast 355 kg | doppelseitig | 4+1 Ebenen;;;;
42023;20076566;4026212127829;META MULTISTRONG M | Kragarmregal | 2 Felder | 2500 x 2600 x 800 mm | Armlast 250 kg | doppelseitig | 4+1 Ebenen;;;;
42024;20076579;4026212127959;META MULTISTRONG M | Kragarmregal | 4 Felder | 2500 x 5200 x 400 mm | Armlast 535 kg | doppelseitig | 4+1 Ebenen;;;;
42025;20076580;4026212127966;META MULTISTRONG M | Kragarmregal | 4 Felder | 2500 x 5200 x 500 mm | Armlast 430 kg | doppelseitig | 4+1 Ebenen;;;;
42026;20076581;4026212127973;META MULTISTRONG M | Kragarmregal | 4 Felder | 2500 x 5200 x 600 mm | Armlast 355 kg | doppelseitig | 4+1 Ebenen;;;;
42027;20076582;4026212127980;META MULTISTRONG M | Kragarmregal | 4 Felder | 2500 x 5200 x 800 mm | Armlast 250 kg | doppelseitig | 4+1 Ebenen;;;;
42028;20076585;4026212128017;META MULTISTRONG M | Kragarmregal | 5 Felder | 2500 x 5000 x 600 mm | Armlast 355 kg | doppelseitig | 4+1 Ebenen;;;;
42030;20076652;4026212128444;;;;;
42031;20076653;4026212128451;;;;;
42032;20076654;4026212128468;;;;;
42033;20076655;4026212128475;;;;;
42034;20076656;4026212128482;;;;;
42035;20076657;4026212128499;;;;;
42036;20076658;4026212128505;;;;;
42037;20076659;4026212128512;;;;;
42038;20076660;4026212128529;;;;;
42039;20076661;4026212128536;;;;;
42040;20076662;4026212128543;;;;;
42041;20076663;4026212128550;;;;;
42042;20076664;4026212128567;;;;;
42043;20076665;4026212128574;;;;;
42044;20076668;4026212128604;;;;;
42045;20076669;4026212128611;;;;;
42046;20076673;4026212128642;META MINI-RACK | Profillagerregal | Grundregal | 2200 x 1400 x 500 mm | RAL 7035;;;;
42047;20076674;4026212128659;META MINI-RACK | Profillagerregal | Anbauregal | 2200 x 1400 x 500 mm | RAL 7035;;;;
42048;20076675;4026212128666;META MINI-RACK | Profillagerregal | Grundregal | 2500 x 1400 x 500 mm | RAL 7035;;;;
42049;20076676;4026212128673;META MINI-RACK | Profillagerregal | Anbauregal | 2500 x 1400 x 500 mm | RAL 7035;;;;
42050;20076677;4026212128680;META MINI-RACK | Profillagerregal | Grundregal | 3000 x 1400 x 500 mm | RAL 7035;;;;
42051;20076678;4026212128697;META MINI-RACK | Profillagerregal | Anbauregal | 3000 x 1400 x 500 mm | RAL 7035;;;;
42052;20076679;4026212128703;;;;;
42053;20076686;4026212128772;META MINI-RACK | Profillagerregal | Doppel-Grundregal | 2200 x 1400 x 800 mm | RAL 7035;;;;
42054;20076687;4026212128789;META MINI-RACK | Profillagerregal | Doppel-Anbauregal | 2200 x 1400 x 800 mm | RAL 7035;;;;
42055;20076688;4026212128796;META MINI-RACK | Profillagerregal | Doppel-Grundregal | 2500 x 1400 x 800 mm | RAL 7035;;;;
42056;20076689;4026212128802;META MINI-RACK | Profillagerregal | Doppel-Anbauregal | 2500 x 1400 x 800 mm | RAL 7035;;;;
42057;20076690;4026212128819;META MINI-RACK | Profillagerregal | Doppel-Grundregal | 3000 x 1400 x 800 mm | RAL 7035;;;;
42058;20076691;4026212128826;META MINI-RACK | Profillagerregal | Doppel-Anbauregal | 3000 x 1400 x 800 mm | RAL 7035;;;;
42059;2007679;4026212128949;;;;;
42060;20076887;4026212129373;;;;;
42061;20076904;4026212129434;META COMPACT | Büro-Steckregal | Grundregal | 2200 x 750 x 300 mm | Fachlast 80 kg | 6+1 Ebenen | RAL 7035;;;;
42062;20076905;4026212129441;META COMPACT | Büro-Steckregal | Anbauregal | 2200 x 750 x 300 mm | Fachlast 80 kg | 6+1 Ebenen | RAL 7035;;;;
42063;20076908;4026212129472;;;;;
42064;20076913;4026212129526;META COMPACT | Büro-Steckregal | Grundregal | 2200 x 750 x 600 mm | Fachlast 100 kg | 6+1 Ebenen | RAL 7035;;;;
42065;20076914;4026212129533;META COMPACT | Büro-Steckregal | Anbauregal | 2200 x 750 x 600 mm | Fachlast 100 kg | 6+1 Ebenen | RAL 7035;;;;
42066;20076917;4026212129564;;;;;
42067;20077405;4026212131550;META MINI-RACK Weitspannregal | 2 Felder | 2200 x 3600 x 650 mm | Fachlast 600 kg | Spanplattenböden | 3 Ebenen;;;;
42068;20077433;4026212131673;META COMPACT | Pendelhefterregal | Grundregal | 1850 x 1000 x 400 | 5 Ebenen | mit Wänden | RAL 7035;;;;
42069;20077448;4026212131802;META COMPACT | Pendelhefterregal | Anbauregal | 1850 x 1000 x 400 | 5 Ebenen | mit Wänden | RAL 7035;;;;
42070;20077449;4026212131819;META COMPACT | Pendelhefterregal | Grundregal | 2200 x 1000 x 400 | 6 Ebenen | mit Wänden | RAL 7035;;;;
42071;20077450;4026212131826;META COMPACT | Pendelhefterregal | Anbauregal | 2200 x 1000 x 400 | 6 Ebenen | mit Wänden | RAL 7035;;;;
42072;20077469;4026212131925;;;;;
42073;20077471;4026212131949;;;;;
42076;20077507;4026212132267;META MULTIPAL | Palettenregal | Grundregal | 3300 x 2700 x 1100 mm | Fachlast 780 kg | 3 Ebenen | 9 Paletten | verzinkt;;;;
42077;20077508;4026212132274;;;;;
42078;20077509;4026212132281;;;;;
42079;20077510;4026212132298;;;;;
42080;20077533;4026212132519;META MULTIPAL | Großfachregal | Grundregal | 2200 x 2700 x 800 mm | Fachlast 2400 kg | 3 Ebenen | Stahlpaneele | verzinkt;;;;
42081;20077534;4026212132526;META MULTIPAL | Großfachregal | Grundregal | 2700 x 2700 x 800 mm | Fachlast 2400 kg | 4 Ebenen | Stahlpaneele | verzinkt;;;;
42082;20077535;4026212132533;META MULTIPAL | Großfachregal | Grundregal | 3300 x 2700 x 800 mm | Fachlast 1900 kg | 5 Ebenen | Stahlpaneele | verzinkt;;;;
42083;20077536;4026212132540;META MULTIPAL | Großfachregal | Grundregal | 2200 x 2700 x 1100 mm | Fachlast 2400 kg | 3 Ebenen | Stahlpaneele | verzinkt;;;;
42084;20077537;4026212132557;META MULTIPAL | Großfachregal | Grundregal | 2700 x 2700 x 1100 mm | Fachlast 2400 kg | 4 Ebenen | Stahlpaneele | verzinkt;;;;
42085;20077538;4026212132564;META MULTIPAL | Großfachregal | Grundregal | 3300 x 2700 x 1100 mm | Fachlast 1900 kg | 5 Ebenen | Stahlpaneele | verzinkt;;;;
42086;20077551;4026212132694;META MULTIPAL | Großfachregal | Anbauregal | 2200 x 2700 x 800 mm | Fachlast 2400 kg | 3 Ebenen | Stahlpaneele | verzinkt;;;;
42087;20077552;4026212132700;META MULTIPAL | Großfachregal | Anbauregal | 2700 x 2700 x 800 mm | Fachlast 2400 kg | 4 Ebenen | Stahlpaneele | verzinkt;;;;
42088;20077553;4026212132717;META MULTIPAL | Großfachregal | Anbauregal | 3300 x 2700 x 800 mm | Fachlast 1900 kg | 5 Ebenen | Stahlpaneele | verzinkt;;;;
42089;20077554;4026212132724;META MULTIPAL | Großfachregal | Anbauregal | 2200 x 2700 x 1100 mm | Fachlast 2400 kg | 3 Ebenen | Stahlpaneele | verzinkt;;;;
42090;20077555;4026212132731;META MULTIPAL | Großfachregal | Anbauregal | 2700 x 2700 x 1100 mm | Fachlast 2400 kg | 4 Ebenen | Stahlpaneele | verzinkt;;;;
42091;20077556;4026212132748;META MULTIPAL | Großfachregal | Anbauregal | 3300 x 2700 x 1100 mm | Fachlast 1900 kg | 5 Ebenen | Stahlpaneele | verzinkt;;;;
42092;20077563;4026212132762;META COMPACT | Büro-Steckregal | Grundregal | 1850 x 750 x 300 mm | Fachlast 80 kg | 5 Ebenen | verzinkt;;;;
42093;20077564;4026212132779;META COMPACT | Büro-Steckregal | Anbauregal | 1850 x 750 x 300 mm | Fachlast 80 kg | 5 Ebenen | verzinkt;;;;
42094;20077565;4026212132786;META COMPACT | Büro-Steckregal | Grundregal | 1850 x 750 x 300 mm | Fachlast 80 kg | 6 Ebenen | verzinkt;;;;
42095;20077566;4026212132793;META COMPACT | Büro-Steckregal | Anbauregal | 1850 x 750 x 300 mm | Fachlast 80 kg | 6 Ebenen | verzinkt;;;;
42096;20077567;4026212132809;META COMPACT | Büro-Steckregal | Grundregal | 2200 x 750 x 300 mm | Fachlast 80 kg | 7 Ebenen | verzinkt;;;;
42097;20077568;4026212132816;META COMPACT | Büro-Steckregal | Anbauregal | 2200 x 750 x 300 mm | Fachlast 80 kg | 7 Ebenen | verzinkt;;;;
42098;20077569;4026212132823;META COMPACT | Büro-Steckregal | Grundregal | 2550 x 750 x 300 mm | Fachlast 80 kg | 8 Ebenen | verzinkt;;;;
42099;20077570;4026212132830;META COMPACT | Büro-Steckregal | Anbauregal | 2550 x 750 x 300 mm | Fachlast 80 kg | 8 Ebenen | verzinkt;;;;
42100;20077571;4026212132847;META COMPACT | Büro-Steckregal | Grundregal | 1850 x 1000 x 300 mm | Fachlast 80 kg | 5 Ebenen | verzinkt;;;;
42101;20077572;4026212132854;META COMPACT | Büro-Steckregal | Anbauregal | 1850 x 1000 x 300 mm | Fachlast 80 kg | 5 Ebenen | verzinkt;;;;
42102;20077573;4026212132861;META COMPACT | Büro-Steckregal | Grundregal | 1850 x 1000 x 300 mm | Fachlast 80 kg | 6 Ebenen | verzinkt;;;;
42103;20077574;4026212132878;META COMPACT | Büro-Steckregal | Anbauregal | 1850 x 1000 x 300 mm | Fachlast 80 kg | 6 Ebenen | verzinkt;;;;
42104;20077575;4026212132885;META COMPACT | Büro-Steckregal | Grundregal | 2550 x 1000 x 300 mm | Fachlast 80 kg | 8 Ebenen | verzinkt;;;;
42105;20077576;4026212132892;META COMPACT | Büro-Steckregal | Anbauregal | 2550 x 1000 x 300 mm | Fachlast 80 kg | 8 Ebenen | verzinkt;;;;
42106;20077578;4026212132908;META COMPACT | Büro-Steckregal | Grundregal | 1850 x 1250 x 300 mm | Fachlast 80 kg | 5 Ebenen | verzinkt;;;;
42107;20077579;4026212132915;META COMPACT | Büro-Steckregal | Anbauregal | 1850 x 1250 x 300 mm | Fachlast 80 kg | 5 Ebenen | verzinkt;;;;
42108;20077580;4026212132922;META COMPACT | Büro-Steckregal | Grundregal | 1850 x 1250 x 300 mm | Fachlast 80 kg | 6 Ebenen | verzinkt;;;;
42109;20077581;4026212132939;META COMPACT | Büro-Steckregal | Anbauregal | 1850 x 1250 x 300 mm | Fachlast 80 kg | 6 Ebenen | verzinkt;;;;
42110;20077582;4026212132946;META COMPACT | Büro-Steckregal | Grundregal | 2200 x 1250 x 300 mm | Fachlast 80 kg | 7 Ebenen | verzinkt;;;;
42111;20077583;4026212132953;META COMPACT | Büro-Steckregal | Anbauregal | 2200 x 1250 x 300 mm | Fachlast 80 kg | 7 Ebenen | verzinkt;;;;
42112;20077584;4026212132960;META COMPACT | Büro-Steckregal | Grundregal | 2550 x 1250 x 300 mm | Fachlast 80 kg | 8 Ebenen | verzinkt;;;;
42113;20077585;4026212132977;META COMPACT | Büro-Steckregal | Anbauregal | 2550 x 1250 x 300 mm | Fachlast 80 kg | 8 Ebenen | verzinkt;;;;
42114;20077593;4026212132991;;;;;
42115;20077594;4026212133004;;;;;
42116;20077595;4026212133011;;;;;
42118;20077599;4026212133042;META COMPACT | Büro-Steckregal | Grundregal | 1850 x 750 x 600 mm | Fachlast 100 kg | 5 Ebenen | verzinkt;;;;
42119;20077600;4026212133059;META COMPACT | Büro-Steckregal | Anbauregal | 1850 x 750 x 600 mm | Fachlast 100 kg | 5 Ebenen | verzinkt;;;;
42120;20077601;4026212133066;META COMPACT | Büro-Steckregal | Grundregal | 1850 x 750 x 600 mm | Fachlast 100 kg | 6 Ebenen | verzinkt;;;;
42121;20077602;4026212133073;META COMPACT | Büro-Steckregal | Anbauregal | 1850 x 750 x 600 mm | Fachlast 100 kg | 6 Ebenen | verzinkt;;;;
42122;20077603;4026212133080;META COMPACT | Büro-Steckregal | Grundregal | 2200 x 750 x 600 mm | Fachlast 100 kg | 7 Ebenen | verzinkt;;;;
42123;20077604;4026212133097;META COMPACT | Büro-Steckregal | Anbauregal | 2200 x 750 x 600 mm | Fachlast 100 kg | 7 Ebenen | verzinkt;;;;
42124;20077605;4026212133103;META COMPACT | Büro-Steckregal | Grundregal | 2550 x 750 x 600 mm | Fachlast 100 kg | 8 Ebenen | verzinkt;;;;
42125;20077606;4026212133110;META COMPACT | Büro-Steckregal | Anbauregal | 2550 x 750 x 600 mm | Fachlast 100 kg | 8 Ebenen | verzinkt;;;;
42126;20077607;4026212133127;META COMPACT | Büro-Steckregal | Grundregal | 1850 x 1000 x 600 mm | Fachlast 100 kg | 5 Ebenen | verzinkt;;;;
42127;20077608;4026212133134;META COMPACT | Büro-Steckregal | Anbauregal | 1850 x 1000 x 600 mm | Fachlast 100 kg | 5 Ebenen | verzinkt;;;;
42128;20077609;4026212133141;META COMPACT | Büro-Steckregal | Grundregal | 1850 x 1000 x 600 mm | Fachlast 100 kg | 6 Ebenen | verzinkt;;;;
42129;20077610;4026212133158;META COMPACT | Büro-Steckregal | Anbauregal | 1850 x 1000 x 600 mm | Fachlast 100 kg | 6 Ebenen | verzinkt;;;;
42130;20077611;4026212133165;META COMPACT | Büro-Steckregal | Grundregal | 2550 x 1000 x 600 mm | Fachlast 100 kg | 8 Ebenen | verzinkt;;;;
42131;20077612;4026212133172;META COMPACT | Büro-Steckregal | Anbauregal | 2550 x 1000 x 600 mm | Fachlast 100 kg | 8 Ebenen | verzinkt;;;;
42132;20077613;4026212133189;META COMPACT | Büro-Steckregal | Grundregal | 1850 x 1250 x 600 mm | Fachlast 100 kg | 5 Ebenen | verzinkt;;;;
42133;20077618;4026212133196;META COMPACT | Büro-Steckregal | Anbauregal | 2200 x 1250 x 600 mm | Fachlast 100 kg | 7 Ebenen | verzinkt;;;;
42134;20077619;4026212133202;META COMPACT | Büro-Steckregal | Grundregal | 2550 x 1250 x 600 mm | Fachlast 100 kg | 8 Ebenen | verzinkt;;;;
42135;20077620;4026212133219;META COMPACT | Büro-Steckregal | Anbauregal | 2550 x 1250 x 600 mm | Fachlast 100 kg | 8 Ebenen | verzinkt;;;;
42136;20077624;4026212133257;;;;;
42137;20077625;4026212133264;;;;;
42138;20077626;4026212133271;;;;;
42139;20077627;4026212133288;META COMPACT | Büro-Steckregal | Grundregal | 1850 x 750 x 300 mm | Fachlast 80 kg | 5 Ebenen | RAL 7035;;;;
42140;20077628;4026212133295;META COMPACT | Büro-Steckregal | Anbauregal | 1850 x 750 x 300 mm | Fachlast 80 kg | 5 Ebenen | RAL 7035;;;;
42141;20077630;4026212133301;META COMPACT | Büro-Steckregal | Grundregal | 1850 x 750 x 300 mm | Fachlast 80 kg | 5+1 Ebenen | RAL 7035;;;;
42142;20077631;4026212133318;META COMPACT | Büro-Steckregal | Anbauregal | 1850 x 750 x 300 mm | Fachlast 80 kg | 5+1 Ebenen | RAL 7035;;;;
42143;20077634;4026212133325;META COMPACT | Büro-Steckregal | Grundregal | 1850 x 1000 x 300 mm | Fachlast 80 kg | 5 Ebenen | RAL 7035;;;;
42144;20077635;4026212133332;META COMPACT | Büro-Steckregal | Anbauregal | 1850 x 1000 x 300 mm | Fachlast 80 kg | 5 Ebenen | RAL 7035;;;;
42145;20077636;4026212133349;META COMPACT | Büro-Steckregal | Grundregal | 1850 x 1000 x 300 mm | Fachlast 80 kg | 5+1 Ebenen | RAL 7035;;;;
42146;20077637;4026212133356;META COMPACT | Büro-Steckregal | Anbauregal | 1850 x 1000 x 300 mm | Fachlast 80 kg | 5+1 Ebenen | RAL 7035;;;;
42147;20077638;4026212133363;META COMPACT | Büro-Steckregal | Grundregal | 1850 x 1250 x 300 mm | Fachlast 80 kg | 5 Ebenen | RAL 7035;;;;
42148;20077639;4026212133370;META COMPACT | Büro-Steckregal | Anbauregal | 1850 x 1250 x 300 mm | Fachlast 80 kg | 5 Ebenen | RAL 7035;;;;
42149;20077640;4026212133387;META COMPACT | Büro-Steckregal | Grundregal | 1850 x 1250 x 300 mm | Fachlast 80 kg | 5+1 Ebenen | RAL 7035;;;;
42150;20077641;4026212133394;META COMPACT | Büro-Steckregal | Anbauregal | 1850 x 1250 x 300 mm | Fachlast 80 kg | 5+1 Ebenen | RAL 7035;;;;
42151;20077642;4026212133400;META COMPACT | Büro-Steckregal | Grundregal | 1850 x 750 x 600 mm | Fachlast 100 kg | 5 Ebenen | RAL 7035;;;;
42152;20077643;4026212133417;META COMPACT | Büro-Steckregal | Anbauregal | 1850 x 750 x 600 mm | Fachlast 100 kg | 5 Ebenen | RAL 7035;;;;
42153;20077644;4026212133424;META COMPACT | Büro-Steckregal | Grundregal | 1850 x 750 x 600 mm | Fachlast 100 kg | 5+1 Ebenen | RAL 7035;;;;
42154;20077645;4026212133431;META COMPACT | Büro-Steckregal | Anbauregal | 1850 x 750 x 600 mm | Fachlast 100 kg | 5+1 Ebenen | RAL 7035;;;;
42155;20077646;4026212133448;META COMPACT | Büro-Steckregal | Grundregal | 1850 x 1000 x 600 mm | Fachlast 100 kg | 5 Ebenen | RAL 7035;;;;
42156;20077647;4026212133455;META COMPACT | Büro-Steckregal | Anbauregal | 1850 x 1000 x 600 mm | Fachlast 100 kg | 5 Ebenen | RAL 7035;;;;
42157;20077648;4026212133462;META COMPACT | Büro-Steckregal | Grundregal | 1850 x 1000 x 600 mm | Fachlast 100 kg | 5+1 Ebenen | RAL 7035;;;;
42158;20077649;4026212133479;META COMPACT | Büro-Steckregal | Anbauregal | 1850 x 1000 x 600 mm | Fachlast 100 kg | 5+1 Ebenen | RAL 7035;;;;
42159;20077650;4026212133486;META COMPACT | Büro-Steckregal | Grundregal | 1850 x 1250 x 600 mm | Fachlast 100 kg | 5 Ebenen | RAL 7035;;;;
42160;20077651;4026212133493;META COMPACT | Büro-Steckregal | Anbauregal | 1850 x 1250 x 600 mm | Fachlast 100 kg | 5 Ebenen | RAL 7035;;;;
42161;20077652;4026212133509;META COMPACT | Büro-Steckregal | Grundregal | 1850 x 1250 x 600 mm | Fachlast 100 kg | 5+1 Ebenen | RAL 7035;;;;
42162;20077653;4026212133516;META COMPACT | Büro-Steckregal | Anbauregal | 1850 x 1250 x 600 mm | Fachlast 100 kg | 5+1 Ebenen | RAL 7035;;;;
42163;20077656;4026212133523;;;;;
42164;20077657;4026212133530;;;;;
42165;20077658;4026212133547;;;;;
42166;20077659;4026212133554;;;;;
42167;20077660;4026212133578;META COMPACT | Büro-Steckregalwand | Grundregal | 1850 x 750 x 300 mm | Fachlast 80 kg | 5+1 Ebenen | RAL 7035;;;;
42168;20077661;4026212133585;META COMPACT | Büro-Steckregalwand | Anbauregal | 1850 x 750 x 300 mm | Fachlast 80 kg | 5+1 Ebenen | RAL 7035;;;;
42169;20077662;4026212133592;META COMPACT | Büro-Steckregalwand | Grundregal | 2200 x 750 x 300 mm | Fachlast 80 kg | 6+1 Ebenen | RAL 7035;;;;
42170;20077663;4026212133608;META COMPACT | Büro-Steckregalwand | Anbauregal | 2200 x 750 x 300 mm | Fachlast 80 kg | 6+1 Ebenen | RAL 7035;;;;
42171;20077664;4026212133615;META COMPACT | Büro-Steckregalwand | Grundregal | 2550 x 750 x 300 mm | Fachlast 80 kg | 7+1 Ebenen | RAL 7035;;;;
42172;20077665;4026212133622;META COMPACT | Büro-Steckregalwand | Anbauregal | 2550 x 750 x 300 mm | Fachlast 80 kg | 7+1 Ebenen | RAL 7035;;;;
42173;20077666;4026212133639;META COMPACT | Büro-Steckregalwand | Grundregal | 1850 x 1000 x 300 mm | Fachlast 80 kg | 5+1 Ebenen | RAL 7035;;;;
42174;20077667;4026212133646;META COMPACT | Büro-Steckregalwand | Anbauregal | 1850 x 1000 x 300 mm | Fachlast 80 kg | 5+1 Ebenen | RAL 7035;;;;
42175;20077668;4026212133653;META COMPACT | Büro-Steckregalwand | Grundregal | 2550 x 1000 x 300 mm | Fachlast 80 kg | 7+1 Ebenen | RAL 7035;;;;
42176;20077669;4026212133660;META COMPACT | Büro-Steckregalwand | Anbauregal | 2550 x 1000 x 300 mm | Fachlast 80 kg | 7+1 Ebenen | RAL 7035;;;;
42177;20077670;4026212133677;META COMPACT | Büro-Steckregalwand | Grundregal | 1850 x 1250 x 300 mm | Fachlast 80 kg | 5+1 Ebenen | RAL 7035;;;;
42178;20077671;4026212133684;META COMPACT | Büro-Steckregalwand | Anbauregal | 1850 x 1250 x 300 mm | Fachlast 80 kg | 5+1 Ebenen | RAL 7035;;;;
42179;20077672;4026212133691;META COMPACT | Büro-Steckregalwand | Grundregal | 2200 x 1250 x 300 mm | Fachlast 80 kg | 6+1 Ebenen | RAL 7035;;;;
42180;20077673;4026212133707;META COMPACT | Büro-Steckregalwand | Anbauregal | 2200 x 1250 x 300 mm | Fachlast 80 kg | 6+1 Ebenen | RAL 7035;;;;
42181;20077674;4026212133714;META COMPACT | Büro-Steckregalwand | Grundregal | 2550 x 1250 x 300 mm | Fachlast 80 kg | 7+1 Ebenen | RAL 7035;;;;
42182;20077675;4026212133721;META COMPACT | Büro-Steckregalwand | Anbauregal | 2550 x 1250 x 300 mm | Fachlast 80 kg | 7+1 Ebenen | RAL 7035;;;;
42183;20077685;4026212133776;;;;;
42184;20077686;4026212133783;;;;;
42185;20077687;4026212133790;;;;;
42200;20077799;4026212134575;;;;;
42201;20077801;4026212134582;;;;;
42202;20077810;4026212134667;META COMPACT | Büro-Steckregal | Grundregal | 2200 x 1250 x 600 mm | Fachlast 100 kg | 6+1 Ebenen | RAL 7035;;;;
42203;20077811;4026212134674;META COMPACT | Büro-Steckregal | Anbauregal | 2200 x 1250 x 600 mm | Fachlast 100 kg | 6+1 Ebenen | RAL 7035;;;;
42204;20077819;4026212134711;META COMPACT | Büro-Steckregal | 3 Felder | 1850 x 1250 x 300 mm | Fachlast 80 kg | 5+1 Ebenen | verzinkt;;;;
42205;20077985;4026212135046;;;;;
42206;20077988;4026212135077;;;;;
42207;20077989;4026212135084;;;;;
42208;20077990;4026212135091;;;;;
42209;20078104;4026212135268;;;;;
42214;20078231;4026212135862;;;;;
42215;20078232;4026212135879;;;;;
42216;20078233;4026212135886;;;;;
42217;20078234;4026212135893;;;;;
42218;20078235;4026212135909;;;;;
42219;20078236;4026212135916;;;;;
42220;20078237;4026212135923;META MULTIPAL | Gefahrstoffregal KTC | Grundregal | 3300 x 2700 x 1100 mm;;;;
42221;20078238;4026212135930;META MULTIPAL | Gefahrstoffregal KTC | Anbauregal | 3300 x 2700 x 1100 mm;;;;
42222;20078239;4026212135947;;;;;
42223;20078240;4026212135954;;;;;
42224;20078243;4026212135985;;;;;
42225;20078244;4026212135992;;;;;
42226;20078245;4026212136005;;;;;
42227;20078246;4026212136012;;;;;
42228;20078247;4026212136029;;;;;
42229;20078248;4026212136036;;;;;
42230;20078249;4026212136043;;;;;
42231;20078250;4026212136050;;;;;
42232;20078251;4026212136067;;;;;
42233;20078252;4026212136074;;;;;
42235;20078302;4026212136159;;;;;
42236;2007833;4026212136197;;;;;
42238;2007845;4026212136241;;;;;
42240;20078512;4026212136289;;;;;
42241;20078513;4026212136296;;;;;
42242;20078674;4026212136517;;;;;
42243;20078675;4026212136524;;;;;
42244;20078676;4026212136531;;;;;
42245;20078677;4026212136548;;;;;
42246;20078678;4026212136555;;;;;
42247;20078856;4026212136852;;;;;
42250;2007904;4026212137903;;;;;
42251;2007912;4026212137996;;;;;
42252;2007920;4026212138061;;;;;
42253;2007927;4026212138108;;;;;
42254;20079334;4026212138139;META FIX COMPACT | Büro-Schraubregal | Grundregal | 2200 x 750 x 300 mm | Fachlast 80 kg | 6 Ebenen | verzinkt;;;;
42255;20079336;4026212138153;META FIX COMPACT | Büro-Schraubregal | Anbauregal | 2200 x 750 x 300 mm | Fachlast 80 kg | 6 Ebenen | verzinkt;;;;
42256;20079338;4026212138177;META FIX COMPACT | Büro-Schraubregal | Grundregal | 2200 x 1000 x 300 mm | Fachlast 80 kg | 6 Ebenen | verzinkt;;;;
42257;20079339;4026212138184;META FIX COMPACT | Büro-Schraubregal | Anbauregal | 2200 x 1000 x 300 mm | Fachlast 80 kg | 6 Ebenen | verzinkt;;;;
42258;20079343;4026212138214;META FIX COMPACT | Büro-Schraubregal | Grundregal | 2200 x 1250 x 300 mm | Fachlast 80 kg | 6 Ebenen | verzinkt;;;;
42259;20079346;4026212138238;META FIX COMPACT | Büro-Schraubregal | Anbauregal | 2200 x 1250 x 300 mm | Fachlast 80 kg | 6 Ebenen | verzinkt;;;;
42260;20079348;4026212138252;META FIX COMPACT | Büro-Schraubregal | Grundregal | 2200 x 750 x 600 mm | Fachlast 100 kg | 6 Ebenen | verzinkt;;;;
42261;20079350;4026212138276;META FIX COMPACT | Büro-Schraubregal | Anbauregal | 2200 x 750 x 600 mm | Fachlast 100 kg | 6 Ebenen | verzinkt;;;;
42262;20079353;4026212138306;META FIX COMPACT | Büro-Schraubregal | Grundregal | 2200 x 1000 x 600 mm | Fachlast 100 kg | 6 Ebenen | verzinkt;;;;
42263;20079354;4026212138313;META FIX COMPACT | Büro-Schraubregal | Anbauregal | 2200 x 1000 x 600 mm | Fachlast 100 kg | 6 Ebenen | verzinkt;;;;
42264;20079357;4026212138344;META FIX COMPACT | Büro-Schraubregal | Grundregal | 2200 x 1250 x 600 mm | Fachlast 100 kg | 6 Ebenen | verzinkt;;;;
42265;20079359;4026212138368;META FIX COMPACT | Büro-Schraubregal | Anbauregal | 2200 x 1250 x 600 mm | Fachlast 100 kg | 6 Ebenen | verzinkt;;;;
42266;20079361;4026212138382;META FIX COMPACT | Büro-Schraubregal | Grundregal | 2200 x 750 x 300 mm | Fachlast 80 kg | 6 Ebenen | RAL 7035;;;;
42267;20079367;4026212138405;META FIX COMPACT | Büro-Schraubregal | Anbauregal | 2200 x 750 x 300 mm | Fachlast 80 kg | 6 Ebenen | RAL 7035;;;;
42268;20079369;4026212138429;META FIX COMPACT | Büro-Schraubregal | Grundregal | 2200 x 1000 x 300 mm | Fachlast 80 kg | 6 Ebenen | RAL 7035;;;;
42269;20079370;4026212138436;META FIX COMPACT | Büro-Schraubregal | Anbauregal | 2200 x 1000 x 300 mm | Fachlast 80 kg | 6 Ebenen | RAL 7035;;;;
42270;20079373;4026212138467;META FIX COMPACT | Büro-Schraubregal | Grundregal | 2200 x 1250 x 300 mm | Fachlast 80 kg | 6 Ebenen | RAL 7035;;;;
42271;20079375;4026212138481;META FIX COMPACT | Büro-Schraubregal | Anbauregal | 2200 x 1250 x 300 mm | Fachlast 80 kg | 6 Ebenen | RAL 7035;;;;
42272;20079377;4026212138504;META FIX COMPACT | Büro-Schraubregal | Grundregal | 2200 x 750 x 600 mm | Fachlast 100 kg | 6 Ebenen | RAL 7035;;;;
42273;20079378;4026212138511;META FIX COMPACT | Büro-Schraubregal | Anbauregal | 2200 x 750 x 600 mm | Fachlast 100 kg | 6 Ebenen | RAL 7035;;;;
42274;20079381;4026212138542;META FIX COMPACT | Büro-Schraubregal | Grundregal | 2200 x 1000 x 600 mm | Fachlast 100 kg | 6 Ebenen | RAL 7035;;;;
42275;20079382;4026212138559;META FIX COMPACT | Büro-Schraubregal | Anbauregal | 2200 x 1000 x 600 mm | Fachlast 100 kg | 6 Ebenen | RAL 7035;;;;
42276;20079386;4026212138573;META FIX COMPACT | Büro-Schraubregal | Grundregal | 2200 x 1250 x 600 mm | Fachlast 100 kg | 6 Ebenen | RAL 7035;;;;
42277;20079388;4026212138597;META FIX COMPACT | Büro-Schraubregal | Anbauregal | 2200 x 1250 x 600 mm | Fachlast 100 kg | 6 Ebenen | RAL 7035;;;;
42281;20079434;4026212138696;;;;;
42282;20079460;4026212138702;;;;;
42283;20079463;4026212138719;;;;;
42284;20079465;4026212138733;;;;;
42285;2007947;4026212138788;;;;;
42286;20079511;4026212138948;;;;;
42287;20079512;4026212138955;;;;;
42292;20079657;4026212139464;;;;;
42293;20079742;4026212139594;;;;;
42294;20079743;4026212139600;;;;;
42298;20080051;4026212140392;;;;;
42299;20080237;4026212140705;;;;;
42300;20080238;4026212140712;;;;;
42301;20080240;4026212140736;;;;;
42302;20080241;4026212140743;;;;;
42303;20080244;4026212140767;;;;;
42304;20080247;4026212140798;;;;;
42305;20080339;4026212140828;;;;;
42306;20080340;4026212140835;;;;;
42307;20080345;4026212140880;;;;;
42308;20080351;4026212140897;;;;;
42309;20080352;4026212140903;;;;;
42310;20080354;4026212140910;;;;;
42311;20080361;4026212140965;;;;;
42312;20080362;4026212140972;;;;;
42313;20080363;4026212140989;;;;;
42314;20080364;4026212140996;;;;;
42315;20080371;4026212141054;;;;;
42316;20080372;4026212141061;;;;;
42317;20080373;4026212141078;;;;;
42318;20080374;4026212141085;;;;;
42319;20080381;4026212141139;;;;;
42320;20080382;4026212141146;;;;;
42321;20080383;4026212141153;;;;;
42322;20080384;4026212141160;;;;;
42323;20080389;4026212141214;;;;;
42324;20080390;4026212141221;;;;;
42325;20080391;4026212141238;;;;;
42326;20080392;4026212141245;;;;;
42327;20080409;4026212141368;;;;;
42328;20080412;4026212141399;;;;;
42329;20080468;4026212141719;;;;;
42339;20080710;4026212142495;;;;;
42340;20080711;4026212142501;;;;;
42341;20080712;4026212142518;;;;;
42342;20080713;4026212142525;;;;;
42343;20080714;4026212142532;;;;;
42344;20080716;4026212142549;;;;;
42345;20080724;4026212142556;;;;;
42346;20080725;4026212142563;;;;;
42347;20080726;4026212142570;;;;;
42348;20080727;4026212142587;;;;;
42349;20080728;4026212142594;;;;;
42350;20080729;4026212142600;;;;;
42351;20080740;4026212142716;;;;;
42352;20080741;4026212142723;;;;;
42353;20080742;4026212142730;;;;;
42354;20080743;4026212142747;;;;;
42355;20080744;4026212142754;;;;;
42356;20080745;4026212142761;;;;;
42357;20080746;4026212142778;;;;;
42358;20080748;4026212142785;;;;;
42359;20080749;4026212142792;;;;;
42360;20080750;4026212142808;;;;;
42361;20080751;4026212142815;;;;;
42362;20080752;4026212142822;;;;;
42363;20080765;4026212142945;;;;;
42364;20080766;4026212142952;;;;;
42365;20080777;4026212142976;;;;;
42366;20080780;4026212142983;;;;;
42367;20080783;4026212142990;;;;;
42368;20080785;4026212143003;;;;;
42369;20080786;4026212143010;;;;;
42370;20080788;4026212143027;;;;;
42371;20080790;4026212143034;;;;;
42372;20080793;4026212143041;;;;;
42376;20080904;4026212143256;;;;;
42377;20080905;4026212143263;;;;;
42378;20080906;4026212143270;;;;;
42379;20080907;4026212143287;;;;;
42380;20080908;4026212143294;;;;;
42381;20080909;4026212143300;;;;;
42382;20080910;4026212143317;;;;;
42383;20080911;4026212143324;;;;;
42384;20080912;4026212143331;;;;;
42385;20080913;4026212143348;;;;;
42387;20080981;4026212143423;;;;;
42388;20080982;4026212143430;;;;;
42389;20080983;4026212143447;;;;;
42390;20080984;4026212143454;;;;;
42391;20080985;4026212143461;;;;;
42392;20080986;4026212143478;;;;;
42393;20081026;4026212143508;;;;;
42394;20081032;4026212143539;META MULTIPAL | Kabeltrommelregal | Grundregal | 2200 x 900 x 1100 mm | Feldlast 4000 kg | 2 Ebenen | Typ 1 | RAL 5010;;;;
42395;20081033;4026212143546;META MULTIPAL | Kabeltrommelregal | Anbauregal | 2200 x 900 x 1100 mm | Feldlast 4000 kg | 2 Ebenen | Typ 1 | RAL 5010;;;;
42396;20081034;4026212143553;META MULTIPAL | Kabeltrommelregal | Grundregal | 2200 x 1100 x 1100 mm | Feldlast 4000 kg | 2 Ebenen | Typ 1 | RAL 5010;;;;
42397;20081035;4026212143560;META MULTIPAL | Kabeltrommelregal | Anbauregal | 2200 x 1100 x 1100 mm | Feldlast 4000 kg | 2 Ebenen | Typ 1 | RAL 5010;;;;
42398;20081036;4026212143577;META MULTIPAL | Kabeltrommelregal | Grundregal | 2200 x 1300 x 1100 mm | Feldlast 4000 kg | 2 Ebenen | Typ 1 | RAL 5010;;;;
42399;20081037;4026212143584;META MULTIPAL | Kabeltrommelregal | Anbauregal | 2200 x 1300 x 1100 mm | Feldlast 4000 kg | 2 Ebenen | Typ 1 | RAL 5010;;;;
42400;20081038;4026212143591;META MULTIPAL | Kabeltrommelregal | Grundregal | 2700 x 900 x 1100 mm | Feldlast 4000 kg | 2 Ebenen | Typ 1 | RAL 5010;;;;
42401;20081039;4026212143607;META MULTIPAL | Kabeltrommelregal | Anbauregal | 2700 x 900 x 1100 mm | Feldlast 4000 kg | 2 Ebenen | Typ 1 | RAL 5010;;;;
42402;20081040;4026212143614;META MULTIPAL | Kabeltrommelregal | Grundregal | 2700 x 1100 x 1100 mm | Feldlast 4000 kg | 2 Ebenen | Typ 1 | RAL 5010;;;;
42403;20081041;4026212143621;META MULTIPAL | Kabeltrommelregal | Anbauregal | 2700 x 1100 x 1100 mm | Feldlast 4000 kg | 2 Ebenen | Typ 1 | RAL 5010;;;;
42404;20081042;4026212143638;META MULTIPAL | Kabeltrommelregal | Grundregal | 2700 x 1300 x 1100 mm | Feldlast 4000 kg | 2 Ebenen | Typ 1 | RAL 5010;;;;
42405;20081043;4026212143645;META MULTIPAL | Kabeltrommelregal | Anbauregal | 2700 x 1300 x 1100 mm | Feldlast 4000 kg | 2 Ebenen | Typ 1 | RAL 5010;;;;
42406;20081044;4026212143652;META MULTIPAL | Kabeltrommelregal | Grundregal | 3300 x 900 x 1100 mm | Feldlast 4000 kg | 2 Ebenen | Typ 1 | RAL 5010;;;;
42407;20081045;4026212143669;META MULTIPAL | Kabeltrommelregal | Anbauregal | 3300 x 900 x 1100 mm | Feldlast 4000 kg | 2 Ebenen | Typ 1 | RAL 5010;;;;
42408;20081046;4026212143676;META MULTIPAL | Kabeltrommelregal | Grundregal | 3300 x 1100 x 1100 mm | Feldlast 4000 kg | 2 Ebenen | Typ 1 | RAL 5010;;;;
42409;20081047;4026212143683;META MULTIPAL | Kabeltrommelregal | Anbauregal | 3300 x 1100 x 1100 mm | Feldlast 4000 kg | 2 Ebenen | Typ 1 | RAL 5010;;;;
42410;20081048;4026212143690;META MULTIPAL | Kabeltrommelregal | Grundregal | 3300 x 1300 x 1100 mm | Feldlast 4000 kg | 2 Ebenen | Typ 1 | RAL 5010;;;;
42411;20081049;4026212143706;META MULTIPAL | Kabeltrommelregal | Anbauregal | 3300 x 1300 x 1100 mm | Feldlast 4000 kg | 2 Ebenen | Typ 1 | RAL 5010;;;;
42412;20081050;4026212143713;META MULTIPAL | Kabeltrommelregal | Grundregal | 3800 x 900 x 1100 mm | Feldlast 4000 kg | 2 Ebenen | Typ 1 | RAL 5010;;;;
42413;20081051;4026212143720;META MULTIPAL | Kabeltrommelregal | Anbauregal | 3800 x 900 x 1100 mm | Feldlast 4000 kg | 2 Ebenen | Typ 1 | RAL 5010;;;;
42414;20081052;4026212143737;META MULTIPAL | Kabeltrommelregal | Grundregal | 3800 x 1100 x 1100 mm | Feldlast 4000 kg | 2 Ebenen | Typ 1 | RAL 5010;;;;
42415;20081053;4026212143744;META MULTIPAL | Kabeltrommelregal | Anbauregal | 3800 x 1100 x 1100 mm | Feldlast 4000 kg | 2 Ebenen | Typ 1 | RAL 5010;;;;
42416;20081054;4026212143751;META MULTIPAL | Kabeltrommelregal | Grundregal | 3800 x 1300 x 1100 mm | Feldlast 4000 kg | 2 Ebenen | Typ 1 | RAL 5010;;;;
42417;20081055;4026212143768;META MULTIPAL | Kabeltrommelregal | Anbauregal | 3800 x 1300 x 1100 mm | Feldlast 4000 kg | 2 Ebenen | Typ 1 | RAL 5010;;;;
42418;20081056;4026212143775;META MULTIPAL | Kabeltrommelregal | Grundregal | 4400 x 900 x 1100 mm | Feldlast 5500 kg | 2 Ebenen | Typ 1 | RAL 5010;;;;
42419;20081057;4026212143782;META MULTIPAL | Kabeltrommelregal | Anbauregal | 4400 x 900 x 1100 mm | Feldlast 5500 kg | 2 Ebenen | Typ 1 | RAL 5010;;;;
42420;20081058;4026212143799;META MULTIPAL | Kabeltrommelregal | Grundregal | 4400 x 1100 x 1100 mm | Feldlast 5500 kg | 2 Ebenen | Typ 1 | RAL 5010;;;;
42421;20081059;4026212143805;META MULTIPAL | Kabeltrommelregal | Anbauregal | 4400 x 1100 x 1100 mm | Feldlast 5500 kg | 2 Ebenen | Typ 1 | RAL 5010;;;;
42422;20081060;4026212143812;META MULTIPAL | Kabeltrommelregal | Grundregal | 4400 x 1300 x 1100 mm | Feldlast 5500 kg | 2 Ebenen | Typ 1 | RAL 5010;;;;
42423;20081061;4026212143829;META MULTIPAL | Kabeltrommelregal | Anbauregal | 4400 x 1300 x 1100 mm | Feldlast 5500 kg | 2 Ebenen | Typ 1 | RAL 5010;;;;
42424;20081062;4026212143836;META MULTIPAL | Kabeltrommelregal | Grundregal | 5500 x 900 x 1100 mm | Feldlast 5500 kg | 2 Ebenen | Typ 1 | RAL 5010;;;;
42425;20081063;4026212143843;META MULTIPAL | Kabeltrommelregal | Anbauregal | 5500 x 900 x 1100 mm | Feldlast 5500 kg | 2 Ebenen | Typ 1 | RAL 5010;;;;
42426;20081064;4026212143850;META MULTIPAL | Kabeltrommelregal | Grundregal | 5500 x 1100 x 1100 mm | Feldlast 5500 kg | 2 Ebenen | Typ 1 | RAL 5010;;;;
42427;20081065;4026212143867;META MULTIPAL | Kabeltrommelregal | Anbauregal | 5500 x 1100 x 1100 mm | Feldlast 5500 kg | 2 Ebenen | Typ 1 | RAL 5010;;;;
42428;20081066;4026212143874;META MULTIPAL | Kabeltrommelregal | Grundregal | 5500 x 1300 x 1100 mm | Feldlast 5500 kg | 2 Ebenen | Typ 1 | RAL 5010;;;;
42429;20081067;4026212143881;META MULTIPAL | Kabeltrommelregal | Anbauregal | 5500 x 1300 x 1100 mm | Feldlast 5500 kg | 2 Ebenen | Typ 1 | RAL 5010;;;;
42433;20081105;4026212144031;;;;;
42434;20081108;4026212144062;;;;;
42435;20081116;4026212144079;META SPEED-RACK Weitspannregal | Komplettregal | 1970 x 2000 x 400 mm | Fachlast 500 kg | Spanplattenböden | 4 Ebenen;;;;
42436;20081117;4026212144086;META SPEED-RACK Weitspannregal | Komplettregal | 1970 x 2000 x 600 mm | Fachlast 500 kg | Spanplattenböden | 4 Ebenen;;;;
42437;20081118;4026212144093;META SPEED-RACK Weitspannregal | Komplettregal | 1970 x 2000 x 800 mm | Fachlast 500 kg | Spanplattenböden | 4 Ebenen;;;;
42438;20081119;4026212144109;META SPEED-RACK Weitspannregal | Komplettregal | 2470 x 2000 x 400 mm | Fachlast 500 kg | Spanplattenböden | 4 Ebenen;;;;
42439;20081120;4026212144116;META SPEED-RACK Weitspannregal | Komplettregal | 2470 x 2000 x 600 mm | Fachlast 500 kg | Spanplattenböden | 4 Ebenen;;;;
42440;20081121;4026212144123;META SPEED-RACK Weitspannregal | Komplettregal | 2470 x 2000 x 800 mm | Fachlast 500 kg | Spanplattenböden | 4 Ebenen;;;;
42441;20081122;4026212144130;META SPEED-RACK Weitspannregal | Komplettregal | 2970 x 2000 x 400 mm | Fachlast 500 kg | Spanplattenböden | 4 Ebenen;;;;
42442;20081123;4026212144147;META SPEED-RACK Weitspannregal | Komplettregal | 2970 x 2000 x 600 mm | Fachlast 500 kg | Spanplattenböden | 4 Ebenen;;;;
42443;20081124;4026212144154;META SPEED-RACK Weitspannregal | Komplettregal | 2970 x 2000 x 800 mm | Fachlast 500 kg | Spanplattenböden | 4 Ebenen;;;;
42444;20081125;4026212144161;META SPEED-RACK Weitspannregal | Komplettregal | 1970 x 2500 x 400 mm | Fachlast 400 kg | Spanplattenböden | 4 Ebenen;;;;
42445;20081126;4026212144178;META SPEED-RACK Weitspannregal | Komplettregal | 1970 x 2500 x 600 mm | Fachlast 400 kg | Spanplattenböden | 4 Ebenen;;;;
42446;20081127;4026212144185;META SPEED-RACK Weitspannregal | Komplettregal | 1970 x 2500 x 800 mm | Fachlast 400 kg | Spanplattenböden | 4 Ebenen;;;;
42447;20081128;4026212144192;META SPEED-RACK Weitspannregal | Komplettregal | 2470 x 2500 x 400 mm | Fachlast 400 kg | Spanplattenböden | 4 Ebenen;;;;
42448;20081129;4026212144208;META SPEED-RACK Weitspannregal | Komplettregal | 2470 x 2500 x 600 mm | Fachlast 400 kg | Spanplattenböden | 4 Ebenen;;;;
42449;20081130;4026212144215;META SPEED-RACK Weitspannregal | Komplettregal | 2470 x 2500 x 800 mm | Fachlast 400 kg | Spanplattenböden | 4 Ebenen;;;;
42450;20081131;4026212144222;META SPEED-RACK Weitspannregal | Komplettregal | 2970 x 2500 x 400 mm | Fachlast 400 kg | Spanplattenböden | 4 Ebenen;;;;
42451;20081132;4026212144239;META SPEED-RACK Weitspannregal | Komplettregal | 2970 x 2500 x 600 mm | Fachlast 400 kg | Spanplattenböden | 4 Ebenen;;;;
42452;20081133;4026212144246;META SPEED-RACK Weitspannregal | Komplettregal | 2970 x 2500 x 800 mm | Fachlast 400 kg | Spanplattenböden | 4 Ebenen;;;;
42453;20081162;4026212144352;;;;;
42454;20081163;4026212144369;;;;;
42455;20081164;4026212144376;;;;;
42456;20081165;4026212144383;;;;;
42457;20081167;4026212144390;;;;;
42458;20081168;4026212144406;;;;;
42459;20081169;4026212144413;;;;;
42460;20081170;4026212144420;;;;;
42461;20081171;4026212144437;;;;;
42462;20081172;4026212144444;;;;;
42463;20081173;4026212144451;;;;;
42464;20081174;4026212144468;;;;;
42465;20081175;4026212144475;;;;;
42466;20081176;4026212144482;;;;;
42467;20081177;4026212144499;;;;;
42468;20081184;4026212144529;;;;;
42469;20081185;4026212144536;;;;;
42470;20081186;4026212144543;META MULTIPAL | Kabeltrommelregal | Grundregal | 3300 x 900 x 900 mm | Feldlast 1500 kg | 2 Ebenen | Typ 3/A-Ständer | RAL 5010;;;;
42471;20081187;4026212144550;META MULTIPAL | Kabeltrommelregal | Grundregal | 3300 x 1100 x 900 mm | Feldlast 1500 kg | 2 Ebenen | Typ 3/A-Ständer | RAL 5010;;;;
42472;20081188;4026212144567;META MULTIPAL | Kabeltrommelregal | Grundregal | 3300 x 1300 x 900 mm | Feldlast 1500 kg | 2 Ebenen | Typ 3/A-Ständer | RAL 5010;;;;
42473;20081189;4026212144574;META MULTIPAL | Kabeltrommelregal | Anbauregal | 3300 x 900 x 900 mm | Feldlast 1500 kg | 2 Ebenen | Typ 3/A-Ständer | RAL 5010;;;;
42474;20081190;4026212144581;META MULTIPAL | Kabeltrommelregal | Anbauregal | 3300 x 1100 x 900 mm | Feldlast 1500 kg | 2 Ebenen | Typ 3/A-Ständer | RAL 5010;;;;
42475;20081191;4026212144598;META MULTIPAL | Kabeltrommelregal | Anbauregal | 3300 x 1300 x 900 mm | Feldlast 1500 kg | 2 Ebenen | Typ 3/A-Ständer | RAL 5010;;;;
42476;20081192;4026212144604;META MULTIPAL | Kabeltrommelregal | Grundregal | 4400 x 900 x 1100 mm | Feldlast 2250 kg | 3 Ebenen | Typ 3/A-Ständer | RAL 5010;;;;
42477;20081193;4026212144611;META MULTIPAL | Kabeltrommelregal | Grundregal | 4400 x 1100 x 1100 mm | Feldlast 2250 kg | 3 Ebenen | Typ 3/A-Ständer | RAL 5010;;;;
42478;20081194;4026212144628;META MULTIPAL | Kabeltrommelregal | Grundregal | 4400 x 1300 x 1100 mm | Feldlast 2250 kg | 3 Ebenen | Typ 3/A-Ständer | RAL 5010;;;;
42479;20081195;4026212144635;META MULTIPAL | Kabeltrommelregal | Anbauregal | 4400 x 900 x 1100 mm | Feldlast 2250 kg | 3 Ebenen | Typ 3/A-Ständer | RAL 5010;;;;
42480;20081196;4026212144642;META MULTIPAL | Kabeltrommelregal | Anbauregal | 4400 x 1100 x 1100 mm | Feldlast 2250 kg | 3 Ebenen | Typ 3/A-Ständer | RAL 5010;;;;
42481;20081197;4026212144659;META MULTIPAL | Kabeltrommelregal | Anbauregal | 4400 x 1300 x 1100 mm | Feldlast 2250 kg | 3 Ebenen | Typ 3/A-Ständer | RAL 5010;;;;
42482;20081199;4026212144666;;;;;
42483;20081202;4026212144673;META MULTIPAL | Kabeltrommelregal | Grundregal | 4900 x 900 x 1100 mm | Feldlast 3000 kg | 4 Ebenen | Typ 3/A-Ständer | RAL 5010;;;;
42484;20081203;4026212144680;META MULTIPAL | Kabeltrommelregal | Grundregal | 4900 x 1100 x 1100 mm | Feldlast 3000 kg | 4 Ebenen | Typ 3/A-Ständer | RAL 5010;;;;
42485;20081204;4026212144697;META MULTIPAL | Kabeltrommelregal | Grundregal | 4900 x 1300 x 1100 mm | Feldlast 3000 kg | 4 Ebenen | Typ 3/A-Ständer | RAL 5010;;;;
42486;20081205;4026212144703;META MULTIPAL | Kabeltrommelregal | Anbauregal | 4900 x 900 x 1100 mm | Feldlast 3000 kg | 4 Ebenen | Typ 3/A-Ständer | RAL 5010;;;;
42487;20081206;4026212144710;META MULTIPAL | Kabeltrommelregal | Anbauregal | 4900 x 1100 x 1100 mm | Feldlast 3000 kg | 4 Ebenen | Typ 3/A-Ständer | RAL 5010;;;;
42488;20081207;4026212144727;META MULTIPAL | Kabeltrommelregal | Anbauregal | 4900 x 1300 x 1100 mm | Feldlast 3000 kg | 4 Ebenen | Typ 3/A-Ständer | RAL 5010;;;;
42495;20081922;4026212145717;;;;;
42496;2008796;4026212146431;;;;;
42497;2008798;4026212146448;;;;;
42498;2008800;4026212146455;;;;;
42499;2008806;4026212146462;;;;;
42505;200904;4026212147117;;;;;
42506;200905;4026212147148;;;;;
42507;200906;4026212147193;;;;;
42508;200907;4026212147216;;;;;
42509;200908;4026212147254;;;;;
42510;200909;4026212147278;;;;;
42511;200910;4026212147292;;;;;
42512;200911;4026212147322;;;;;
42513;200912;4026212147346;;;;;
42519;20077614;4026212148930;META COMPACT | Büro-Steckregal | Anbauregal | 1850 x 1250 x 600 mm | Fachlast 100 kg | 5 Ebenen | verzinkt;;;;
42520;20082729;4026212149661;META CLIP S3 | Reifenregal | Grundregal | 2000 x 2000 x 400 mm | Fachlast 150 kg | 3 Ebenen | verzinkt;;;;
42521;20082730;4026212149678;META CLIP S3 | Reifenregal | Anbauregal | 2000 x 2000 x 400 mm | Fachlast 150 kg | 3 Ebenen | verzinkt;;;;
42528;20082670;4026212149791;;;;;
42529;20082671;4026212149807;;;;;
42530;200171692;4026212149937;;;;;
42531;200171693;4026212149944;;;;;
42532;20077561;4026212152807;;;;;
42533;20077562;4026212152814;;;;;
42534;20083145;4026212153507;META COMPACT | Büro-Steckregal | Grundregal | 2200 x 750 x 300 mm | Fachlast 80 kg | 6 Ebenen | verzinkt;;;;
42535;20083152;4026212153514;META COMPACT | Büro-Steckregal | Anbauregal | 2200 x 750 x 300 mm | Fachlast 80 kg | 6 Ebenen | verzinkt;;;;
42536;20083166;4026212153521;META COMPACT | Büro-Steckregal | Grundregal | 2550 x 750 x 300 mm | Fachlast 80 kg | 7 Ebenen | verzinkt;;;;
42537;20083167;4026212153538;META COMPACT | Büro-Steckregal | Anbauregal | 2550 x 750 x 300 mm | Fachlast 80 kg | 7 Ebenen | verzinkt;;;;
42538;20083153;4026212153545;META COMPACT | Büro-Steckregal | Grundregal | 2200 x 1000 x 300 mm | Fachlast 80 kg | 6 Ebenen | verzinkt;;;;
42539;20083154;4026212153552;META COMPACT | Büro-Steckregal | Anbauregal | 2200 x 1000 x 300 mm | Fachlast 80 kg | 6 Ebenen | verzinkt;;;;
42540;20083168;4026212153569;META COMPACT | Büro-Steckregal | Grundregal | 2550 x 1000 x 300 mm | Fachlast 80 kg | 7 Ebenen | verzinkt;;;;
42541;20083169;4026212153576;META COMPACT | Büro-Steckregal | Anbauregal | 2550 x 1000 x 300 mm | Fachlast 80 kg | 7 Ebenen | verzinkt;;;;
42542;20083155;4026212153583;META COMPACT | Büro-Steckregal | Grundregal | 2200 x 1250 x 300 mm | Fachlast 80 kg | 6 Ebenen | verzinkt;;;;
42543;20083156;4026212153590;META COMPACT | Büro-Steckregal | Anbauregal | 2200 x 1250 x 300 mm | Fachlast 80 kg | 6 Ebenen | verzinkt;;;;
42544;20083170;4026212153606;META COMPACT | Büro-Steckregal | Grundregal | 2550 x 1250 x 300 mm | Fachlast 80 kg | 7 Ebenen | verzinkt;;;;
42545;20083171;4026212153613;META COMPACT | Büro-Steckregal | Anbauregal | 2550 x 1250 x 300 mm | Fachlast 80 kg | 7 Ebenen | verzinkt;;;;
42546;20083157;4026212153620;META COMPACT | Büro-Steckregal | Grundregal | 2200 x 750 x 300 mm | Fachlast 80 kg | 6 Ebenen | RAL 7035;;;;
42547;20083160;4026212153637;META COMPACT | Büro-Steckregal | Anbauregal | 2200 x 750 x 300 mm | Fachlast 80 kg | 6 Ebenen | RAL 7035;;;;
42548;20083161;4026212153668;META COMPACT | Büro-Steckregal | Grundregal | 2200 x 1000 x 300 mm | Fachlast 80 kg | 6 Ebenen | RAL 7035;;;;
42549;20083162;4026212153675;META COMPACT | Büro-Steckregal | Anbauregal | 2200 x 1000 x 300 mm | Fachlast 80 kg | 6 Ebenen | RAL 7035;;;;
42550;20083163;4026212153705;META COMPACT | Büro-Steckregal | Grundregal | 2200 x 1250 x 300 mm | Fachlast 80 kg | 6 Ebenen | RAL 7035;;;;
42551;20083164;4026212153712;META COMPACT | Büro-Steckregal | Anbauregal | 2200 x 1250 x 300 mm | Fachlast 80 kg | 6 Ebenen | RAL 7035;;;;
42552;20083178;4026212153743;META COMPACT | Büro-Steckregal | Grundregal | 2200 x 750 x 600 mm | Fachlast 100 kg | 6 Ebenen | verzinkt;;;;
42553;20083179;4026212153750;META COMPACT | Büro-Steckregal | Anbauregal | 2200 x 750 x 600 mm | Fachlast 100 kg | 6 Ebenen | verzinkt;;;;
42554;20083190;4026212153767;META COMPACT | Büro-Steckregal | Grundregal | 2550 x 750 x 600 mm | Fachlast 100 kg | 7 Ebenen | verzinkt;;;;
42555;20083191;4026212153774;META COMPACT | Büro-Steckregal | Anbauregal | 2550 x 750 x 600 mm | Fachlast 100 kg | 7 Ebenen | verzinkt;;;;
42556;20083180;4026212153781;META COMPACT | Büro-Steckregal | Grundregal | 2200 x 1000 x 600 mm | Fachlast 100 kg | 6 Ebenen | verzinkt;;;;
42557;20083181;4026212153798;META COMPACT | Büro-Steckregal | Anbauregal | 2200 x 1000 x 600 mm | Fachlast 100 kg | 6 Ebenen | verzinkt;;;;
42558;20083192;4026212153804;META COMPACT | Büro-Steckregal | Grundregal | 2550 x 1000 x 600 mm | Fachlast 100 kg | 7 Ebenen | verzinkt;;;;
42559;20083193;4026212153811;META COMPACT | Büro-Steckregal | Anbauregal | 2550 x 1000 x 600 mm | Fachlast 100 kg | 7 Ebenen | verzinkt;;;;
42560;20083182;4026212153828;META COMPACT | Büro-Steckregal | Grundregal | 2200 x 1250 x 600 mm | Fachlast 100 kg | 6 Ebenen | verzinkt;;;;
42561;20083183;4026212153835;META COMPACT | Büro-Steckregal | Anbauregal | 2200 x 1250 x 600 mm | Fachlast 100 kg | 6 Ebenen | verzinkt;;;;
42562;20083194;4026212153842;META COMPACT | Büro-Steckregal | Grundregal | 2550 x 1250 x 600 mm | Fachlast 100 kg | 7 Ebenen | verzinkt;;;;
42563;20083195;4026212153859;META COMPACT | Büro-Steckregal | Anbauregal | 2550 x 1250 x 600 mm | Fachlast 100 kg | 7 Ebenen | verzinkt;;;;
42564;20083184;4026212153866;META COMPACT | Büro-Steckregal | Grundregal | 2200 x 750 x 600 mm | Fachlast 100 kg | 6 Ebenen | RAL 7035;;;;
42565;20083185;4026212153873;META COMPACT | Büro-Steckregal | Anbauregal | 2200 x 750 x 600 mm | Fachlast 100 kg | 6 Ebenen | RAL 7035;;;;
42566;20083186;4026212153903;META COMPACT | Büro-Steckregal | Grundregal | 2200 x 1000 x 600 mm | Fachlast 100 kg | 6 Ebenen | RAL 7035;;;;
42567;20083187;4026212153910;META COMPACT | Büro-Steckregal | Anbauregal | 2200 x 1000 x 600 mm | Fachlast 100 kg | 6 Ebenen | RAL 7035;;;;
42568;20083188;4026212153941;META COMPACT | Büro-Steckregal | Grundregal | 2200 x 1250 x 600 mm | Fachlast 100 kg | 6 Ebenen | RAL 7035;;;;
42569;20083189;4026212153958;META COMPACT | Büro-Steckregal | Anbauregal | 2200 x 1250 x 600 mm | Fachlast 100 kg | 6 Ebenen | RAL 7035;;;;
42570;20077615;4026212153989;META COMPACT | Büro-Steckregal | Grundregal | 1850 x 1250 x 600 mm | Fachlast 100 kg | 6 Ebenen | verzinkt;;;;
42571;20077616;4026212153996;META COMPACT | Büro-Steckregal | Anbauregal | 1850 x 1250 x 600 mm | Fachlast 100 kg | 6 Ebenen | verzinkt;;;;
42572;20077617;4026212154009;META COMPACT | Büro-Steckregal | Grundregal | 2200 x 1250 x 600 mm | Fachlast 100 kg | 7 Ebenen | verzinkt;;;;
42573;20083569;4026212155631;;;;;
42574;20083570;4026212155648;;;;;
42575;20083571;4026212155655;;;;;
42576;20083572;4026212155662;;;;;
42577;20083573;4026212155679;;;;;
42578;20083575;4026212155693;;;;;
42579;20083678;4026212156805;;;;;
42580;20083686;4026212156881;;;;;
42581;20084090;4026212162271;;;;;
42582;20084114;4026212162615;;;;;
42583;20084115;4026212162622;;;;;
42584;20084116;4026212162639;;;;;
42585;20084117;4026212162646;;;;;
42586;20084118;4026212162653;;;;;
42587;20084119;4026212162660;;;;;
42588;20084120;4026212162677;;;;;
42589;20084121;4026212162684;;;;;
42590;20084122;4026212162691;;;;;
42591;20084123;4026212162707;;;;;
42592;20080025;4026212163391;;;;;
42593;20056015;4026212163506;;;;;
42594;20052552;4026212163919;;;;;
42595;20084545;4026212166415;;;;;
42596;20084543;4026212166422;;;;;
42597;20084519;4026212167511;META CLIP | Fachbodenregal | Grundregal | 2000 x 1000 x 600 mm | Fachlast 100 kg | 4+1 Ebenen | Längsriegel | verzinkt;;;;
42598;20084531;4026212167559;META CLIP | Fachbodenregal | Anbauregal | 2000 x 1000 x 600 mm | Fachlast 100 kg | 4+1 Ebenen | Längsriegel | verzinkt;;;;
42599;20084614;4026212167979;META CLIP | Fachbodenregal | Grundregal | 2000 x 1000 x 400 mm | Fachlast 230 kg | 4+1 Ebenen | Längsriegel | RAL 7035;;;;
42600;20084626;4026212167986;META CLIP | Fachbodenregal | Anbauregal | 2000 x 1000 x 400 mm | Fachlast 230 kg | 4+1 Ebenen | Längsriegel | RAL 7035;;;;
42601;20084589;4026212167993;META CLIP | Fachbodenregal | Grundregal | 2000 x 1000 x 500 mm | Fachlast 230 kg | 4+1 Ebenen | Längsriegel | verzinkt;;;;
42602;20084601;4026212168006;META CLIP | Fachbodenregal | Anbauregal | 2000 x 1000 x 500 mm | Fachlast 230 kg | 4+1 Ebenen | Längsriegel | verzinkt;;;;
42603;20084615;4026212168013;META CLIP | Fachbodenregal | Grundregal | 2000 x 1000 x 500 mm | Fachlast 230 kg | 4+1 Ebenen | Längsriegel | RAL 7035;;;;
42604;20084627;4026212168020;META CLIP | Fachbodenregal | Anbauregal | 2000 x 1000 x 500 mm | Fachlast 230 kg | 4+1 Ebenen | Längsriegel | RAL 7035;;;;
42605;20084590;4026212168037;META CLIP | Fachbodenregal | Grundregal | 2000 x 1000 x 600 mm | Fachlast 230 kg | 4+1 Ebenen | Längsriegel | verzinkt;;;;
42606;20084602;4026212168044;META CLIP | Fachbodenregal | Anbauregal | 2000 x 1000 x 600 mm | Fachlast 230 kg | 4+1 Ebenen | Längsriegel | verzinkt;;;;
42607;20084616;4026212168051;META CLIP | Fachbodenregal | Grundregal | 2000 x 1000 x 600 mm | Fachlast 230 kg | 4+1 Ebenen | Längsriegel | RAL 7035;;;;
42608;20084628;4026212168068;META CLIP | Fachbodenregal | Anbauregal | 2000 x 1000 x 600 mm | Fachlast 230 kg | 4+1 Ebenen | Längsriegel | RAL 7035;;;;
42609;20084591;4026212168075;META CLIP | Fachbodenregal | Grundregal | 2000 x 1000 x 800 mm | Fachlast 230 kg | 4+1 Ebenen | Längsriegel | verzinkt;;;;
42610;20084603;4026212168082;META CLIP | Fachbodenregal | Anbauregal | 2000 x 1000 x 800 mm | Fachlast 230 kg | 4+1 Ebenen | Längsriegel | verzinkt;;;;
42611;20084617;4026212168099;META CLIP | Fachbodenregal | Grundregal | 2000 x 1000 x 800 mm | Fachlast 230 kg | 4+1 Ebenen | Längsriegel | RAL 7035;;;;
42612;20084629;4026212168105;META CLIP | Fachbodenregal | Anbauregal | 2000 x 1000 x 800 mm | Fachlast 230 kg | 4+1 Ebenen | Längsriegel | RAL 7035;;;;
42613;20084593;4026212168136;META CLIP | Fachbodenregal | Grundregal | 2500 x 1000 x 500 mm | Fachlast 230 kg | 5+1 Ebenen | Längsriegel | verzinkt;;;;
42614;20084594;4026212168143;META CLIP | Fachbodenregal | Grundregal | 2500 x 1000 x 600 mm | Fachlast 230 kg | 5+1 Ebenen | Längsriegel | verzinkt;;;;
42615;20084595;4026212168150;META CLIP | Fachbodenregal | Grundregal | 2500 x 1000 x 800 mm | Fachlast 230 kg | 5+1 Ebenen | Längsriegel | verzinkt;;;;
42616;20084605;4026212168167;META CLIP | Fachbodenregal | Anbauregal | 2500 x 1000 x 500 mm | Fachlast 230 kg | 5+1 Ebenen | Längsriegel | verzinkt;;;;
42617;20084606;4026212168174;META CLIP | Fachbodenregal | Anbauregal | 2500 x 1000 x 600 mm | Fachlast 230 kg | 5+1 Ebenen | Längsriegel | verzinkt;;;;
42618;20084607;4026212168181;META CLIP | Fachbodenregal | Anbauregal | 2500 x 1000 x 800 mm | Fachlast 230 kg | 5+1 Ebenen | Längsriegel | verzinkt;;;;
42619;20084618;4026212168198;META CLIP | Fachbodenregal | Grundregal | 2500 x 1000 x 400 mm | Fachlast 230 kg | 5+1 Ebenen | Längsriegel | RAL 7035;;;;
42620;20084619;4026212168204;META CLIP | Fachbodenregal | Grundregal | 2500 x 1000 x 500 mm | Fachlast 230 kg | 5+1 Ebenen | Längsriegel | RAL 7035;;;;
42621;20084620;4026212168211;META CLIP | Fachbodenregal | Grundregal | 2500 x 1000 x 600 mm | Fachlast 230 kg | 5+1 Ebenen | Längsriegel | RAL 7035;;;;
42622;20084621;4026212168228;META CLIP | Fachbodenregal | Grundregal | 2500 x 1000 x 800 mm | Fachlast 230 kg | 5+1 Ebenen | Längsriegel | RAL 7035;;;;
42623;20084630;4026212168235;META CLIP | Fachbodenregal | Anbauregal | 2500 x 1000 x 400 mm | Fachlast 230 kg | 5+1 Ebenen | Längsriegel | RAL 7035;;;;
42624;20084631;4026212168242;META CLIP | Fachbodenregal | Anbauregal | 2500 x 1000 x 500 mm | Fachlast 230 kg | 5+1 Ebenen | Längsriegel | RAL 7035;;;;
42625;20084632;4026212168259;META CLIP | Fachbodenregal | Anbauregal | 2500 x 1000 x 600 mm | Fachlast 230 kg | 5+1 Ebenen | Längsriegel | RAL 7035;;;;
42626;20084633;4026212168266;META CLIP | Fachbodenregal | Anbauregal | 2500 x 1000 x 800 mm | Fachlast 230 kg | 5+1 Ebenen | Längsriegel | RAL 7035;;;;
42627;20084890;4026212169034;;;;;
42628;20084891;4026212169041;;;;;
42634;20084813;4026212169799;;;;;
42635;20019703;4026212169805;;;;;
42636;20085018;4026212169966;;;;;
42637;20085201;4026212171419;;;;;
42638;20085202;4026212171426;;;;;
42639;20085203;4026212171433;;;;;
42640;20084666;4026212172751;;;;;
42641;20084668;4026212172768;;;;;
42709;20075910;4026212198522;;;;;
42710;20075992;4026212198539;;;;;
42711;20081178;4026212198829;;;;;
42712;20075988;4026212198843;;;;;
42713;20080845;4026212198850;;;;;
42714;20075990;4026212198898;;;;;
42715;20075994;4026212198904;;;;;
42716;20075909;4026212198928;;;;;
42729;20086500;4026212199550;;;;;
42730;20086501;4026212199567;;;;;
42731;20086502;4026212199574;;;;;
42732;20086504;4026212199604;;;;;
42733;20086506;4026212199628;;;;;
42734;20086507;4026212199635;;;;;
42735;20086508;4026212199659;;;;;
42736;20086509;4026212199666;;;;;
42737;20086510;4026212199673;;;;;
42738;20086511;4026212199680;;;;;
42741;20086713;4026212202243;;;;;
42742;20086812;4026212202250;;;;;
42743;20086312;4026212202731;;;;;
42744;20086313;4026212202748;;;;;
42745;20086314;4026212202755;;;;;
42746;20086315;4026212202762;;;;;
42747;20086316;4026212202779;;;;;
42748;20086317;4026212202786;;;;;
42749;20086318;4026212202793;;;;;
42750;20086429;4026212202946;;;;;
42751;20086431;4026212202960;;;;;
42752;20087012;4026212204919;META SPEED-RACK Weitspannregal | Komplettregal | 1970 x 1700 x 400 mm | Fachlast 500 kg | Stahlpaneelböden | 4 Ebenen;;;;
42753;20087013;4026212204926;META SPEED-RACK Weitspannregal | Komplettregal | 1970 x 1700 x 600 mm | Fachlast 500 kg | Stahlpaneelböden | 4 Ebenen;;;;
42754;20087014;4026212204933;META SPEED-RACK Weitspannregal | Komplettregal | 1970 x 1700 x 800 mm | Fachlast 500 kg | Stahlpaneelböden | 4 Ebenen;;;;
42755;20087015;4026212204940;META SPEED-RACK Weitspannregal | Komplettregal | 2470 x 1700 x 400 mm | Fachlast 500 kg | Stahlpaneelböden | 4 Ebenen;;;;
42756;20087016;4026212204957;META SPEED-RACK Weitspannregal | Komplettregal | 2470 x 1700 x 600 mm | Fachlast 500 kg | Stahlpaneelböden | 4 Ebenen;;;;
42757;20087017;4026212204964;META SPEED-RACK Weitspannregal | Komplettregal | 2470 x 1700 x 800 mm | Fachlast 500 kg | Stahlpaneelböden | 4 Ebenen;;;;
42758;20087018;4026212204971;META SPEED-RACK Weitspannregal | Komplettregal | 2970 x 1700 x 400 mm | Fachlast 500 kg | Stahlpaneelböden | 4 Ebenen;;;;
42759;20087019;4026212204988;META SPEED-RACK Weitspannregal | Komplettregal | 2970 x 1700 x 600 mm | Fachlast 500 kg | Stahlpaneelböden | 4 Ebenen;;;;
42760;20087020;4026212204995;META SPEED-RACK Weitspannregal | Komplettregal | 2970 x 1700 x 800 mm | Fachlast 500 kg | Stahlpaneelböden | 4 Ebenen;;;;
42761;20087021;4026212205008;META SPEED-RACK Weitspannregal | Komplettregal | 1970 x 2000 x 400 mm | Fachlast 500 kg | Stahlpaneelböden | 4 Ebenen;;;;
42762;20087022;4026212205015;META SPEED-RACK Weitspannregal | Komplettregal | 1970 x 2000 x 600 mm | Fachlast 500 kg | Stahlpaneelböden | 4 Ebenen;;;;
42763;20087023;4026212205022;META SPEED-RACK Weitspannregal | Komplettregal | 1970 x 2000 x 800 mm | Fachlast 500 kg | Stahlpaneelböden | 4 Ebenen;;;;
42764;20087024;4026212205039;META SPEED-RACK Weitspannregal | Komplettregal | 2470 x 2000 x 400 mm | Fachlast 500 kg | Stahlpaneelböden | 4 Ebenen;;;;
42765;20087025;4026212205046;META SPEED-RACK Weitspannregal | Komplettregal | 2470 x 2000 x 600 mm | Fachlast 500 kg | Stahlpaneelböden | 4 Ebenen;;;;
42766;20087026;4026212205053;META SPEED-RACK Weitspannregal | Komplettregal | 2470 x 2000 x 800 mm | Fachlast 500 kg | Stahlpaneelböden | 4 Ebenen;;;;
42767;20087028;4026212205060;META SPEED-RACK Weitspannregal | Komplettregal | 2970 x 2000 x 400 mm | Fachlast 500 kg | Stahlpaneelböden | 4 Ebenen;;;;
42768;20087029;4026212205077;META SPEED-RACK Weitspannregal | Komplettregal | 2970 x 2000 x 600 mm | Fachlast 500 kg | Stahlpaneelböden | 4 Ebenen;;;;
42769;20087030;4026212205084;META SPEED-RACK Weitspannregal | Komplettregal | 2970 x 2000 x 800 mm | Fachlast 500 kg | Stahlpaneelböden | 4 Ebenen;;;;
42770;20087031;4026212205091;META SPEED-RACK Weitspannregal | Komplettregal | 1970 x 2500 x 400 mm | Fachlast 400 kg | Stahlpaneelböden | 4 Ebenen;;;;
42771;20087032;4026212205107;META SPEED-RACK Weitspannregal | Komplettregal | 1970 x 2500 x 600 mm | Fachlast 400 kg | Stahlpaneelböden | 4 Ebenen;;;;
42772;20087033;4026212205114;META SPEED-RACK Weitspannregal | Komplettregal | 1970 x 2500 x 800 mm | Fachlast 400 kg | Stahlpaneelböden | 4 Ebenen;;;;
42773;20087034;4026212205121;META SPEED-RACK Weitspannregal | Komplettregal | 2470 x 2500 x 400 mm | Fachlast 400 kg | Stahlpaneelböden | 4 Ebenen;;;;
42774;20087035;4026212205138;META SPEED-RACK Weitspannregal | Komplettregal | 2470 x 2500 x 600 mm | Fachlast 400 kg | Stahlpaneelböden | 4 Ebenen;;;;
42775;20087036;4026212205145;META SPEED-RACK Weitspannregal | Komplettregal | 2470 x 2500 x 800 mm | Fachlast 400 kg | Stahlpaneelböden | 4 Ebenen;;;;
42776;20087037;4026212205152;META SPEED-RACK Weitspannregal | Komplettregal | 2970 x 2500 x 400 mm | Fachlast 400 kg | Stahlpaneelböden | 4 Ebenen;;;;
42777;20087038;4026212205169;META SPEED-RACK Weitspannregal | Komplettregal | 2970 x 2500 x 600 mm | Fachlast 400 kg | Stahlpaneelböden | 4 Ebenen;;;;
42778;20087039;4026212205176;META SPEED-RACK Weitspannregal | Komplettregal | 2970 x 2500 x 800 mm | Fachlast 400 kg | Stahlpaneelböden | 4 Ebenen;;;;
42788;20087052;4026212205275;META SPEED-RACK Weitspannregal | Komplettregal | 1970 x 1700 x 400 mm | Fachlast 500 kg | Spanplattenböden | 4 Ebenen;;;;
42789;20087053;4026212205282;META SPEED-RACK Weitspannregal | Komplettregal | 1970 x 1700 x 600 mm | Fachlast 500 kg | Spanplattenböden | 4 Ebenen;;;;
42790;20087054;4026212205299;META SPEED-RACK Weitspannregal | Komplettregal | 2470 x 1700 x 400 mm | Fachlast 500 kg | Spanplattenböden | 4 Ebenen;;;;
42791;20087055;4026212205305;META SPEED-RACK Weitspannregal | Komplettregal | 2470 x 1700 x 600 mm | Fachlast 500 kg | Spanplattenböden | 4 Ebenen;;;;
42792;20087056;4026212205312;META SPEED-RACK Weitspannregal | Komplettregal | 2970 x 1700 x 400 mm | Fachlast 500 kg | Spanplattenböden | 4 Ebenen;;;;
42793;20087057;4026212205329;META SPEED-RACK Weitspannregal | Komplettregal | 2970 x 1700 x 600 mm | Fachlast 500 kg | Spanplattenböden | 4 Ebenen;;;;
42796;20087062;4026212205428;META CLIP | Fachbodenregal | Grundregal | 2000 x 1000 x 300 mm | Fachlast 230 kg | 4+1 Ebenen | verzinkt;;;;
42797;20087063;4026212205435;META CLIP | Fachbodenregal | Anbauregal | 2000 x 1000 x 300 mm | Fachlast 230 kg | 4+1 Ebenen | verzinkt;;;;
42798;20087064;4026212205442;META CLIP | Fachbodenregal | Grundregal | 2500 x 1000 x 300 mm | Fachlast 230 kg | 5+1 Ebenen | verzinkt;;;;
42799;20087066;4026212205459;META CLIP | Fachbodenregal | Grundregal | 3000 x 1000 x 300 mm | Fachlast 230 kg | 6+1 Ebenen | verzinkt;;;;
42800;20087087;4026212205664;META CLIP | Fachbodenregal | Anbauregal | 3000 x 1000 x 300 mm | Fachlast 230 kg | 6+1 Ebenen | verzinkt;;;;
42801;20087089;4026212205671;META CLIP | Fachbodenregal | Grundregal | 2000 x 1000 x 300 mm | Fachlast 230 kg | 4+1 Ebenen | RAL 7035;;;;
42802;20087090;4026212205688;META CLIP | Fachbodenregal | Anbauregal | 2000 x 1000 x 300 mm | Fachlast 230 kg | 4+1 Ebenen | RAL 7035;;;;
42803;20087091;4026212205695;META CLIP | Fachbodenregal | Grundregal | 2500 x 1000 x 300 mm | Fachlast 230 kg | 5+1 Ebenen | RAL 7035;;;;
42804;20087092;4026212205701;META CLIP | Fachbodenregal | Anbauregal | 2500 x 1000 x 300 mm | Fachlast 230 kg | 5+1 Ebenen | RAL 7035;;;;
42805;20087104;4026212205718;META CLIP | Fachbodenregal | Grundregal | 3000 x 1000 x 300 mm | Fachlast 230 kg | 6+1 Ebenen | RAL 7035;;;;
42806;20087105;4026212205725;META CLIP | Fachbodenregal | Anbauregal | 3000 x 1000 x 300 mm | Fachlast 230 kg | 6+1 Ebenen | RAL 7035;;;;
42808;20087111;4026212205879;META CLIP | Fachbodenregal | Doppel-Grundregal | 2000 x 1000 x 300 mm | Fachlast 230 kg | 4+1 Ebenen | verzinkt;;;;
42809;20087112;4026212205886;META CLIP | Fachbodenregal | Doppel-Anbauregal | 2000 x 1000 x 300 mm | Fachlast 230 kg | 4+1 Ebenen | verzinkt;;;;
42810;20087113;4026212205893;META CLIP | Fachbodenregal | Doppel-Grundregal | 2500 x 1000 x 300 mm | Fachlast 230 kg | 5+1 Ebenen | verzinkt;;;;
42811;20087115;4026212205909;META CLIP | Fachbodenregal | Doppel-Anbauregal | 2500 x 1000 x 300 mm | Fachlast 230 kg | 5+1 Ebenen | verzinkt;;;;
42812;20087116;4026212205916;META CLIP | Fachbodenregal | Doppel-Grundregal | 3000 x 1000 x 300 mm | Fachlast 230 kg | 6+1 Ebenen | verzinkt;;;;
42813;20087117;4026212205923;META CLIP | Fachbodenregal | Doppel-Anbauregal | 3000 x 1000 x 300 mm | Fachlast 230 kg | 6+1 Ebenen | verzinkt;;;;
42814;20087118;4026212205930;META CLIP | Fachbodenregal | Doppel-Grundregal | 2000 x 1000 x 300 mm | Fachlast 230 kg | 4+1 Ebenen | RAL 7035;;;;
42815;20087119;4026212205947;META CLIP | Fachbodenregal | Doppel-Anbauregal | 2000 x 1000 x 300 mm | Fachlast 230 kg | 4+1 Ebenen | RAL 7035;;;;
42816;20087120;4026212205954;META CLIP | Fachbodenregal | Doppel-Grundregal | 2500 x 1000 x 300 mm | Fachlast 230 kg | 5+1 Ebenen | RAL 7035;;;;
42817;20087121;4026212205961;META CLIP | Fachbodenregal | Doppel-Anbauregal | 2500 x 1000 x 300 mm | Fachlast 230 kg | 5+1 Ebenen | RAL 7035;;;;
42818;20087122;4026212205978;META CLIP | Fachbodenregal | Doppel-Grundregal | 3000 x 1000 x 300 mm | Fachlast 230 kg | 6+1 Ebenen | RAL 7035;;;;
42819;20087123;4026212205985;META CLIP | Fachbodenregal | Doppel-Anbauregal | 3000 x 1000 x 300 mm | Fachlast 230 kg | 6+1 Ebenen | RAL 7035;;;;
42820;20087125;4026212205992;META CLIP | Fachbodenregal | Grundregal | 2000 x 1300 x 300 mm | Fachlast 230 kg | 3+1 Ebenen | verzinkt;;;;
42821;20087126;4026212206005;META CLIP | Fachbodenregal | Anbauregal | 2000 x 1300 x 300 mm | Fachlast 230 kg | 3+1 Ebenen | verzinkt;;;;
42822;20087127;4026212206012;META CLIP | Fachbodenregal | Grundregal | 2500 x 1300 x 300 mm | Fachlast 230 kg | 4+1 Ebenen | verzinkt;;;;
42823;20087129;4026212206043;META CLIP | Fachbodenregal | Anbauregal | 2500 x 1300 x 300 mm | Fachlast 230 kg | 4+1 Ebenen | verzinkt;;;;
42824;20087130;4026212206050;META CLIP | Fachbodenregal | Grundregal | 3000 x 1300 x 300 mm | Fachlast 230 kg | 5+1 Ebenen | verzinkt;;;;
42825;20087132;4026212206067;META CLIP | Fachbodenregal | Anbauregal | 3000 x 1300 x 300 mm | Fachlast 230 kg | 5+1 Ebenen | verzinkt;;;;
42826;20087133;4026212206074;META CLIP | Fachbodenregal | Doppel-Grundregal | 2000 x 1300 x 300 mm | Fachlast 230 kg | 3+1 Ebenen | verzinkt;;;;
42827;20087134;4026212206081;META CLIP | Fachbodenregal | Doppel-Anbauregal | 2000 x 1300 x 300 mm | Fachlast 230 kg | 3+1 Ebenen | verzinkt;;;;
42828;20087135;4026212206098;META CLIP | Fachbodenregal | Doppel-Grundregal | 2500 x 1300 x 300 mm | Fachlast 230 kg | 4+1 Ebenen | verzinkt;;;;
42829;20087136;4026212206104;META CLIP | Fachbodenregal | Doppel-Anbauregal | 2500 x 1300 x 300 mm | Fachlast 230 kg | 4+1 Ebenen | verzinkt;;;;
42830;20087137;4026212206111;META CLIP | Fachbodenregal | Doppel-Grundregal | 3000 x 1300 x 300 mm | Fachlast 230 kg | 5+1 Ebenen | verzinkt;;;;
42831;20087138;4026212206128;META CLIP | Fachbodenregal | Doppel-Anbauregal | 3000 x 1300 x 300 mm | Fachlast 230 kg | 5+1 Ebenen | verzinkt;;;;
42832;20087139;4026212206135;META CLIP | Fachbodenregal | Grundregal | 2000 x 1300 x 300 mm | Fachlast 230 kg | 3+1 Ebenen | RAL 7035;;;;
42833;20087140;4026212206142;META CLIP | Fachbodenregal | Anbauregal | 2000 x 1300 x 300 mm | Fachlast 230 kg | 3+1 Ebenen | RAL 7035;;;;
42834;20087141;4026212206159;META CLIP | Fachbodenregal | Grundregal | 2500 x 1300 x 300 mm | Fachlast 230 kg | 4+1 Ebenen | RAL 7035;;;;
42835;20087142;4026212206166;META CLIP | Fachbodenregal | Anbauregal | 2500 x 1300 x 300 mm | Fachlast 230 kg | 4+1 Ebenen | RAL 7035;;;;
42836;20087143;4026212206173;META CLIP | Fachbodenregal | Grundregal | 3000 x 1300 x 300 mm | Fachlast 230 kg | 5+1 Ebenen | RAL 7035;;;;
42837;20087144;4026212206180;META CLIP | Fachbodenregal | Anbauregal | 3000 x 1300 x 300 mm | Fachlast 230 kg | 5+1 Ebenen | RAL 7035;;;;
42838;20087145;4026212206197;META CLIP | Fachbodenregal | Doppel-Grundregal | 2000 x 1300 x 300 mm | Fachlast 230 kg | 3+1 Ebenen | RAL 7035;;;;
42839;20087146;4026212206203;META CLIP | Fachbodenregal | Doppel-Anbauregal | 2000 x 1300 x 300 mm | Fachlast 230 kg | 3+1 Ebenen | RAL 7035;;;;
42840;20087147;4026212206210;META CLIP | Fachbodenregal | Doppel-Grundregal | 2500 x 1300 x 300 mm | Fachlast 230 kg | 4+1 Ebenen | RAL 7035;;;;
42841;20087148;4026212206227;META CLIP | Fachbodenregal | Doppel-Anbauregal | 2500 x 1300 x 300 mm | Fachlast 230 kg | 4+1 Ebenen | RAL 7035;;;;
42842;20087150;4026212206234;META CLIP | Fachbodenregal | Doppel-Grundregal | 3000 x 1300 x 300 mm | Fachlast 230 kg | 5+1 Ebenen | RAL 7035;;;;
42843;20087152;4026212206241;META CLIP | Fachbodenregal | Doppel-Anbauregal | 3000 x 1300 x 300 mm | Fachlast 230 kg | 5+1 Ebenen | RAL 7035;;;;
42846;20087197;4026212206296;;;;;
42847;20087198;4026212206302;;;;;
42848;20087481;4026212206357;META CLIP / META COMPACT | Steck-Tiefensteife für S3-Rahmen| 800 mm | verzinkt;;;;
42849;200175706;4026212210279;;;;;
42850;200175707;4026212210286;;;;;
42851;200175708;4026212210293;;;;;
42852;200175709;4026212210309;;;;;
42853;200175710;4026212210316;;;;;
42854;200175711;4026212210323;;;;;
42855;200175712;4026212210330;;;;;
42856;200175713;4026212210347;;;;;
42857;200175714;4026212210354;;;;;
42858;200175715;4026212210361;;;;;
42859;200175716;4026212210378;;;;;
42860;200175717;4026212210385;;;;;
42861;200175718;4026212210392;;;;;
42862;200175719;4026212210408;;;;;
42863;200175720;4026212210415;;;;;
42864;200175721;4026212210422;;;;;
42865;200175722;4026212210439;;;;;
42866;200175723;4026212210446;;;;;
42867;200175724;4026212210453;;;;;
42868;20079492;4026212210859;;;;;
42869;20079493;4026212210866;;;;;
42870;20079494;4026212210873;;;;;
42871;20079495;4026212210880;;;;;
42872;20079496;4026212210897;;;;;
42873;20079497;4026212210903;;;;;
42874;20079498;4026212210910;;;;;
42875;20079499;4026212210927;;;;;
42876;20079500;4026212210934;;;;;
42877;20079501;4026212210941;;;;;
42878;20087585;4026212211047;;;;;
42879;20085905;4026212211054;;;;;
42880;20085906;4026212211061;;;;;
42881;20087589;4026212211085;META SPEED-RACK Weitspannregal | Komplettregal | 1970 x 1700 x 800 mm | Fachlast 500 kg | Spanplattenböden | 4 Ebenen;;;;
42882;20087590;4026212211092;META SPEED-RACK Weitspannregal | Komplettregal | 2470 x 1700 x 800 mm | Fachlast 500 kg | Spanplattenböden | 4 Ebenen;;;;
42883;20087591;4026212211108;META SPEED-RACK Weitspannregal | Komplettregal | 2970 x 1700 x 800 mm | Fachlast 500 kg | Spanplattenböden | 4 Ebenen;;;;
42885;20077226;4026212211986;;;;;
42888;20087743;4026212212525;META COMPACT | Pendelhefterregal | Grundregal | 1850 x 1000 x 400 | 5 Ebenen | RAL 7035;;;;
42889;20087744;4026212212532;META COMPACT | Pendelhefterregal | Anbauregal | 1850 x 1000 x 400 | 5 Ebenen | RAL 7035;;;;
42890;20087745;4026212212549;META COMPACT | Pendelhefterregal | Grundregal | 2200 x 1000 x 400 | 6 Ebenen | RAL 7035;;;;
42891;20087746;4026212212556;META COMPACT | Pendelhefterregal | Anbauregal | 2200 x 1000 x 400 | 6 Ebenen | RAL 7035;;;;
42892;20081664;4026212212716;;;;;
42893;20082348;4026212212723;;;;;
42894;20083406;4026212212730;;;;;
42896;20078365;4026212213126;;;;;
42897;20082802;4026212213263;;;;;
42898;20082806;4026212213300;;;;;
42908;20074169;4026212214864;META FIX | Fachbodenregal | Grundregal | 2000 x 750 x 300 mm | Fachlast 100 kg | 5 Ebenen | RAL 7035;;;;
42909;20074134;4026212214871;META FIX | Fachbodenregal | Grundregal | 2000 x 750 x 300 mm | Fachlast 100 kg | 5 Ebenen | verzinkt;;;;
42910;20074141;4026212214888;META FIX | Fachbodenregal | Grundregal | 2000 x 750 x 400 mm | Fachlast 100 kg | 5 Ebenen | verzinkt;;;;
42911;20074175;4026212214895;META FIX | Fachbodenregal | Grundregal | 2000 x 750 x 500 mm | Fachlast 100 kg | 5 Ebenen | RAL 7035;;;;
42912;20074144;4026212214901;META FIX | Fachbodenregal | Grundregal | 2000 x 750 x 500 mm | Fachlast 100 kg | 5 Ebenen | verzinkt;;;;
42913;20074179;4026212214918;META FIX | Fachbodenregal | Grundregal | 2000 x 750 x 600 mm | Fachlast 100 kg | 5 Ebenen | RAL 7035;;;;
42914;20074148;4026212214925;META FIX | Fachbodenregal | Grundregal | 2000 x 750 x 600 mm | Fachlast 100 kg | 5 Ebenen | verzinkt;;;;
42915;20074170;4026212214932;META FIX | Fachbodenregal | Grundregal | 2500 x 750 x 300 mm | Fachlast 100 kg | 6 Ebenen | RAL 7035;;;;
42916;20074182;4026212214949;META FIX | Fachbodenregal | Anbauregal | 2000 x 750 x 300 mm | Fachlast 100 kg | 5 Ebenen | RAL 7035;;;;
42917;20074153;4026212214956;META FIX | Fachbodenregal | Anbauregal | 2000 x 750 x 300 mm | Fachlast 100 kg | 5 Ebenen | verzinkt;;;;
42918;20074185;4026212214963;META FIX | Fachbodenregal | Anbauregal | 2000 x 750 x 400 mm | Fachlast 100 kg | 5 Ebenen | RAL 7035;;;;
42919;20074156;4026212214970;META FIX | Fachbodenregal | Anbauregal | 2000 x 750 x 400 mm | Fachlast 100 kg | 5 Ebenen | verzinkt;;;;
42920;20074188;4026212214987;META FIX | Fachbodenregal | Anbauregal | 2000 x 750 x 500 mm | Fachlast 100 kg | 5 Ebenen | RAL 7035;;;;
42921;20074159;4026212214994;META FIX | Fachbodenregal | Anbauregal | 2000 x 750 x 500 mm | Fachlast 100 kg | 5 Ebenen | verzinkt;;;;
42922;20074191;4026212215007;META FIX | Fachbodenregal | Anbauregal | 2000 x 750 x 600 mm | Fachlast 100 kg | 5 Ebenen | RAL 7035;;;;
42923;20074162;4026212215014;META FIX | Fachbodenregal | Anbauregal | 2000 x 750 x 600 mm | Fachlast 100 kg | 5 Ebenen | verzinkt;;;;
42924;20074183;4026212215021;META FIX | Fachbodenregal | Anbauregal | 2500 x 750 x 300 mm | Fachlast 100 kg | 6 Ebenen | RAL 7035;;;;
42925;20074154;4026212215038;META FIX | Fachbodenregal | Anbauregal | 2500 x 750 x 300 mm | Fachlast 100 kg | 6 Ebenen | verzinkt;;;;
42926;20074186;4026212215045;META FIX | Fachbodenregal | Anbauregal | 2500 x 750 x 400 mm | Fachlast 100 kg | 6 Ebenen | RAL 7035;;;;
42927;20074157;4026212215052;META FIX | Fachbodenregal | Anbauregal | 2500 x 750 x 400 mm | Fachlast 100 kg | 6 Ebenen | verzinkt;;;;
42928;20074189;4026212215069;META FIX | Fachbodenregal | Anbauregal | 2500 x 750 x 500 mm | Fachlast 100 kg | 6 Ebenen | RAL 7035;;;;
42929;20074160;4026212215076;META FIX | Fachbodenregal | Anbauregal | 2500 x 750 x 500 mm | Fachlast 100 kg | 6 Ebenen | verzinkt;;;;
42930;20074192;4026212215083;META FIX | Fachbodenregal | Anbauregal | 2500 x 750 x 600 mm | Fachlast 100 kg | 6 Ebenen | RAL 7035;;;;
42931;20074163;4026212215090;META FIX | Fachbodenregal | Anbauregal | 2500 x 750 x 600 mm | Fachlast 100 kg | 6 Ebenen | verzinkt;;;;
42932;20074135;4026212215182;META FIX | Fachbodenregal | Grundregal | 2500 x 750 x 300 mm | Fachlast 100 kg | 6 Ebenen | verzinkt;;;;
42933;20074173;4026212215199;META FIX | Fachbodenregal | Grundregal | 2500 x 750 x 400 mm | Fachlast 100 kg | 6 Ebenen | RAL 7035;;;;
42934;20074142;4026212215205;META FIX | Fachbodenregal | Grundregal | 2500 x 750 x 400 mm | Fachlast 100 kg | 6 Ebenen | verzinkt;;;;
42935;20074176;4026212215212;META FIX | Fachbodenregal | Grundregal | 2500 x 750 x 500 mm | Fachlast 100 kg | 6 Ebenen | RAL 7035;;;;
42936;20074145;4026212215229;META FIX | Fachbodenregal | Grundregal | 2500 x 750 x 500 mm | Fachlast 100 kg | 6 Ebenen | verzinkt;;;;
42937;20074180;4026212215236;META FIX | Fachbodenregal | Grundregal | 2500 x 750 x 600 mm | Fachlast 100 kg | 6 Ebenen | RAL 7035;;;;
42938;20074149;4026212215243;META FIX | Fachbodenregal | Grundregal | 2500 x 750 x 600 mm | Fachlast 100 kg | 6 Ebenen | verzinkt;;;;
42940;20087065;4026212215830;META CLIP | Fachbodenregal | Anbauregal | 2500 x 1000 x 300 mm | Fachlast 230 kg | 5+1 Ebenen | verzinkt;;;;
42942;20088147;4026212219760;;;;;
42943;20084588;4026212219920;META CLIP | Fachbodenregal | Grundregal | 2000 x 1000 x 400 mm | Fachlast 230 kg | 4+1 Ebenen | Längsriegel | verzinkt;;;;
42944;20084592;4026212219944;META CLIP | Fachbodenregal | Grundregal | 2500 x 1000 x 400 mm | Fachlast 230 kg | 5+1 Ebenen | Längsriegel | verzinkt;;;;
42945;20084600;4026212219968;META CLIP | Fachbodenregal | Anbauregal | 2000 x 1000 x 400 mm | Fachlast 230 kg | 4+1 Ebenen | Längsriegel | verzinkt;;;;
42946;20084604;4026212219975;META CLIP | Fachbodenregal | Anbauregal | 2500 x 1000 x 400 mm | Fachlast 230 kg | 5+1 Ebenen | Längsriegel | verzinkt;;;;
42947;20084596;4026212220018;META CLIP | Fachbodenregal | Grundregal | 3000 x 1000 x 400 mm | Fachlast 230 kg | 6+1 Ebenen | Längsriegel | verzinkt;;;;
42948;20084597;4026212220025;META CLIP | Fachbodenregal | Grundregal | 3000 x 1000 x 500 mm | Fachlast 230 kg | 6+1 Ebenen | Längsriegel | verzinkt;;;;
42949;20084598;4026212220032;META CLIP | Fachbodenregal | Grundregal | 3000 x 1000 x 600 mm | Fachlast 230 kg | 6+1 Ebenen | Längsriegel | verzinkt;;;;
42950;20084599;4026212220049;META CLIP | Fachbodenregal | Grundregal | 3000 x 1000 x 800 mm | Fachlast 230 kg | 6+1 Ebenen | Längsriegel | verzinkt;;;;
42951;20084608;4026212220056;META CLIP | Fachbodenregal | Anbauregal | 3000 x 1000 x 400 mm | Fachlast 230 kg | 6+1 Ebenen | Längsriegel | verzinkt;;;;
42952;20084609;4026212220063;META CLIP | Fachbodenregal | Anbauregal | 3000 x 1000 x 500 mm | Fachlast 230 kg | 6+1 Ebenen | Längsriegel | verzinkt;;;;
42953;20084610;4026212220070;META CLIP | Fachbodenregal | Anbauregal | 3000 x 1000 x 600 mm | Fachlast 230 kg | 6+1 Ebenen | Längsriegel | verzinkt;;;;
42954;20084611;4026212220087;META CLIP | Fachbodenregal | Anbauregal | 3000 x 1000 x 800 mm | Fachlast 230 kg | 6+1 Ebenen | Längsriegel | verzinkt;;;;
42955;20084622;4026212220094;META CLIP | Fachbodenregal | Grundregal | 3000 x 1000 x 400 mm | Fachlast 230 kg | 6+1 Ebenen | Längsriegel | RAL 7035;;;;
42956;20084623;4026212220100;META CLIP | Fachbodenregal | Grundregal | 3000 x 1000 x 500 mm | Fachlast 230 kg | 6+1 Ebenen | Längsriegel | RAL 7035;;;;
42957;20084624;4026212220117;META CLIP | Fachbodenregal | Grundregal | 3000 x 1000 x 600 mm | Fachlast 230 kg | 6+1 Ebenen | Längsriegel | RAL 7035;;;;
42958;20084625;4026212220124;META CLIP | Fachbodenregal | Grundregal | 3000 x 1000 x 800 mm | Fachlast 230 kg | 6+1 Ebenen | Längsriegel | RAL 7035;;;;
42959;20084634;4026212220131;META CLIP | Fachbodenregal | Anbauregal | 3000 x 1000 x 400 mm | Fachlast 230 kg | 6+1 Ebenen | Längsriegel | RAL 7035;;;;
42960;20084635;4026212220148;META CLIP | Fachbodenregal | Anbauregal | 3000 x 1000 x 500 mm | Fachlast 230 kg | 6+1 Ebenen | Längsriegel | RAL 7035;;;;
42961;20084636;4026212220155;META CLIP | Fachbodenregal | Anbauregal | 3000 x 1000 x 600 mm | Fachlast 230 kg | 6+1 Ebenen | Längsriegel | RAL 7035;;;;
42962;20084637;4026212220162;META CLIP | Fachbodenregal | Anbauregal | 3000 x 1000 x 800 mm | Fachlast 230 kg | 6+1 Ebenen | Längsriegel | RAL 7035;;;;
42963;20080931;4026212220919;;;;;
42964;20088272;4026212221251;;;;;
42965;20088336;4026212221947;;;;;
42966;20088337;4026212221954;;;;;
42968;20088340;4026212221978;;;;;
42969;20088339;4026212221985;;;;;
42971;20088444;4026212222258;;;;;
42972;20088445;4026212222265;;;;;
42974;20088447;4026212222289;;;;;
42975;20088448;4026212222296;;;;;
42977;20088451;4026212222326;;;;;
42978;20088452;4026212222333;;;;;
42979;20088479;4026212222470;;;;;
42980;20088480;4026212222487;;;;;
42982;20088482;4026212222500;;;;;
42983;20088483;4026212222517;;;;;
42985;20085901;4026212223378;;;;;
42986;20085902;4026212223385;;;;;
42987;20085903;4026212223392;;;;;
42988;20085900;4026212223408;;;;;
42989;20088697;4026212223576;META CLIP S3 | Fachbodenregal | Grundregal | 2000 x 1000 x 300 mm | Fachlast 100 kg | 4+1 Ebenen | verzinkt;;;;
42990;20088709;4026212223583;META CLIP S3 | Fachbodenregal | Anbauregal | 2000 x 1000 x 300 mm | Fachlast 100 kg | 4+1 Ebenen | verzinkt;;;;
42991;20088701;4026212223590;META CLIP S3 | Fachbodenregal | Grundregal | 2500 x 1000 x 300 mm | Fachlast 100 kg | 5+1 Ebenen | verzinkt;;;;
42992;20088713;4026212223606;META CLIP S3 | Fachbodenregal | Anbauregal | 2500 x 1000 x 300 mm | Fachlast 100 kg | 5+1 Ebenen | verzinkt;;;;
42993;20088698;4026212223637;META CLIP S3 | Fachbodenregal | Grundregal | 2000 x 1000 x 400 mm | Fachlast 100 kg | 4+1 Ebenen | verzinkt;;;;
42994;20088710;4026212223644;META CLIP S3 | Fachbodenregal | Anbauregal | 2000 x 1000 x 400 mm | Fachlast 100 kg | 4+1 Ebenen | verzinkt;;;;
42995;20088702;4026212223651;META CLIP S3 | Fachbodenregal | Grundregal | 2500 x 1000 x 400 mm | Fachlast 100 kg | 5+1 Ebenen | verzinkt;;;;
42996;20088714;4026212223668;META CLIP S3 | Fachbodenregal | Anbauregal | 2500 x 1000 x 400 mm | Fachlast 100 kg | 5+1 Ebenen | verzinkt;;;;
42997;20088706;4026212223682;META CLIP S3 | Fachbodenregal | Grundregal | 3000 x 1000 x 400 mm | Fachlast 100 kg | 6+1 Ebenen | verzinkt;;;;
42998;20088718;4026212223699;META CLIP S3 | Fachbodenregal | Anbauregal | 3000 x 1000 x 400 mm | Fachlast 100 kg | 6+1 Ebenen | verzinkt;;;;
42999;20088699;4026212223705;META CLIP S3 | Fachbodenregal | Grundregal | 2000 x 1000 x 500 mm | Fachlast 100 kg | 4+1 Ebenen | verzinkt;;;;
43000;20088711;4026212223712;META CLIP S3 | Fachbodenregal | Anbauregal | 2000 x 1000 x 500 mm | Fachlast 100 kg | 4+1 Ebenen | verzinkt;;;;
43001;20088703;4026212223729;META CLIP S3 | Fachbodenregal | Grundregal | 2500 x 1000 x 500 mm | Fachlast 100 kg | 5+1 Ebenen | verzinkt;;;;
43002;20088715;4026212223736;META CLIP S3 | Fachbodenregal | Anbauregal | 2500 x 1000 x 500 mm | Fachlast 100 kg | 5+1 Ebenen | verzinkt;;;;
43003;20088707;4026212223828;META CLIP S3 | Fachbodenregal | Grundregal | 3000 x 1000 x 500 mm | Fachlast 100 kg | 6+1 Ebenen | verzinkt;;;;
43004;20088719;4026212223835;META CLIP S3 | Fachbodenregal | Anbauregal | 3000 x 1000 x 500 mm | Fachlast 100 kg | 6+1 Ebenen | verzinkt;;;;
43005;20088700;4026212223842;META CLIP S3 | Fachbodenregal | Grundregal | 2000 x 1000 x 600 mm | Fachlast 100 kg | 4+1 Ebenen | verzinkt;;;;
43006;20088712;4026212223859;META CLIP S3 | Fachbodenregal | Anbauregal | 2000 x 1000 x 600 mm | Fachlast 100 kg | 4+1 Ebenen | verzinkt;;;;
43007;20088704;4026212223866;META CLIP S3 | Fachbodenregal | Grundregal | 2500 x 1000 x 600 mm | Fachlast 100 kg | 5+1 Ebenen | verzinkt;;;;
43008;20088716;4026212223873;META CLIP S3 | Fachbodenregal | Anbauregal | 2500 x 1000 x 600 mm | Fachlast 100 kg | 5+1 Ebenen | verzinkt;;;;
43009;20088708;4026212223880;META CLIP S3 | Fachbodenregal | Grundregal | 3000 x 1000 x 600 mm | Fachlast 100 kg | 6+1 Ebenen | verzinkt;;;;
43010;20088720;4026212223897;META CLIP S3 | Fachbodenregal | Anbauregal | 3000 x 1000 x 600 mm | Fachlast 100 kg | 6+1 Ebenen | verzinkt;;;;
43011;20088724;4026212223903;META CLIP S3 | Fachbodenregal | Grundregal | 2000 x 1000 x 400 mm | Fachlast 230 kg | 4+1 Ebenen | verzinkt;;;;
43012;20088739;4026212223910;META CLIP S3 | Fachbodenregal | Anbauregal | 2000 x 1000 x 400 mm | Fachlast 230 kg | 4+1 Ebenen | verzinkt;;;;
43013;20088729;4026212223927;META CLIP S3 | Fachbodenregal | Grundregal | 2500 x 1000 x 400 mm | Fachlast 230 kg | 5+1 Ebenen | verzinkt;;;;
43014;20088744;4026212223934;META CLIP S3 | Fachbodenregal | Anbauregal | 2500 x 1000 x 400 mm | Fachlast 230 kg | 5+1 Ebenen | verzinkt;;;;
43015;20088725;4026212223965;META CLIP S3 | Fachbodenregal | Grundregal | 2000 x 1000 x 500 mm | Fachlast 230 kg | 4+1 Ebenen | verzinkt;;;;
43016;20088740;4026212223972;META CLIP S3 | Fachbodenregal | Anbauregal | 2000 x 1000 x 500 mm | Fachlast 230 kg | 4+1 Ebenen | verzinkt;;;;
43017;20088730;4026212223989;META CLIP S3 | Fachbodenregal | Grundregal | 2500 x 1000 x 500 mm | Fachlast 230 kg | 5+1 Ebenen | verzinkt;;;;
43018;20088745;4026212223996;META CLIP S3 | Fachbodenregal | Anbauregal | 2500 x 1000 x 500 mm | Fachlast 230 kg | 5+1 Ebenen | verzinkt;;;;
43019;20088741;4026212224023;META CLIP S3 | Fachbodenregal | Anbauregal | 2000 x 1000 x 600 mm | Fachlast 230 kg | 4+1 Ebenen | verzinkt;;;;
43020;20088731;4026212224030;META CLIP S3 | Fachbodenregal | Grundregal | 2500 x 1000 x 600 mm | Fachlast 230 kg | 5+1 Ebenen | verzinkt;;;;
43021;20088746;4026212224047;META CLIP S3 | Fachbodenregal | Anbauregal | 2500 x 1000 x 600 mm | Fachlast 230 kg | 5+1 Ebenen | verzinkt;;;;
43022;20088727;4026212224078;META CLIP S3 | Fachbodenregal | Grundregal | 2000 x 1000 x 800 mm | Fachlast 230 kg | 4+1 Ebenen | verzinkt;;;;
43023;20088742;4026212224085;META CLIP S3 | Fachbodenregal | Anbauregal | 2000 x 1000 x 800 mm | Fachlast 230 kg | 4+1 Ebenen | verzinkt;;;;
43024;20088732;4026212224092;META CLIP S3 | Fachbodenregal | Grundregal | 2500 x 1000 x 800 mm | Fachlast 230 kg | 5+1 Ebenen | verzinkt;;;;
43025;20088747;4026212224108;META CLIP S3 | Fachbodenregal | Anbauregal | 2500 x 1000 x 800 mm | Fachlast 230 kg | 5+1 Ebenen | verzinkt;;;;
43026;20088792;4026212224177;META CLIP S3 | Fachbodenregal | Grundregal | 2000 x 1000 x 300 mm | Fachlast 100 kg | 4+1 Ebenen | RAL 7035;;;;
43027;20088804;4026212224184;META CLIP S3 | Fachbodenregal | Anbauregal | 2000 x 1000 x 300 mm | Fachlast 100 kg | 4+1 Ebenen | RAL 7035;;;;
43028;20088796;4026212224191;META CLIP S3 | Fachbodenregal | Grundregal | 2500 x 1000 x 300 mm | Fachlast 100 kg | 5+1 Ebenen | RAL 7035;;;;
43029;20088793;4026212224238;META CLIP S3 | Fachbodenregal | Grundregal | 2000 x 1000 x 400 mm | Fachlast 100 kg | 4+1 Ebenen | RAL 7035;;;;
43030;20088805;4026212224252;META CLIP S3 | Fachbodenregal | Anbauregal | 2000 x 1000 x 400 mm | Fachlast 100 kg | 4+1 Ebenen | RAL 7035;;;;
43031;20088797;4026212224269;META CLIP S3 | Fachbodenregal | Grundregal | 2500 x 1000 x 400 mm | Fachlast 100 kg | 5+1 Ebenen | RAL 7035;;;;
43032;20088801;4026212224276;META CLIP S3 | Fachbodenregal | Grundregal | 3000 x 1000 x 400 mm | Fachlast 100 kg | 6+1 Ebenen | RAL 7035;;;;
43033;20088794;4026212224283;META CLIP S3 | Fachbodenregal | Grundregal | 2000 x 1000 x 500 mm | Fachlast 100 kg | 4+1 Ebenen | RAL 7035;;;;
43034;20088806;4026212224290;META CLIP S3 | Fachbodenregal | Anbauregal | 2000 x 1000 x 500 mm | Fachlast 100 kg | 4+1 Ebenen | RAL 7035;;;;
43035;20088798;4026212224306;META CLIP S3 | Fachbodenregal | Grundregal | 2500 x 1000 x 500 mm | Fachlast 100 kg | 5+1 Ebenen | RAL 7035;;;;
43036;20088802;4026212224313;META CLIP S3 | Fachbodenregal | Grundregal | 3000 x 1000 x 500 mm | Fachlast 100 kg | 6+1 Ebenen | RAL 7035;;;;
43037;20088795;4026212224320;META CLIP S3 | Fachbodenregal | Grundregal | 2000 x 1000 x 600 mm | Fachlast 100 kg | 4+1 Ebenen | RAL 7035;;;;
43038;20088807;4026212224337;META CLIP S3 | Fachbodenregal | Anbauregal | 2000 x 1000 x 600 mm | Fachlast 100 kg | 4+1 Ebenen | RAL 7035;;;;
43039;20088799;4026212224351;META CLIP S3 | Fachbodenregal | Grundregal | 2500 x 1000 x 600 mm | Fachlast 100 kg | 5+1 Ebenen | RAL 7035;;;;
43040;20088803;4026212224368;META CLIP S3 | Fachbodenregal | Grundregal | 3000 x 1000 x 600 mm | Fachlast 100 kg | 6+1 Ebenen | RAL 7035;;;;
43041;20088817;4026212224375;META CLIP S3 | Fachbodenregal | Grundregal | 2000 x 1000 x 400 mm | Fachlast 230 kg | 4+1 Ebenen | RAL 7035;;;;
43042;20088832;4026212224382;META CLIP S3 | Fachbodenregal | Anbauregal | 2000 x 1000 x 400 mm | Fachlast 230 kg | 4+1 Ebenen | RAL 7035;;;;
43043;20088822;4026212224399;META CLIP S3 | Fachbodenregal | Grundregal | 2500 x 1000 x 400 mm | Fachlast 230 kg | 5+1 Ebenen | RAL 7035;;;;
43044;20088837;4026212224405;META CLIP S3 | Fachbodenregal | Anbauregal | 2500 x 1000 x 400 mm | Fachlast 230 kg | 5+1 Ebenen | RAL 7035;;;;
43045;20088818;4026212224436;META CLIP S3 | Fachbodenregal | Grundregal | 2000 x 1000 x 500 mm | Fachlast 230 kg | 4+1 Ebenen | RAL 7035;;;;
43046;20088833;4026212224443;META CLIP S3 | Fachbodenregal | Anbauregal | 2000 x 1000 x 500 mm | Fachlast 230 kg | 4+1 Ebenen | RAL 7035;;;;
43047;20088823;4026212224450;META CLIP S3 | Fachbodenregal | Grundregal | 2500 x 1000 x 500 mm | Fachlast 230 kg | 5+1 Ebenen | RAL 7035;;;;
43048;20088838;4026212224467;META CLIP S3 | Fachbodenregal | Anbauregal | 2500 x 1000 x 500 mm | Fachlast 230 kg | 5+1 Ebenen | RAL 7035;;;;
43049;20088819;4026212224559;META CLIP S3 | Fachbodenregal | Grundregal | 2000 x 1000 x 600 mm | Fachlast 230 kg | 4+1 Ebenen | RAL 7035;;;;
43050;20088834;4026212224573;META CLIP S3 | Fachbodenregal | Anbauregal | 2000 x 1000 x 600 mm | Fachlast 230 kg | 4+1 Ebenen | RAL 7035;;;;
43051;20088824;4026212224580;META CLIP S3 | Fachbodenregal | Grundregal | 2500 x 1000 x 600 mm | Fachlast 230 kg | 5+1 Ebenen | RAL 7035;;;;
43052;20088839;4026212224597;META CLIP S3 | Fachbodenregal | Anbauregal | 2500 x 1000 x 600 mm | Fachlast 230 kg | 5+1 Ebenen | RAL 7035;;;;
43053;20088820;4026212224627;META CLIP S3 | Fachbodenregal | Grundregal | 2000 x 1000 x 800 mm | Fachlast 230 kg | 4+1 Ebenen | RAL 7035;;;;
43054;20088835;4026212224634;META CLIP S3 | Fachbodenregal | Anbauregal | 2000 x 1000 x 800 mm | Fachlast 230 kg | 4+1 Ebenen | RAL 7035;;;;
43055;20088825;4026212224641;META CLIP S3 | Fachbodenregal | Grundregal | 2500 x 1000 x 800 mm | Fachlast 230 kg | 5+1 Ebenen | RAL 7035;;;;
43056;20088840;4026212224658;META CLIP S3 | Fachbodenregal | Anbauregal | 2500 x 1000 x 800 mm | Fachlast 230 kg | 5+1 Ebenen | RAL 7035;;;;
43057;20088816;4026212224689;META CLIP S3 | Fachbodenregal | Grundregal | 2000 x 1000 x 300 mm | Fachlast 230 kg | 4+1 Ebenen | RAL 7035;;;;
43058;20088831;4026212224696;META CLIP S3 | Fachbodenregal | Anbauregal | 2000 x 1000 x 300 mm | Fachlast 230 kg | 4+1 Ebenen | RAL 7035;;;;
43059;20088821;4026212224702;META CLIP S3 | Fachbodenregal | Grundregal | 2500 x 1000 x 300 mm | Fachlast 230 kg | 5+1 Ebenen | RAL 7035;;;;
43060;20088907;4026212224924;;;;;
43061;20088910;4026212224948;;;;;
43062;20088723;4026212224962;META CLIP S3 | Fachbodenregal | Grundregal | 2000 x 1000 x 300 mm | Fachlast 230 kg | 4+1 Ebenen | verzinkt;;;;
43063;20088728;4026212224979;META CLIP S3 | Fachbodenregal | Grundregal | 2500 x 1000 x 300 mm | Fachlast 230 kg | 5+1 Ebenen | verzinkt;;;;
43064;20088738;4026212224993;META CLIP S3 | Fachbodenregal | Anbauregal | 2000 x 1000 x 300 mm | Fachlast 230 kg | 4+1 Ebenen | verzinkt;;;;
43065;20088743;4026212225006;META CLIP S3 | Fachbodenregal | Anbauregal | 2500 x 1000 x 300 mm | Fachlast 230 kg | 5+1 Ebenen | verzinkt;;;;
43066;20088808;4026212225020;META CLIP S3 | Fachbodenregal | Anbauregal | 2500 x 1000 x 300 mm | Fachlast 100 kg | 5+1 Ebenen | RAL 7035;;;;
43067;20088809;4026212225037;META CLIP S3 | Fachbodenregal | Anbauregal | 2500 x 1000 x 400 mm | Fachlast 100 kg | 5+1 Ebenen | RAL 7035;;;;
43068;20088810;4026212225044;META CLIP S3 | Fachbodenregal | Anbauregal | 2500 x 1000 x 500 mm | Fachlast 100 kg | 5+1 Ebenen | RAL 7035;;;;
43069;20088811;4026212225051;META CLIP S3 | Fachbodenregal | Anbauregal | 2500 x 1000 x 600 mm | Fachlast 100 kg | 5+1 Ebenen | RAL 7035;;;;
43070;20088813;4026212225075;META CLIP S3 | Fachbodenregal | Anbauregal | 3000 x 1000 x 400 mm | Fachlast 100 kg | 6+1 Ebenen | RAL 7035;;;;
43071;20088814;4026212225082;META CLIP S3 | Fachbodenregal | Anbauregal | 3000 x 1000 x 500 mm | Fachlast 100 kg | 6+1 Ebenen | RAL 7035;;;;
43072;20088815;4026212225099;META CLIP S3 | Fachbodenregal | Anbauregal | 3000 x 1000 x 600 mm | Fachlast 100 kg | 6+1 Ebenen | RAL 7035;;;;
43073;20088836;4026212225105;META CLIP S3 | Fachbodenregal | Anbauregal | 2500 x 1000 x 300 mm | Fachlast 230 kg | 5+1 Ebenen | RAL 7035;;;;
43074;20089061;4026212225587;;;;;
43075;20089286;4026212227062;;;;;
43076;20089287;4026212227079;;;;;
43077;20089290;4026212227109;;;;;
43078;20089291;4026212227116;;;;;
43079;20089292;4026212227123;;;;;
43080;20089293;4026212227130;;;;;
43081;20089416;4026212227734;META CLIP S3 | Fachbodenregal | Grundregal | 2000 x 1000 x 300 mm | Fachlast 80 kg | 4+1 Ebenen | verzinkt;;;;
43082;20089417;4026212227741;META CLIP S3 | Fachbodenregal | Anbauregal | 2000 x 1000 x 300 mm | Fachlast 80 kg | 4+1 Ebenen | verzinkt;;;;
43083;20089418;4026212227758;META CLIP S3 | Fachbodenregal | Grundregal | 2500 x 1000 x 300 mm | Fachlast 80 kg | 5+1 Ebenen | verzinkt;;;;
43084;20089419;4026212227765;META CLIP S3 | Fachbodenregal | Anbauregal | 2500 x 1000 x 300 mm | Fachlast 80 kg | 5+1 Ebenen | verzinkt;;;;
43085;20089422;4026212227796;META CLIP S3 | Fachbodenregal | Grundregal | 2000 x 1000 x 300 mm | Fachlast 80 kg | 4+1 Ebenen | RAL 7035;;;;
43086;20089423;4026212227802;META CLIP S3 | Fachbodenregal | Anbauregal | 2000 x 1000 x 300 mm | Fachlast 80 kg | 4+1 Ebenen | RAL 7035;;;;
43087;20089424;4026212227819;META CLIP S3 | Fachbodenregal | Grundregal | 2500 x 1000 x 300 mm | Fachlast 80 kg | 5+1 Ebenen | RAL 7035;;;;
43088;20089425;4026212227826;META CLIP S3 | Fachbodenregal | Anbauregal | 2500 x 1000 x 300 mm | Fachlast 80 kg | 5+1 Ebenen | RAL 7035;;;;
43089;20089429;4026212227864;META CLIP S3 | Fachbodenregal | Anbauregal | 2000 x 1250 x 300 mm | Fachlast 80 kg | 4+1 Ebenen | verzinkt;;;;
43090;20089428;4026212227871;META CLIP S3 | Fachbodenregal | Grundregal | 2000 x 1250 x 300 mm | Fachlast 80 kg | 4+1 Ebenen | verzinkt;;;;
43091;20089430;4026212227888;META CLIP S3 | Fachbodenregal | Grundregal | 2500 x 1250 x 300 mm | Fachlast 80 kg | 5+1 Ebenen | verzinkt;;;;
43092;20089431;4026212227895;META CLIP S3 | Fachbodenregal | Anbauregal | 2500 x 1250 x 300 mm | Fachlast 80 kg | 5+1 Ebenen | verzinkt;;;;
43096;20089524;4026212228557;;;;;
43097;20089494;4026212228564;META FIX | Fachbodenregal | Grundregal | 2000 x 1000 x 300 mm | Fachlast 80 kg | 5 Ebenen | verzinkt;;;;
43098;20089495;4026212228571;META FIX | Fachbodenregal | Anbauregal | 2000 x 1000 x 300 mm | Fachlast 80 kg | 5 Ebenen | verzinkt;;;;
43099;20089496;4026212228588;META FIX | Fachbodenregal | Grundregal | 2500 x 1000 x 300 mm | Fachlast 80 kg | 6 Ebenen | verzinkt;;;;
43100;20089497;4026212228595;META FIX | Fachbodenregal | Anbauregal | 2500 x 1000 x 300 mm | Fachlast 80 kg | 6 Ebenen | verzinkt;;;;
43102;20089498;4026212228625;META FIX | Fachbodenregal | Grundregal | 2000 x 1000 x 400 mm | Fachlast 80 kg | 5 Ebenen | verzinkt;;;;
43103;20089499;4026212228632;META FIX | Fachbodenregal | Anbauregal | 2000 x 1000 x 400 mm | Fachlast 80 kg | 5 Ebenen | verzinkt;;;;
43104;20089500;4026212228649;META FIX | Fachbodenregal | Grundregal | 2500 x 1000 x 400 mm | Fachlast 80 kg | 6 Ebenen | verzinkt;;;;
43105;20089501;4026212228656;META FIX | Fachbodenregal | Anbauregal | 2500 x 1000 x 400 mm | Fachlast 80 kg | 6 Ebenen | verzinkt;;;;
43106;20089502;4026212228663;META FIX | Fachbodenregal | Grundregal | 2000 x 1000 x 500 mm | Fachlast 80 kg | 5 Ebenen | verzinkt;;;;
43107;20089503;4026212228670;META FIX | Fachbodenregal | Anbauregal | 2000 x 1000 x 500 mm | Fachlast 80 kg | 5 Ebenen | verzinkt;;;;
43108;20089504;4026212228687;META FIX | Fachbodenregal | Grundregal | 2500 x 1000 x 500 mm | Fachlast 80 kg | 6 Ebenen | verzinkt;;;;
43109;20089505;4026212228694;META FIX | Fachbodenregal | Anbauregal | 2500 x 1000 x 500 mm | Fachlast 80 kg | 6 Ebenen | verzinkt;;;;
43110;20089526;4026212228717;META FIX | Fachbodenregal | Grundregal | 2000 x 1000 x 300 mm | Fachlast 80 kg | 5 Ebenen | RAL 7035;;;;
43111;20089527;4026212228724;META FIX | Fachbodenregal | Anbauregal | 2000 x 1000 x 300 mm | Fachlast 80 kg | 5 Ebenen | RAL 7035;;;;
43112;20089528;4026212228731;META FIX | Fachbodenregal | Grundregal | 2500 x 1000 x 300 mm | Fachlast 80 kg | 6 Ebenen | RAL 7035;;;;
43113;20089529;4026212228748;META FIX | Fachbodenregal | Anbauregal | 2500 x 1000 x 300 mm | Fachlast 80 kg | 6 Ebenen | RAL 7035;;;;
43114;20089633;4026212229585;META CLIP S3 | Fachbodenregal | Grundregal | 2000 x 1000 x 400 mm | Fachlast 80 kg | 4+1 Ebenen | verzinkt;;;;
43115;20089634;4026212229592;META CLIP S3 | Fachbodenregal | Anbauregal | 2000 x 1000 x 400 mm | Fachlast 80 kg | 4+1 Ebenen | verzinkt;;;;
43116;20089635;4026212229608;META CLIP S3 | Fachbodenregal | Grundregal | 2000 x 1000 x 500 mm | Fachlast 80 kg | 4+1 Ebenen | verzinkt;;;;
43117;20089636;4026212229615;META CLIP S3 | Fachbodenregal | Anbauregal | 2000 x 1000 x 500 mm | Fachlast 80 kg | 4+1 Ebenen | verzinkt;;;;
43118;20089637;4026212229622;META CLIP S3 | Fachbodenregal | Grundregal | 2500 x 1000 x 400 mm | Fachlast 80 kg | 5+1 Ebenen | verzinkt;;;;
43119;20089638;4026212229639;META CLIP S3 | Fachbodenregal | Anbauregal | 2500 x 1000 x 400 mm | Fachlast 80 kg | 5+1 Ebenen | verzinkt;;;;
43120;20089639;4026212229646;META CLIP S3 | Fachbodenregal | Grundregal | 2500 x 1000 x 500 mm | Fachlast 80 kg | 5+1 Ebenen | verzinkt;;;;
43121;20089640;4026212229653;META CLIP S3 | Fachbodenregal | Anbauregal | 2500 x 1000 x 500 mm | Fachlast 80 kg | 5+1 Ebenen | verzinkt;;;;
43122;20089641;4026212229660;META CLIP S3 | Fachbodenregal | Grundregal | 2000 x 1250 x 400 mm | Fachlast 80 kg | 4+1 Ebenen | verzinkt;;;;
43123;20089642;4026212229677;META CLIP S3 | Fachbodenregal | Anbauregal | 2000 x 1250 x 400 mm | Fachlast 80 kg | 4+1 Ebenen | verzinkt;;;;
43124;20089643;4026212229684;META CLIP S3 | Fachbodenregal | Grundregal | 2000 x 1250 x 500 mm | Fachlast 80 kg | 4+1 Ebenen | verzinkt;;;;
43125;20089644;4026212229691;META CLIP S3 | Fachbodenregal | Anbauregal | 2000 x 1250 x 500 mm | Fachlast 80 kg | 4+1 Ebenen | verzinkt;;;;
43126;20089645;4026212229707;META CLIP S3 | Fachbodenregal | Grundregal | 2500 x 1250 x 400 mm | Fachlast 80 kg | 5+1 Ebenen | verzinkt;;;;
43127;20089646;4026212229714;META CLIP S3 | Fachbodenregal | Anbauregal | 2500 x 1250 x 400 mm | Fachlast 80 kg | 5+1 Ebenen | verzinkt;;;;
43128;20089647;4026212229721;META CLIP S3 | Fachbodenregal | Grundregal | 2500 x 1250 x 500 mm | Fachlast 80 kg | 5+1 Ebenen | verzinkt;;;;
43129;20089648;4026212229738;META CLIP S3 | Fachbodenregal | Anbauregal | 2500 x 1250 x 500 mm | Fachlast 80 kg | 5+1 Ebenen | verzinkt;;;;
43130;20089682;4026212229868;;;;;
43131;20089684;4026212229882;;;;;
43132;20089685;4026212229899;;;;;
43133;20089705;4026212230017;;;;;
43137;20089709;4026212230062;;;;;
43140;20088726;4026212230277;META CLIP S3 | Fachbodenregal | Grundregal | 2000 x 1000 x 600 mm | Fachlast 230 kg | 4+1 Ebenen | verzinkt;;;;
43141;20089733;4026212231090;;;;;
43142;20089734;4026212231106;;;;;
43143;20089735;4026212231113;;;;;
43146;20090024;4026212232820;;;;;
43147;20090231;4026212234138;META CLIP S3 | Sichtlagerkastenregal | Grundregal | 2000 x 1000 x 300 mm | Fachlast 100 kg | 60 Sichtlagerkästen | 10 Ebenen | verzinkt;;;;
43148;20090232;4026212234152;META CLIP S3 | Sichtlagerkastenregal | Anbauregal | 2000 x 1000 x 300 mm | Fachlast 100 kg | 60 Sichtlagerkästen | 10 Ebenen | verzinkt;;;;
43149;20090233;4026212234176;META CLIP S3 | Sichtlagerkastenregal | Grundregal | 2000 x 1000 x 400 mm | Fachlast 100 kg | 28 Sichtlagerkästen | 7 Ebenen | verzinkt;;;;
43150;20090234;4026212234190;META CLIP S3 | Sichtlagerkastenregal | Anbauregal | 2000 x 1000 x 400 mm | Fachlast 100 kg | 28 Sichtlagerkästen | 7 Ebenen | verzinkt;;;;
43151;20090235;4026212234206;META CLIP S3 | Sichtlagerkastenregal | Grundregal | 2000 x 1000 x 400 mm | Fachlast 100 kg | 36 Sichtlagerkästen | 9 Ebenen | verzinkt;;;;
43152;20090236;4026212234213;META CLIP S3 | Sichtlagerkastenregal | Anbauregal | 2000 x 1000 x 400 mm | Fachlast 100 kg | 36 Sichtlagerkästen | 9 Ebenen | verzinkt;;;;
43153;20090237;4026212234220;META CLIP S3 | Sichtlagerkastenregal | Grundregal | 2000 x 1000 x 500 mm | Fachlast 100 kg | 21 Sichtlagerkästen | 7 Ebenen | verzinkt;;;;
43154;20090238;4026212234237;META CLIP S3 | Sichtlagerkastenregal | Anbauregal | 2000 x 1000 x 500 mm | Fachlast 100 kg | 21 Sichtlagerkästen | 7 Ebenen | verzinkt;;;;
43155;20090345;4026212234527;META FIX | Fachbodenregal | Grundregal | 2000 x 1000 x 400 mm | Fachlast 80 kg | 5 Ebenen | RAL 7035;;;;
43156;20090346;4026212234589;META FIX | Fachbodenregal | Anbauregal | 2000 x 1000 x 400 mm | Fachlast 80 kg | 5 Ebenen | RAL 7035;;;;
43157;20090347;4026212234596;META FIX | Fachbodenregal | Grundregal | 2000 x 1000 x 500 mm | Fachlast 80 kg | 5 Ebenen | RAL 7035;;;;
43158;20090348;4026212234602;META FIX | Fachbodenregal | Anbauregal | 2000 x 1000 x 500 mm | Fachlast 80 kg | 5 Ebenen | RAL 7035;;;;
43159;20090349;4026212234619;META FIX | Fachbodenregal | Grundregal | 2500 x 1000 x 400 mm | Fachlast 80 kg | 6 Ebenen | RAL 7035;;;;
43160;20090350;4026212234633;META FIX | Fachbodenregal | Anbauregal | 2500 x 1000 x 400 mm | Fachlast 80 kg | 6 Ebenen | RAL 7035;;;;
43161;20090351;4026212234657;META FIX | Fachbodenregal | Grundregal | 2500 x 1000 x 500 mm | Fachlast 80 kg | 6 Ebenen | RAL 7035;;;;
43162;20090352;4026212234688;META FIX | Fachbodenregal | Anbauregal | 2500 x 1000 x 500 mm | Fachlast 80 kg | 6 Ebenen | RAL 7035;;;;
43163;20090410;4026212234985;;;;;
43164;20090411;4026212234992;;;;;
43165;20090412;4026212235005;;;;;
43166;20086746;4026212235210;;;;;
43167;20090484;4026212235333;;;;;
43168;20084061;4026212236118;;;;;
43169;20090816;4026212237191;META CLIP | Steck-Tiefensteife für Schrägbodenregal| 1192 mm | verzinkt;;;;
43170;20090871;4026212237511;;;;;
43171;20090886;4026212237573;;;;;
43172;20090888;4026212237580;;;;;
43173;20090889;4026212237597;;;;;
43174;20090890;4026212237603;;;;;
43175;20090891;4026212237610;;;;;
43176;20090892;4026212237627;;;;;
43177;20090893;4026212237634;;;;;
43178;20090894;4026212237641;;;;;
43179;20091034;4026212238075;;;;;
43180;20091074;4026212238143;META CLIP S3 | Schrägbodenregal | Grundregal | 2000 x 1000 x 1228 mm | Fachlast 80 kg | 4 Ebenen | verzinkt;;;;
43181;20091075;4026212238167;META CLIP S3 | Schrägbodenregal | Anbauregal | 2000 x 1000 x 1228 mm | Fachlast 80 kg | 4 Ebenen | verzinkt;;;;
43184;20091078;4026212238198;META CLIP S3 | Schrägbodenregal | Grundregal | 2000 x 1300 x 1228 mm | Fachlast 80 kg | 4 Ebenen | verzinkt;;;;
43185;20091079;4026212238204;META CLIP S3 | Schrägbodenregal | Anbauregal | 2000 x 1300 x 1228 mm | Fachlast 80 kg | 4 Ebenen | verzinkt;;;;
43186;20091080;4026212238211;META MINI-RACK | Bereitstellregal | Grundregal | 2200 x 1300 x 1300 mm | 4 Ebenen | verzinkt;;;;
43187;20091081;4026212238228;META MINI-RACK | Bereitstellregal | Anbauregal | 2200 x 1300 x 1300 mm | 4 Ebenen | verzinkt;;;;
43188;20091082;4026212238235;;;;;
43189;20078364;4026212238501;META CLIP SET | Fachbodenregal | Anbauregal | 2000 x 1000 x 400 mm | Fachlast 100 kg | 3+1 Ebenen | RAL 7035;;;;
43190;20091269;4026212238648;Fachteilerdraht | 400 mm |  für Böden mit 40 mm Kantenhöhe ( Kanban ) | verzinkt;;;;
43191;20091270;4026212238655;;;;;
43192;20091282;4026212238716;META CLIP | Schrankmodul | Grundregal | Variante 3 | 2000 x 1000 x 400 mm | mit Volltür | RAL 7035;;;;
43193;20091283;4026212238723;META CLIP | Schrankmodul | Grundregal | Variante 3 | 2000 x 1000 x 600 mm | mit Volltür | RAL 7035;;;;
43194;20091408;4026212238945;META CLIP | Schrankmodul | Anbauregal | Variante 3 | 2000 x 1000 x 400 mm | mit Volltür | RAL 7035;;;;
43195;20091409;4026212238952;META CLIP | Schrankmodul | Anbauregal | Variante 3 | 2000 x 1000 x 600 mm | mit Volltür | RAL 7035;;;;
43204;20091492;4026212239447;;;;;
43205;20091493;4026212239454;;;;;
43206;20091494;4026212239461;;;;;
43207;20091495;4026212239478;;;;;
43208;20091501;4026212239515;;;;;
43209;20091502;4026212239522;;;;;
43210;20091504;4026212239539;;;;;
43211;20091505;4026212239546;;;;;
43212;20091506;4026212239553;;;;;
43213;20091507;4026212239560;;;;;
43214;20091509;4026212239577;;;;;
43215;20091511;4026212239584;;;;;
43216;20091513;4026212239591;;;;;
43217;20091515;4026212239607;;;;;
43218;20091516;4026212239614;;;;;
43219;20091517;4026212239621;;;;;
43220;20091518;4026212239638;META MULTIPAL | Profillagerregal | Grundregal | 3300 x 2700 x 700 mm | verzinkt;;;;
43221;20091519;4026212239645;META MULTIPAL | Profillagerregal | Anbauregal | 3300 x 2700 x 700 mm | verzinkt;;;;
43222;20091522;4026212239676;META MULTIPAL | Profillagerregal | Doppel-Grundregal | 3300 x 2700 x 700 mm | verzinkt;;;;
43223;20091523;4026212239683;META MULTIPAL | Profillagerregal | Doppel-Anbauregal | 3300 x 2700 x 700 mm | verzinkt;;;;
43224;20083907;4026212239713;;;;;
43225;20091567;4026212239768;;;;;
43228;20092029;4026212242263;META SPEED-RACK Weitspannregal | 2 Felder | 1970 x 2000 x 600 mm | Fachlast 500 kg | Spanplattenböden | 4 Ebenen;;;;
43265;20092288;4026212243871;;;;;
43274;20083031;4026212245141;;;;;
43281;20086503;4026212246155;;;;;
43283;20081004;4026212246353;;;;;
43284;20092773;4026212246445;;;;;
43285;20092793;4026212246582;;;;;
43286;20092805;4026212246698;;;;;
43287;20092811;4026212246711;;;;;
43288;20092829;4026212246803;;;;;
43290;20092847;4026212246971;;;;;
43291;20092853;4026212247008;;;;;
43294;20093132;4026212248210;;;;;
43295;20093133;4026212248227;;;;;
43296;20093134;4026212248234;;;;;
43297;20093135;4026212248241;;;;;
43298;20093136;4026212248258;;;;;
43299;20093137;4026212248265;;;;;
43300;20093138;4026212248272;;;;;
43301;20093139;4026212248289;;;;;
43302;20093140;4026212248296;META CLIP | Fachbodenregal | Grundregal | 3000 x 1300 x 300 mm | Fachlast 230 kg | 6+1 Ebenen | verzinkt;;;;
43303;20093141;4026212248302;META CLIP | Fachbodenregal | Anbauregal | 3000 x 1300 x 300 mm | Fachlast 230 kg | 6+1 Ebenen | verzinkt;;;;
43304;20093142;4026212248319;META CLIP | Fachbodenregal | Grundregal | 3000 x 1300 x 300 mm | Fachlast 230 kg | 6+1 Ebenen | RAL 7035;;;;
43305;20093143;4026212248326;META CLIP | Fachbodenregal | Anbauregal | 3000 x 1300 x 300 mm | Fachlast 230 kg | 6+1 Ebenen | RAL 7035;;;;
43306;20093150;4026212248395;META CLIP | Fachbodenregal | 3 Felder | 2000 x 3000 x 300 mm | Fachlast 230 kg | 4+1 Ebenen | verzinkt;;;;
43307;20093152;4026212248418;META SPEED-RACK Weitspannregal | 2 Felder | 1970 x 2000 x 400 mm | Fachlast 500 kg | Spanplattenböden | 4 Ebenen;;;;
43308;20093181;4026212248579;;;;;
43309;20093182;4026212248586;;;;;
43310;20093183;4026212248593;;;;;
43311;20093185;4026212248609;;;;;
43312;20093186;4026212248616;;;;;
43313;20093187;4026212248623;;;;;
43314;20093188;4026212248630;;;;;
43315;20093197;4026212248722;META MULTIPAL | Palettenregal | Grundregal | 2700 x 2700 x 1100 mm | Fachlast 490 kg | 3 Ebenen | 9 Paletten | verzinkt;;;;
43316;20093198;4026212248739;;;;;
43317;20093199;4026212248746;META MULTIPAL | Palettenregal | Grundregal | 3300 x 2700 x 1100 mm | Fachlast 480 kg | 3 Ebenen | 9 Paletten | verzinkt;;;;
43318;20093200;4026212248753;;;;;
43319;20093201;4026212248760;META MULTIPAL | Palettenregal | Grundregal | 4400 x 2700 x 1100 mm | Fachlast 480 kg | 4 Ebenen | 12 Paletten | verzinkt;;;;
43320;20093202;4026212248777;;;;;
43321;20093203;4026212248784;META MULTIPAL | Palettenregal | Grundregal | 5500 x 2700 x 1100 mm | Fachlast 470 kg | 4 Ebenen | 12 Paletten | verzinkt;;;;
43322;20093204;4026212248791;;;;;
43323;20093231;4026212249750;;;;;
43324;20093232;4026212249767;;;;;
43325;20093233;4026212249774;;;;;
43326;20093234;4026212249781;;;;;
43327;20093235;4026212249804;;;;;
43328;20093236;4026212249811;;;;;
43329;20093237;4026212249828;;;;;
43330;20093238;4026212249835;;;;;
43331;20093223;4026212249842;META MULTIPAL | Palettenregal | Grundregal | 2700 x 2700 x 1100 mm | Fachlast 780 kg | 3 Ebenen | 9 Paletten | verzinkt;;;;
43332;20093224;4026212249859;;;;;
43333;20093225;4026212249866;;;;;
43334;20093226;4026212249873;;;;;
43335;20093227;4026212249880;META MULTIPAL | Palettenregal | Grundregal | 4400 x 2700 x 1100 mm | Fachlast 780 kg | 4 Ebenen | 12 Paletten | verzinkt;;;;
43336;20093228;4026212249897;;;;;
43337;20093229;4026212249903;META MULTIPAL | Palettenregal | Grundregal | 5500 x 2700 x 1100 mm | Fachlast 770 kg | 4 Ebenen | 12 Paletten | verzinkt;;;;
43338;20093230;4026212249910;;;;;
43339;20093437;4026212250169;;;;;
43340;20093438;4026212250176;;;;;
43341;20093184;4026212253481;;;;;
43342;20094080;4026212256291;;;;;
43343;20094079;4026212256307;;;;;
43344;20094603;4026212257960;;;;;
43345;20094604;4026212257977;;;;;
43346;20094605;4026212257984;;;;;
43347;20094606;4026212257991;;;;;
43348;20094655;4026212258066;;;;;
43349;20094654;4026212258073;;;;;
43350;20094656;4026212258080;;;;;
43351;20094657;4026212258097;;;;;
43352;20094658;4026212258103;;;;;
43353;20094659;4026212258110;;;;;
43354;20094660;4026212258127;;;;;
43355;20094661;4026212258134;;;;;
43356;20094662;4026212258141;;;;;
43357;20094663;4026212258158;;;;;
43358;20094676;4026212258233;;;;;
43359;20094677;4026212258240;;;;;
43360;20094678;4026212258257;;;;;
43361;20094679;4026212258264;;;;;
43362;20094680;4026212258271;;;;;
43363;20094607;4026212258288;;;;;
43364;20094608;4026212258295;;;;;
43365;20094609;4026212258301;;;;;
43366;20094610;4026212258318;;;;;
43367;20094611;4026212258325;META MULTIPAL | Pfosten | 120/20 | verzinkt;;;;
43368;20094612;4026212258332;;;;;
43369;20094613;4026212258349;;;;;
43370;20094614;4026212258356;;;;;
43371;20094615;4026212258363;;;;;
43372;20094616;4026212258370;;;;;
43373;20094617;4026212258387;;;;;
43374;20094618;4026212258394;;;;;
43375;20094619;4026212258400;;;;;
43376;20094620;4026212258417;;;;;
43377;20094621;4026212258424;;;;;
43378;20094681;4026212258431;;;;;
43379;20094682;4026212258448;;;;;
43380;20094683;4026212258455;;;;;
43381;20094684;4026212258462;;;;;
43382;20094685;4026212258493;;;;;
43383;20094686;4026212258509;;;;;
43384;20094687;4026212258516;;;;;
43385;20094688;4026212258547;;;;;
43386;20094689;4026212258554;;;;;
43387;20094690;4026212258561;;;;;
43388;20094691;4026212258578;;;;;
43389;20094692;4026212258592;;;;;
43390;20094693;4026212258608;;;;;
43391;20094694;4026212258615;;;;;
43392;20094622;4026212258639;;;;;
43393;20094721;4026212258653;;;;;
43394;20094722;4026212258660;;;;;
43395;20094623;4026212258677;;;;;
43396;20094624;4026212258684;;;;;
43397;20094625;4026212258691;;;;;
43398;20094695;4026212258707;;;;;
43399;20094696;4026212258714;;;;;
43400;20094697;4026212258721;;;;;
43401;20094698;4026212258738;;;;;
43402;20094626;4026212258745;;;;;
43403;20094627;4026212258752;;;;;
43404;20094699;4026212258769;;;;;
43405;20094700;4026212258776;;;;;
43406;20094701;4026212258783;;;;;
43407;20094628;4026212258790;;;;;
43408;20094702;4026212258806;;;;;
43409;20094629;4026212258813;;;;;
43410;20094768;4026212259070;;;;;
43411;20094788;4026212259117;;;;;
43412;20094789;4026212259124;;;;;
43413;20094790;4026212259131;;;;;
43414;20094772;4026212259148;;;;;
43415;20094791;4026212259155;;;;;
43416;20094792;4026212259162;;;;;
43417;20094793;4026212259179;;;;;
43418;20094773;4026212259223;;;;;
43419;20094800;4026212259278;;;;;
43420;20094801;4026212259285;;;;;
43421;20094810;4026212259353;;;;;
43428;20094869;4026212259650;META CLIP S3 | Fachbodenregal | Grundregal | 2000 x 1000 x 300 mm | Fachlast 150 kg | 3+1 Ebenen | verzinkt;;;;
43429;20094870;4026212259667;META CLIP S3 | Fachbodenregal | Anbauregal | 2000 x 1000 x 300 mm | Fachlast 150 kg | 3+1 Ebenen | verzinkt;;;;
43430;20094871;4026212259674;META CLIP S3 | Fachbodenregal | Grundregal | 2000 x 1000 x 400 mm | Fachlast 150 kg | 3+1 Ebenen | verzinkt;;;;
43431;20094872;4026212259681;META CLIP S3 | Fachbodenregal | Anbauregal | 2000 x 1000 x 400 mm | Fachlast 150 kg | 3+1 Ebenen | verzinkt;;;;
43432;20094873;4026212259698;META CLIP S3 | Fachbodenregal | Grundregal | 2000 x 1000 x 500 mm | Fachlast 150 kg | 3+1 Ebenen | verzinkt;;;;
43433;20094874;4026212259704;META CLIP S3 | Fachbodenregal | Anbauregal | 2000 x 1000 x 500 mm | Fachlast 150 kg | 3+1 Ebenen | verzinkt;;;;
43434;20094875;4026212259711;META CLIP S3 | Fachbodenregal | Grundregal | 2000 x 1000 x 600 mm | Fachlast 150 kg | 3+1 Ebenen | verzinkt;;;;
43435;20094876;4026212259728;META CLIP S3 | Fachbodenregal | Anbauregal | 2000 x 1000 x 600 mm | Fachlast 150 kg | 3+1 Ebenen | verzinkt;;;;
43436;20094877;4026212259735;META CLIP S3 | Fachbodenregal | Grundregal | 2000 x 1000 x 300 mm | Fachlast 150 kg | 3+1 Ebenen | RAL 7035;;;;
43437;20094878;4026212259742;META CLIP S3 | Fachbodenregal | Anbauregal | 2000 x 1000 x 300 mm | Fachlast 150 kg | 3+1 Ebenen | RAL 7035;;;;
43438;20094879;4026212259766;META CLIP S3 | Fachbodenregal | Grundregal | 2000 x 1000 x 400 mm | Fachlast 150 kg | 3+1 Ebenen | RAL 7035;;;;
43439;20094880;4026212259773;META CLIP S3 | Fachbodenregal | Anbauregal | 2000 x 1000 x 400 mm | Fachlast 150 kg | 3+1 Ebenen | RAL 7035;;;;
43440;20094881;4026212259780;META CLIP S3 | Fachbodenregal | Grundregal | 2000 x 1000 x 500 mm | Fachlast 150 kg | 3+1 Ebenen | RAL 7035;;;;
43441;20094882;4026212259797;META CLIP S3 | Fachbodenregal | Anbauregal | 2000 x 1000 x 500 mm | Fachlast 150 kg | 3+1 Ebenen | RAL 7035;;;;
43442;20094884;4026212259803;META CLIP S3 | Fachbodenregal | Anbauregal | 2000 x 1000 x 600 mm | Fachlast 150 kg | 3+1 Ebenen | RAL 7035;;;;
43443;20094883;4026212259810;META CLIP S3 | Fachbodenregal | Grundregal | 2000 x 1000 x 600 mm | Fachlast 150 kg | 3+1 Ebenen | RAL 7035;;;;
43444;20094952;4026212259957;META CLIP SET | Fachbodenregal | Grundregal | 2000 x 1000 x 400 mm | Fachlast 150 kg | 3+1 Ebenen | verzinkt;;;;
43445;20094953;4026212259964;META CLIP SET | Fachbodenregal | Anbauregal | 2000 x 1000 x 400 mm | Fachlast 150 kg | 3+1 Ebenen | verzinkt;;;;
43446;20094954;4026212259971;META CLIP SET | Fachbodenregal | Grundregal | 2000 x 1000 x 500 mm | Fachlast 150 kg | 3+1 Ebenen | verzinkt;;;;
43447;20094955;4026212259988;META CLIP SET | Fachbodenregal | Anbauregal | 2000 x 1000 x 500 mm | Fachlast 150 kg | 3+1 Ebenen | verzinkt;;;;
43448;20094956;4026212259995;META CLIP SET | Fachbodenregal | Grundregal | 2000 x 1000 x 600 mm | Fachlast 150 kg | 3+1 Ebenen | verzinkt;;;;
43449;20094957;4026212260007;META CLIP SET | Fachbodenregal | Anbauregal | 2000 x 1000 x 600 mm | Fachlast 150 kg | 3+1 Ebenen | verzinkt;;;;
43451;20082569;4026212260090;META CLIP | Fachbodenregal | Anbauregal | 2500 x 1000 x 600 mm | Fachlast 230 kg | 3+1 Ebenen | verzinkt;;;;
43452;20082578;4026212260106;META CLIP | Fachbodenregal | Grundregal | 2000 x 1000 x 500 mm | Fachlast 230 kg | 3+1 Ebenen | RAL 7035;;;;
43453;20082579;4026212260113;META CLIP | Fachbodenregal | Anbauregal | 2000 x 1000 x 500 mm | Fachlast 230 kg | 3+1 Ebenen | RAL 7035;;;;
43458;20095017;4026212260199;META CLIP S3 | Fachbodenregal | Grundregal | 2000 x 1000 x 300 mm | Fachlast 150 kg | 4+1 Ebenen | verzinkt;;;;
43459;20095018;4026212260205;META CLIP S3 | Fachbodenregal | Anbauregal | 2000 x 1000 x 300 mm | Fachlast 150 kg | 4+1 Ebenen | verzinkt;;;;
43460;20095019;4026212260212;META CLIP S3 | Fachbodenregal | Grundregal | 2000 x 1000 x 400 mm | Fachlast 150 kg | 4+1 Ebenen | verzinkt;;;;
43461;20095020;4026212260229;META CLIP S3 | Fachbodenregal | Anbauregal | 2000 x 1000 x 400 mm | Fachlast 150 kg | 4+1 Ebenen | verzinkt;;;;
43462;20095021;4026212260236;META CLIP S3 | Fachbodenregal | Grundregal | 2000 x 1000 x 500 mm | Fachlast 150 kg | 4+1 Ebenen | verzinkt;;;;
43463;20095022;4026212260243;META CLIP S3 | Fachbodenregal | Anbauregal | 2000 x 1000 x 500 mm | Fachlast 150 kg | 4+1 Ebenen | verzinkt;;;;
43464;20095023;4026212260250;META CLIP S3 | Fachbodenregal | Grundregal | 2000 x 1000 x 600 mm | Fachlast 150 kg | 4+1 Ebenen | verzinkt;;;;
43465;20095024;4026212260267;META CLIP S3 | Fachbodenregal | Anbauregal | 2000 x 1000 x 600 mm | Fachlast 150 kg | 4+1 Ebenen | verzinkt;;;;
43466;20095026;4026212260274;META CLIP S3 | Fachbodenregal | Grundregal | 2500 x 1000 x 300 mm | Fachlast 150 kg | 5+1 Ebenen | verzinkt;;;;
43467;20095027;4026212260281;META CLIP S3 | Fachbodenregal | Anbauregal | 2500 x 1000 x 300 mm | Fachlast 150 kg | 5+1 Ebenen | verzinkt;;;;
43468;20095028;4026212260298;META CLIP S3 | Fachbodenregal | Grundregal | 2500 x 1000 x 400 mm | Fachlast 150 kg | 5+1 Ebenen | verzinkt;;;;
43469;20095029;4026212260304;META CLIP S3 | Fachbodenregal | Anbauregal | 2500 x 1000 x 400 mm | Fachlast 150 kg | 5+1 Ebenen | verzinkt;;;;
43470;20095030;4026212260311;META CLIP S3 | Fachbodenregal | Grundregal | 2500 x 1000 x 500 mm | Fachlast 150 kg | 5+1 Ebenen | verzinkt;;;;
43471;20095031;4026212260328;META CLIP S3 | Fachbodenregal | Anbauregal | 2500 x 1000 x 500 mm | Fachlast 150 kg | 5+1 Ebenen | verzinkt;;;;
43472;20095032;4026212260335;META CLIP S3 | Fachbodenregal | Grundregal | 2500 x 1000 x 600 mm | Fachlast 150 kg | 5+1 Ebenen | verzinkt;;;;
43473;20095033;4026212260342;META CLIP S3 | Fachbodenregal | Anbauregal | 2500 x 1000 x 600 mm | Fachlast 150 kg | 5+1 Ebenen | verzinkt;;;;
43474;20095047;4026212260366;META CLIP | Fachbodenregal | Grundregal | 2000 x 1000 x 300 mm | Fachlast 150 kg | 4+1 Ebenen | RAL 7035;;;;
43475;20095048;4026212260373;META CLIP | Fachbodenregal | Anbauregal | 2000 x 1000 x 300 mm | Fachlast 150 kg | 4+1 Ebenen | RAL 7035;;;;
43476;20095050;4026212260380;META CLIP | Fachbodenregal | Anbauregal | 2000 x 1000 x 400 mm | Fachlast 150 kg | 4+1 Ebenen | RAL 7035;;;;
43477;20095049;4026212260397;META CLIP | Fachbodenregal | Grundregal | 2000 x 1000 x 400 mm | Fachlast 150 kg | 4+1 Ebenen | RAL 7035;;;;
43478;20095051;4026212260403;META CLIP | Fachbodenregal | Grundregal | 2000 x 1000 x 500 mm | Fachlast 150 kg | 4+1 Ebenen | RAL 7035;;;;
43479;20095052;4026212260410;META CLIP | Fachbodenregal | Anbauregal | 2000 x 1000 x 500 mm | Fachlast 150 kg | 4+1 Ebenen | RAL 7035;;;;
43480;20095053;4026212260427;META CLIP | Fachbodenregal | Grundregal | 2000 x 1000 x 600 mm | Fachlast 150 kg | 4+1 Ebenen | RAL 7035;;;;
43481;20095054;4026212260434;META CLIP | Fachbodenregal | Anbauregal | 2000 x 1000 x 600 mm | Fachlast 150 kg | 4+1 Ebenen | RAL 7035;;;;
43482;20095055;4026212260441;META CLIP | Fachbodenregal | Grundregal | 2500 x 1000 x 300 mm | Fachlast 150 kg | 5+1 Ebenen | RAL 7035;;;;
43483;20095056;4026212260458;META CLIP | Fachbodenregal | Anbauregal | 2500 x 1000 x 300 mm | Fachlast 150 kg | 5+1 Ebenen | RAL 7035;;;;
43484;20095057;4026212260465;META CLIP | Fachbodenregal | Grundregal | 2500 x 1000 x 400 mm | Fachlast 150 kg | 5+1 Ebenen | RAL 7035;;;;
43485;20095058;4026212260472;META CLIP | Fachbodenregal | Anbauregal | 2500 x 1000 x 400 mm | Fachlast 150 kg | 5+1 Ebenen | RAL 7035;;;;
43486;20095059;4026212260489;META CLIP | Fachbodenregal | Grundregal | 2500 x 1000 x 500 mm | Fachlast 150 kg | 5+1 Ebenen | RAL 7035;;;;
43487;20095060;4026212260496;META CLIP | Fachbodenregal | Anbauregal | 2500 x 1000 x 500 mm | Fachlast 150 kg | 5+1 Ebenen | RAL 7035;;;;
43488;20095061;4026212260502;META CLIP | Fachbodenregal | Grundregal | 2500 x 1000 x 600 mm | Fachlast 150 kg | 5+1 Ebenen | RAL 7035;;;;
43489;20095062;4026212260519;META CLIP | Fachbodenregal | Anbauregal | 2500 x 1000 x 600 mm | Fachlast 150 kg | 5+1 Ebenen | RAL 7035;;;;
43598;20095323;4026212263695;;;;;
43599;20095324;4026212263701;;;;;
43603;20095578;4026212264845;META CLIP SET | Fachbodenregal | 3 Felder | 2000 x 3000 x 500 mm | Fachlast 150 kg | 3+1 Ebenen | verzinkt;;;;
43604;20095661;4026212265163;META CLIP S3 | Fachbodenregal | Anbauregal | 2000 x 1000 x 400 mm | Fachlast 80 kg | 4+1 Ebenen | RAL 7035;;;;
43605;20095660;4026212265170;META CLIP S3 | Fachbodenregal | Grundregal | 2000 x 1000 x 400 mm | Fachlast 80 kg | 4+1 Ebenen | RAL 7035;;;;
43606;20095663;4026212265187;META CLIP S3 | Fachbodenregal | Anbauregal | 2000 x 1000 x 500 mm | Fachlast 80 kg | 4+1 Ebenen | RAL 7035;;;;
43607;20095662;4026212265194;META CLIP S3 | Fachbodenregal | Grundregal | 2000 x 1000 x 500 mm | Fachlast 80 kg | 4+1 Ebenen | RAL 7035;;;;
43608;20095664;4026212265200;META CLIP S3 | Fachbodenregal | Grundregal | 2500 x 1000 x 400 mm | Fachlast 80 kg | 5+1 Ebenen | RAL 7035;;;;
43609;20095665;4026212265217;META CLIP S3 | Fachbodenregal | Anbauregal | 2500 x 1000 x 400 mm | Fachlast 80 kg | 5+1 Ebenen | RAL 7035;;;;
43610;20095666;4026212265224;META CLIP S3 | Fachbodenregal | Grundregal | 2500 x 1000 x 500 mm | Fachlast 80 kg | 5+1 Ebenen | RAL 7035;;;;
43611;20095667;4026212265231;META CLIP S3 | Fachbodenregal | Anbauregal | 2500 x 1000 x 500 mm | Fachlast 80 kg | 5+1 Ebenen | RAL 7035;;;;
43615;20095676;4026212265316;META CLIP S3 | Fachbodenregal | Grundregal | 2000 x 1250 x 400 mm | Fachlast 80 kg | 4+1 Ebenen | RAL 7035;;;;
43616;20095677;4026212265323;META CLIP S3 | Fachbodenregal | Anbauregal | 2000 x 1250 x 400 mm | Fachlast 80 kg | 4+1 Ebenen | RAL 7035;;;;
43617;20095678;4026212265330;META CLIP S3 | Fachbodenregal | Grundregal | 2000 x 1250 x 500 mm | Fachlast 80 kg | 4+1 Ebenen | RAL 7035;;;;
43618;20095679;4026212265347;META CLIP S3 | Fachbodenregal | Anbauregal | 2000 x 1250 x 500 mm | Fachlast 80 kg | 4+1 Ebenen | RAL 7035;;;;
43619;20095680;4026212265354;META CLIP S3 | Fachbodenregal | Grundregal | 2500 x 1250 x 400 mm | Fachlast 80 kg | 5+1 Ebenen | RAL 7035;;;;
43620;20095681;4026212265361;META CLIP S3 | Fachbodenregal | Anbauregal | 2500 x 1250 x 400 mm | Fachlast 80 kg | 5+1 Ebenen | RAL 7035;;;;
43621;20095682;4026212265378;META CLIP S3 | Fachbodenregal | Grundregal | 2500 x 1250 x 500 mm | Fachlast 80 kg | 5+1 Ebenen | RAL 7035;;;;
43622;20095683;4026212265385;META CLIP S3 | Fachbodenregal | Anbauregal | 2500 x 1250 x 500 mm | Fachlast 80 kg | 5+1 Ebenen | RAL 7035;;;;
43623;20095763;4026212265729;;;;;
43624;20095765;4026212265767;;;;;
43625;20095766;4026212265774;;;;;
43626;20095842;4026212266177;MULTIPAL U-Rammschutz 400 mm hoch RAL 9004/RAL 1003;;;;
43651;20095892;4026212266535;META CLIP S3 | Schrägbodenregal | Grundregal | 2000 x 1000 x 500 mm | Fachlast 230 kg | 7+1 Ebenen | verzinkt;;;;
43653;20095893;4026212266559;META CLIP S3 | Schrägbodenregal | Anbauregal | 2000 x 1000 x 500 mm | Fachlast 230 kg | 7+1 Ebenen | verzinkt;;;;
43654;20095894;4026212266566;META CLIP S3 | Schrägbodenregal | Grundregal | 2000 x 1000 x 800 mm | Fachlast 230 kg | 7+1 Ebenen | verzinkt;;;;
43655;20095895;4026212266573;META CLIP S3 | Schrägbodenregal | Anbauregal | 2000 x 1000 x 800 mm | Fachlast 230 kg | 7+1 Ebenen | verzinkt;;;;
43658;20095902;4026212266610;META CLIP S3 | Reifenregal | Grundregal | 2000 x 1000 x 400 mm | Fachlast 150 kg | 3 Ebenen | verzinkt;;;;
43659;20095903;4026212266627;META CLIP S3 | Reifenregal | Anbauregal | 2000 x 1000 x 400 mm | Fachlast 150 kg | 3 Ebenen | verzinkt;;;;
43660;20095904;4026212266634;META CLIP S3 | Felgenregal | Grundregal | 2000 x 1000 x 300 mm | Fachlast 150 kg | 4 Ebenen | verzinkt;;;;
43661;20095905;4026212266641;META CLIP S3 | Felgenregal | Anbauregal | 2000 x 1000 x 300 mm | Fachlast 150 kg | 4 Ebenen | verzinkt;;;;
43662;20095957;4026212266917;;;;;
43663;20095958;4026212266924;;;;;
43664;20096013;4026212267013;META COMPACT | Büro-Steckregal | Grundregal | 2000 x 750 x 300 mm | Fachlast 80 kg | 5 Ebenen | Endanschlag | verzinkt;;;;
43665;20096014;4026212267020;META COMPACT | Büro-Steckregal | Anbauregal | 2000 x 750 x 300 mm | Fachlast 80 kg | 5 Ebenen | Endanschlag | verzinkt;;;;
43666;20096015;4026212267037;META COMPACT | Büro-Steckregal | Grundregal | 2500 x 750 x 300 mm | Fachlast 80 kg | 7 Ebenen | Endanschlag | verzinkt;;;;
43667;20096016;4026212267044;META COMPACT | Büro-Steckregal | Anbauregal | 2500 x 750 x 300 mm | Fachlast 80 kg | 7 Ebenen | Endanschlag | verzinkt;;;;
43668;20096017;4026212267051;META COMPACT | Büro-Steckregal | Grundregal | 2000 x 1000 x 300 mm | Fachlast 80 kg | 5 Ebenen | Endanschlag | verzinkt;;;;
43669;20096018;4026212267068;META COMPACT | Büro-Steckregal | Anbauregal | 2000 x 1000 x 300 mm | Fachlast 80 kg | 5 Ebenen | Endanschlag | verzinkt;;;;
43670;20096019;4026212267075;META COMPACT | Büro-Steckregal | Grundregal | 2500 x 1000 x 300 mm | Fachlast 80 kg | 7 Ebenen | Endanschlag | verzinkt;;;;
43671;20096020;4026212267082;META COMPACT | Büro-Steckregal | Anbauregal | 2500 x 1000 x 300 mm | Fachlast 80 kg | 7 Ebenen | Endanschlag | verzinkt;;;;
43672;20096021;4026212267099;META COMPACT | Büro-Steckregal | Grundregal | 2000 x 750 x 300 mm | Fachlast 80 kg | 5 Ebenen | Endanschlag | RAL 7035;;;;
43673;20096022;4026212267105;META COMPACT | Büro-Steckregal | Anbauregal | 2000 x 750 x 300 mm | Fachlast 80 kg | 5 Ebenen | Endanschlag | RAL 7035;;;;
43674;20096023;4026212267112;META COMPACT | Büro-Steckregal | Grundregal | 2500 x 750 x 300 mm | Fachlast 80 kg | 7 Ebenen | Endanschlag | RAL 7035;;;;
43675;20096024;4026212267129;META COMPACT | Büro-Steckregal | Anbauregal | 2500 x 750 x 300 mm | Fachlast 80 kg | 7 Ebenen | Endanschlag | RAL 7035;;;;
43676;20096025;4026212267136;META COMPACT | Büro-Steckregal | Grundregal | 2000 x 1000 x 300 mm | Fachlast 80 kg | 5 Ebenen | Endanschlag | RAL 7035;;;;
43677;20096026;4026212267143;META COMPACT | Büro-Steckregal | Anbauregal | 2000 x 1000 x 300 mm | Fachlast 80 kg | 5 Ebenen | Endanschlag | RAL 7035;;;;
43678;20096027;4026212267150;META COMPACT | Büro-Steckregal | Grundregal | 2500 x 1000 x 300 mm | Fachlast 80 kg | 7 Ebenen | Endanschlag | RAL 7035;;;;
43679;20096028;4026212267167;META COMPACT | Büro-Steckregal | Anbauregal | 2500 x 1000 x 300 mm | Fachlast 80 kg | 7 Ebenen | Endanschlag | RAL 7035;;;;
43680;20096087;4026212267334;;;;;
43681;20096148;4026212267464;;;;;
43682;20096149;4026212267471;;;;;
43683;20096155;4026212267518;META CLIP S3 | Schrägbodenregal | Doppel-Grundregal | 2000 x 1000 x 500 mm | Fachlast 230 kg | 7+1 Ebenen | verzinkt;;;;
43684;20096156;4026212267525;META CLIP S3 | Schrägbodenregal | Doppel-Anbauregal | 2000 x 1000 x 500 mm | Fachlast 230 kg | 7+1 Ebenen | verzinkt;;;;
43685;20096157;4026212267532;META CLIP S3 | Schrägbodenregal | Doppel-Grundregal | 2000 x 1000 x 800 mm | Fachlast 230 kg | 7+1 Ebenen | verzinkt;;;;
43686;20096158;4026212267549;META CLIP S3 | Schrägbodenregal | Doppel-Anbauregal | 2000 x 1000 x 800 mm | Fachlast 230 kg | 7+1 Ebenen | verzinkt;;;;
43687;20096170;4026212267570;META COMPACT | Büro-Steckregal | Grundregal | 1850 x 750 x 300 mm | Fachlast 80 kg | 4 Ebenen | Endanschlag | verzinkt;;;;
43688;20096171;4026212267587;META COMPACT | Büro-Steckregal | Anbauregal | 1850 x 750 x 300 mm | Fachlast 80 kg | 4 Ebenen | Endanschlag | verzinkt;;;;
43689;20096172;4026212267594;META COMPACT | Büro-Steckregal | Grundregal | 2200 x 750 x 300 mm | Fachlast 80 kg | 6 Ebenen | Endanschlag | verzinkt;;;;
43690;20096173;4026212267600;META COMPACT | Büro-Steckregal | Anbauregal | 2200 x 750 x 300 mm | Fachlast 80 kg | 6 Ebenen | Endanschlag | verzinkt;;;;
43691;20096174;4026212267617;META COMPACT | Büro-Steckregal | Grundregal | 1850 x 1000 x 300 mm | Fachlast 80 kg | 4 Ebenen | Endanschlag | verzinkt;;;;
43692;20096175;4026212267624;META COMPACT | Büro-Steckregal | Anbauregal | 1850 x 1000 x 300 mm | Fachlast 80 kg | 4 Ebenen | Endanschlag | verzinkt;;;;
43693;20096176;4026212267631;META COMPACT | Büro-Steckregal | Grundregal | 2200 x 1000 x 300 mm | Fachlast 80 kg | 6 Ebenen | Endanschlag | verzinkt;;;;
43694;20096177;4026212267648;META COMPACT | Büro-Steckregal | Anbauregal | 2200 x 1000 x 300 mm | Fachlast 80 kg | 6 Ebenen | Endanschlag | verzinkt;;;;
43695;20096178;4026212267655;META COMPACT | Büro-Steckregal | Grundregal | 1850 x 750 x 300 mm | Fachlast 80 kg | 4 Ebenen | Endanschlag | RAL 7035;;;;
43696;20096179;4026212267662;META COMPACT | Büro-Steckregal | Anbauregal | 1850 x 750 x 300 mm | Fachlast 80 kg | 4 Ebenen | Endanschlag | RAL 7035;;;;
43697;20096180;4026212267679;META COMPACT | Büro-Steckregal | Grundregal | 2200 x 750 x 300 mm | Fachlast 80 kg | 6 Ebenen | Endanschlag | RAL 7035;;;;
43698;20096181;4026212267686;META COMPACT | Büro-Steckregal | Anbauregal | 2200 x 750 x 300 mm | Fachlast 80 kg | 6 Ebenen | Endanschlag | RAL 7035;;;;
43699;20096182;4026212267693;META COMPACT | Büro-Steckregal | Grundregal | 1850 x 1000 x 300 mm | Fachlast 80 kg | 4 Ebenen | Endanschlag | RAL 7035;;;;
43700;20096183;4026212267709;META COMPACT | Büro-Steckregal | Anbauregal | 1850 x 1000 x 300 mm | Fachlast 80 kg | 4 Ebenen | Endanschlag | RAL 7035;;;;
43701;20096184;4026212267716;META COMPACT | Büro-Steckregal | Grundregal | 2200 x 1000 x 300 mm | Fachlast 80 kg | 6 Ebenen | Endanschlag | RAL 7035;;;;
43702;20096185;4026212267723;META COMPACT | Büro-Steckregal | Anbauregal | 2200 x 1000 x 300 mm | Fachlast 80 kg | 6 Ebenen | Endanschlag | RAL 7035;;;;
43703;20096430;4026212269291;;;;;
43704;20096641;4026212270242;META CLIP S3 | Reifenregal | Grundregal | 2000 x 1300 x 400 mm | Fachlast 150 kg | 3 Ebenen | verzinkt;;;;
43705;20096642;4026212270259;META CLIP S3 | Reifenregal | Anbauregal | 2000 x 1300 x 400 mm | Fachlast 150 kg | 3 Ebenen | verzinkt;;;;
43706;20096643;4026212270266;META CLIP S3 | Felgenregal | Grundregal | 2000 x 1300 x 300 mm | Fachlast 150 kg | 4 Ebenen | verzinkt;;;;
43707;20096644;4026212270273;META CLIP S3 | Felgenregal | Anbauregal | 2000 x 1300 x 300 mm | Fachlast 150 kg | 4 Ebenen | verzinkt;;;;
43708;20096869;4026212270839;META CLIP S3 | Schrägbodenregal | Grundregal | 2000 x 1000 x 500 mm | Fachlast 230 kg | 5+1 Ebenen | inkl. Fachteiler | verzinkt;;;;
43709;20096870;4026212270846;META CLIP S3 | Schrägbodenregal | Anbauregal | 2000 x 1000 x 500 mm | Fachlast 230 kg | 5+1 Ebenen | inkl. Fachteiler | verzinkt;;;;
43710;20082558;4026212271171;META CLIP | Fachbodenregal | Grundregal | 2000 x 1000 x 400 mm | Fachlast 230 kg | 3+1 Ebenen | verzinkt;;;;
43711;20082559;4026212271188;META CLIP | Fachbodenregal | Anbauregal | 2000 x 1000 x 400 mm | Fachlast 230 kg | 3+1 Ebenen | verzinkt;;;;
43712;20082560;4026212271195;META CLIP | Fachbodenregal | Grundregal | 2000 x 1000 x 500 mm | Fachlast 230 kg | 3+1 Ebenen | verzinkt;;;;
43713;20082561;4026212271249;META CLIP | Fachbodenregal | Anbauregal | 2000 x 1000 x 500 mm | Fachlast 230 kg | 3+1 Ebenen | verzinkt;;;;
43714;20082562;4026212271256;META CLIP | Fachbodenregal | Grundregal | 2000 x 1000 x 600 mm | Fachlast 230 kg | 3+1 Ebenen | verzinkt;;;;
43715;20082563;4026212271263;META CLIP | Fachbodenregal | Anbauregal | 2000 x 1000 x 600 mm | Fachlast 230 kg | 3+1 Ebenen | verzinkt;;;;
43716;20082564;4026212271270;META CLIP | Fachbodenregal | Grundregal | 2500 x 1000 x 400 mm | Fachlast 230 kg | 3+1 Ebenen | verzinkt;;;;
43717;20082565;4026212271287;META CLIP | Fachbodenregal | Anbauregal | 2500 x 1000 x 400 mm | Fachlast 230 kg | 3+1 Ebenen | verzinkt;;;;
43718;20082566;4026212271294;META CLIP | Fachbodenregal | Grundregal | 2500 x 1000 x 500 mm | Fachlast 230 kg | 3+1 Ebenen | verzinkt;;;;
43719;20082567;4026212271300;META CLIP | Fachbodenregal | Anbauregal | 2500 x 1000 x 500 mm | Fachlast 230 kg | 3+1 Ebenen | verzinkt;;;;
43720;20082568;4026212271317;META CLIP | Fachbodenregal | Grundregal | 2500 x 1000 x 600 mm | Fachlast 230 kg | 3+1 Ebenen | verzinkt;;;;
43721;20082570;4026212271324;META CLIP | Fachbodenregal | Grundregal | 3000 x 1000 x 400 mm | Fachlast 230 kg | 3+1 Ebenen | verzinkt;;;;
43722;20082571;4026212271331;META CLIP | Fachbodenregal | Anbauregal | 3000 x 1000 x 400 mm | Fachlast 230 kg | 3+1 Ebenen | verzinkt;;;;
43723;20082572;4026212271348;META CLIP | Fachbodenregal | Grundregal | 3000 x 1000 x 500 mm | Fachlast 230 kg | 3+1 Ebenen | verzinkt;;;;
43724;20082573;4026212271355;META CLIP | Fachbodenregal | Anbauregal | 3000 x 1000 x 500 mm | Fachlast 230 kg | 3+1 Ebenen | verzinkt;;;;
43725;20082574;4026212271362;META CLIP | Fachbodenregal | Grundregal | 3000 x 1000 x 600 mm | Fachlast 230 kg | 3+1 Ebenen | verzinkt;;;;
43726;20082575;4026212271379;META CLIP | Fachbodenregal | Anbauregal | 3000 x 1000 x 600 mm | Fachlast 230 kg | 3+1 Ebenen | verzinkt;;;;
43727;20082576;4026212271386;META CLIP | Fachbodenregal | Grundregal | 2000 x 1000 x 400 mm | Fachlast 230 kg | 3+1 Ebenen | RAL 7035;;;;
43728;20082577;4026212271393;META CLIP | Fachbodenregal | Anbauregal | 2000 x 1000 x 400 mm | Fachlast 230 kg | 3+1 Ebenen | RAL 7035;;;;
43729;20082580;4026212271409;META CLIP | Fachbodenregal | Grundregal | 2000 x 1000 x 600 mm | Fachlast 230 kg | 3+1 Ebenen | RAL 7035;;;;
43730;20082581;4026212271416;META CLIP | Fachbodenregal | Anbauregal | 2000 x 1000 x 600 mm | Fachlast 230 kg | 3+1 Ebenen | RAL 7035;;;;
43731;20082582;4026212271423;META CLIP | Fachbodenregal | Grundregal | 2500 x 1000 x 400 mm | Fachlast 230 kg | 3+1 Ebenen | RAL 7035;;;;
43732;20082583;4026212271447;META CLIP | Fachbodenregal | Anbauregal | 2500 x 1000 x 400 mm | Fachlast 230 kg | 3+1 Ebenen | RAL 7035;;;;
43733;20082584;4026212271454;META CLIP | Fachbodenregal | Grundregal | 2500 x 1000 x 500 mm | Fachlast 230 kg | 3+1 Ebenen | RAL 7035;;;;
43734;20082585;4026212271461;META CLIP | Fachbodenregal | Anbauregal | 2500 x 1000 x 500 mm | Fachlast 230 kg | 3+1 Ebenen | RAL 7035;;;;
43735;20082586;4026212271478;META CLIP | Fachbodenregal | Grundregal | 2500 x 1000 x 600 mm | Fachlast 230 kg | 3+1 Ebenen | RAL 7035;;;;
43736;20082587;4026212271485;META CLIP | Fachbodenregal | Anbauregal | 2500 x 1000 x 600 mm | Fachlast 230 kg | 3+1 Ebenen | RAL 7035;;;;
43737;20082588;4026212271492;META CLIP | Fachbodenregal | Grundregal | 3000 x 1000 x 400 mm | Fachlast 230 kg | 3+1 Ebenen | RAL 7035;;;;
43738;20082589;4026212271508;META CLIP | Fachbodenregal | Anbauregal | 3000 x 1000 x 400 mm | Fachlast 230 kg | 3+1 Ebenen | RAL 7035;;;;
43739;20082590;4026212271515;META CLIP | Fachbodenregal | Grundregal | 3000 x 1000 x 500 mm | Fachlast 230 kg | 3+1 Ebenen | RAL 7035;;;;
43740;20082591;4026212271522;META CLIP | Fachbodenregal | Anbauregal | 3000 x 1000 x 500 mm | Fachlast 230 kg | 3+1 Ebenen | RAL 7035;;;;
43741;20082592;4026212271539;META CLIP | Fachbodenregal | Grundregal | 3000 x 1000 x 600 mm | Fachlast 230 kg | 3+1 Ebenen | RAL 7035;;;;
43742;20082593;4026212271546;META CLIP | Fachbodenregal | Anbauregal | 3000 x 1000 x 600 mm | Fachlast 230 kg | 3+1 Ebenen | RAL 7035;;;;
43743;20097039;4026212271799;META CLIP S3 | Fachbodenregal | Grundregal | 2000 x 1000 x 300 mm | Fachlast 150 kg | 4+1 Ebenen | RAL 7035;;;;
43744;20097040;4026212271805;META CLIP S3 | Fachbodenregal | Anbauregal | 2000 x 1000 x 300 mm | Fachlast 150 kg | 4+1 Ebenen | RAL 7035;;;;
43745;20097041;4026212271812;META CLIP S3 | Fachbodenregal | Grundregal | 2000 x 1000 x 400 mm | Fachlast 150 kg | 4+1 Ebenen | RAL 7035;;;;
43746;20097042;4026212271829;META CLIP S3 | Fachbodenregal | Anbauregal | 2000 x 1000 x 400 mm | Fachlast 150 kg | 4+1 Ebenen | RAL 7035;;;;
43747;20097043;4026212271836;META CLIP S3 | Fachbodenregal | Grundregal | 2000 x 1000 x 500 mm | Fachlast 150 kg | 4+1 Ebenen | RAL 7035;;;;
43748;20097044;4026212271843;META CLIP S3 | Fachbodenregal | Anbauregal | 2000 x 1000 x 500 mm | Fachlast 150 kg | 4+1 Ebenen | RAL 7035;;;;
43749;20097045;4026212271850;META CLIP S3 | Fachbodenregal | Grundregal | 2000 x 1000 x 600 mm | Fachlast 150 kg | 4+1 Ebenen | RAL 7035;;;;
43750;20097046;4026212271867;META CLIP S3 | Fachbodenregal | Anbauregal | 2000 x 1000 x 600 mm | Fachlast 150 kg | 4+1 Ebenen | RAL 7035;;;;
43751;20097047;4026212271874;META CLIP S3 | Fachbodenregal | Grundregal | 2500 x 1000 x 300 mm | Fachlast 150 kg | 5+1 Ebenen | RAL 7035;;;;
43752;20097048;4026212271881;META CLIP S3 | Fachbodenregal | Anbauregal | 2500 x 1000 x 300 mm | Fachlast 150 kg | 5+1 Ebenen | RAL 7035;;;;
43753;20097049;4026212271898;META CLIP S3 | Fachbodenregal | Grundregal | 2500 x 1000 x 400 mm | Fachlast 150 kg | 5+1 Ebenen | RAL 7035;;;;
43754;20097050;4026212271904;META CLIP S3 | Fachbodenregal | Anbauregal | 2500 x 1000 x 400 mm | Fachlast 150 kg | 5+1 Ebenen | RAL 7035;;;;
43755;20097051;4026212271911;META CLIP S3 | Fachbodenregal | Grundregal | 2500 x 1000 x 500 mm | Fachlast 150 kg | 5+1 Ebenen | RAL 7035;;;;
43756;20097052;4026212271928;META CLIP S3 | Fachbodenregal | Anbauregal | 2500 x 1000 x 500 mm | Fachlast 150 kg | 5+1 Ebenen | RAL 7035;;;;
43757;20097053;4026212271935;META CLIP S3 | Fachbodenregal | Grundregal | 2500 x 1000 x 600 mm | Fachlast 150 kg | 5+1 Ebenen | RAL 7035;;;;
43758;20097054;4026212271942;META CLIP S3 | Fachbodenregal | Anbauregal | 2500 x 1000 x 600 mm | Fachlast 150 kg | 5+1 Ebenen | RAL 7035;;;;
43759;20097096;4026212272109;;;;;
43760;20097097;4026212272116;;;;;
43761;20097098;4026212272123;META FIX SET | Fachbodenregal | 3 Felder | 2000 x 3000 x 500 mm | Fachlast 150 kg | 4 Ebenen | verzinkt;;;;
43762;20082667;4026212272130;;;;;
43763;20082668;4026212272147;;;;;
43764;20097106;4026212272161;META SPEED-RACK | Packtisch | 970 x 2000 x 800 mm | 2 Ebenen | verzinkt;;;;
43765;20097107;4026212272178;META SPEED-RACK | Packtisch | 970 x 2500 x 800 mm | 2 Ebenen | verzinkt;;;;
43766;20097108;4026212272185;META SPEED-RACK | Packtisch | 1970 x 2000 x 800 mm | 4 Ebenen | verzinkt;;;;
43767;20097109;4026212272192;META SPEED-RACK | Packtisch | 1970 x 2500 x 800 mm | 4 Ebenen | verzinkt;;;;
43768;20097124;4026212272222;;;;;
43769;20097125;4026212272239;;;;;
43770;20097127;4026212272246;;;;;
43771;20097128;4026212272253;;;;;
43772;20097129;4026212272277;;;;;
43773;20097130;4026212272284;;;;;
43774;20097131;4026212272291;;;;;
43775;20097132;4026212272307;;;;;
43776;20097147;4026212272314;;;;;
43777;20097148;4026212272321;;;;;
43778;20097149;4026212272338;;;;;
43779;20097150;4026212272345;;;;;
43780;20097168;4026212272352;;;;;
43781;20097169;4026212272369;;;;;
43782;20097170;4026212272376;;;;;
43783;20097171;4026212272383;;;;;
43784;20097172;4026212272390;;;;;
43785;20097173;4026212272406;;;;;
43786;20097174;4026212272413;;;;;
43787;20097175;4026212272420;;;;;
43788;20097160;4026212272444;;;;;
43789;20097161;4026212272451;;;;;
43790;20097181;4026212272499;META FIX | Fachbodenregal | Grundregal | 2000 x 1000 x 400 mm | Fachlast 150 kg | 5 Ebenen | verzinkt;;;;
43791;20097182;4026212272505;META FIX | Fachbodenregal | Anbauregal | 2000 x 1000 x 400 mm | Fachlast 150 kg | 5 Ebenen | verzinkt;;;;
43792;20097183;4026212272512;META FIX | Fachbodenregal | Grundregal | 2000 x 1000 x 500 mm | Fachlast 150 kg | 5 Ebenen | verzinkt;;;;
43793;20097184;4026212272529;META FIX | Fachbodenregal | Anbauregal | 2000 x 1000 x 500 mm | Fachlast 150 kg | 5 Ebenen | verzinkt;;;;
43794;20097185;4026212272536;META FIX | Fachbodenregal | Grundregal | 2000 x 1000 x 600 mm | Fachlast 150 kg | 5 Ebenen | verzinkt;;;;
43795;20097186;4026212272543;META FIX | Fachbodenregal | Anbauregal | 2000 x 1000 x 600 mm | Fachlast 150 kg | 5 Ebenen | verzinkt;;;;
43796;20097187;4026212272550;META FIX | Fachbodenregal | Grundregal | 2500 x 1000 x 400 mm | Fachlast 150 kg | 6 Ebenen | verzinkt;;;;
43797;20097188;4026212272567;META FIX | Fachbodenregal | Anbauregal | 2500 x 1000 x 400 mm | Fachlast 150 kg | 6 Ebenen | verzinkt;;;;
43798;20097189;4026212272574;META FIX | Fachbodenregal | Grundregal | 2500 x 1000 x 500 mm | Fachlast 150 kg | 6 Ebenen | verzinkt;;;;
43799;20097190;4026212272581;META FIX | Fachbodenregal | Anbauregal | 2500 x 1000 x 500 mm | Fachlast 150 kg | 6 Ebenen | verzinkt;;;;
43800;20097191;4026212272598;META FIX | Fachbodenregal | Grundregal | 2500 x 1000 x 600 mm | Fachlast 150 kg | 6 Ebenen | verzinkt;;;;
43801;20097192;4026212272604;META FIX | Fachbodenregal | Anbauregal | 2500 x 1000 x 600 mm | Fachlast 150 kg | 6 Ebenen | verzinkt;;;;
43802;20097193;4026212272628;META FIX | Fachbodenregal | Grundregal | 3000 x 1000 x 400 mm | Fachlast 150 kg | 7 Ebenen | verzinkt;;;;
43803;20097194;4026212272635;META FIX | Fachbodenregal | Anbauregal | 3000 x 1000 x 400 mm | Fachlast 150 kg | 7 Ebenen | verzinkt;;;;
43804;20097195;4026212272642;META FIX | Fachbodenregal | Grundregal | 3000 x 1000 x 500 mm | Fachlast 150 kg | 7 Ebenen | verzinkt;;;;
43805;20097196;4026212272659;META FIX | Fachbodenregal | Anbauregal | 3000 x 1000 x 500 mm | Fachlast 150 kg | 7 Ebenen | verzinkt;;;;
43806;20097198;4026212272666;META FIX | Fachbodenregal | Anbauregal | 3000 x 1000 x 600 mm | Fachlast 150 kg | 7 Ebenen | verzinkt;;;;
43807;20097197;4026212272673;META FIX | Fachbodenregal | Grundregal | 3000 x 1000 x 600 mm | Fachlast 150 kg | 7 Ebenen | verzinkt;;;;
43808;20097199;4026212272680;META FIX | Fachbodenregal | Grundregal | 2000 x 1000 x 400 mm | Fachlast 150 kg | 5 Ebenen | RAL 7035;;;;
43809;20097200;4026212272697;META FIX | Fachbodenregal | Anbauregal | 2000 x 1000 x 400 mm | Fachlast 150 kg | 5 Ebenen | RAL 7035;;;;
43810;20097167;4026212272703;;;;;
43811;20097166;4026212272710;;;;;
43812;20097202;4026212272727;META FIX | Fachbodenregal | Anbauregal | 2000 x 1000 x 500 mm | Fachlast 150 kg | 5 Ebenen | RAL 7035;;;;
43813;20097201;4026212272734;META FIX | Fachbodenregal | Grundregal | 2000 x 1000 x 500 mm | Fachlast 150 kg | 5 Ebenen | RAL 7035;;;;
43814;20097203;4026212272741;META FIX | Fachbodenregal | Grundregal | 2000 x 1000 x 600 mm | Fachlast 150 kg | 5 Ebenen | RAL 7035;;;;
43815;20097204;4026212272758;META FIX | Fachbodenregal | Anbauregal | 2000 x 1000 x 600 mm | Fachlast 150 kg | 5 Ebenen | RAL 7035;;;;
43816;20097205;4026212272765;META FIX | Fachbodenregal | Grundregal | 2500 x 1000 x 400 mm | Fachlast 150 kg | 6 Ebenen | RAL 7035;;;;
43817;20097206;4026212272772;META FIX | Fachbodenregal | Anbauregal | 2500 x 1000 x 400 mm | Fachlast 150 kg | 6 Ebenen | RAL 7035;;;;
43818;20097207;4026212272789;META FIX | Fachbodenregal | Grundregal | 2500 x 1000 x 500 mm | Fachlast 150 kg | 6 Ebenen | RAL 7035;;;;
43819;20097208;4026212272796;META FIX | Fachbodenregal | Anbauregal | 2500 x 1000 x 500 mm | Fachlast 150 kg | 6 Ebenen | RAL 7035;;;;
43820;20097209;4026212272802;META FIX | Fachbodenregal | Grundregal | 2500 x 1000 x 600 mm | Fachlast 150 kg | 6 Ebenen | RAL 7035;;;;
43821;20097210;4026212272819;META FIX | Fachbodenregal | Anbauregal | 2500 x 1000 x 600 mm | Fachlast 150 kg | 6 Ebenen | RAL 7035;;;;
43822;20097211;4026212272826;META FIX | Fachbodenregal | Grundregal | 3000 x 1000 x 400 mm | Fachlast 150 kg | 7 Ebenen | RAL 7035;;;;
43823;20097212;4026212272833;META FIX | Fachbodenregal | Anbauregal | 3000 x 1000 x 400 mm | Fachlast 150 kg | 7 Ebenen | RAL 7035;;;;
43824;20097213;4026212272840;META FIX | Fachbodenregal | Grundregal | 3000 x 1000 x 500 mm | Fachlast 150 kg | 7 Ebenen | RAL 7035;;;;
43825;20097214;4026212272857;META FIX | Fachbodenregal | Anbauregal | 3000 x 1000 x 500 mm | Fachlast 150 kg | 7 Ebenen | RAL 7035;;;;
43826;20097215;4026212272864;META FIX | Fachbodenregal | Grundregal | 3000 x 1000 x 600 mm | Fachlast 150 kg | 7 Ebenen | RAL 7035;;;;
43827;20097216;4026212272871;META FIX | Fachbodenregal | Anbauregal | 3000 x 1000 x 600 mm | Fachlast 150 kg | 7 Ebenen | RAL 7035;;;;
43828;20097217;4026212272888;;;;;
43829;20097218;4026212272895;;;;;
43830;20097219;4026212272901;;;;;
43831;20097220;4026212272918;;;;;
43832;20097221;4026212272925;;;;;
43833;20097222;4026212272932;;;;;
43834;20097229;4026212272956;META MULTIPAL | Kabeltrommelregal | Grundregal | 3300 x 900 x 1100 mm | Feldlast 4000 kg | 2 Ebenen | Typ 2 | RAL 5010;;;;
43835;20097230;4026212272963;META MULTIPAL | Kabeltrommelregal | Anbauregal | 3300 x 900 x 1100 mm | Feldlast 4000 kg | 2 Ebenen | Typ 2 | RAL 5010;;;;
43836;20097231;4026212272970;META MULTIPAL | Kabeltrommelregal | Grundregal | 3300 x 1100 x 1100 mm | Feldlast 4000 kg | 2 Ebenen | Typ 2 | RAL 5010;;;;
43837;20097232;4026212272987;META MULTIPAL | Kabeltrommelregal | Anbauregal | 3300 x 1100 x 1100 mm | Feldlast 4000 kg | 2 Ebenen | Typ 2 | RAL 5010;;;;
43838;20097233;4026212272994;META MULTIPAL | Kabeltrommelregal | Grundregal | 3300 x 1300 x 1100 mm | Feldlast 4000 kg | 2 Ebenen | Typ 2 | RAL 5010;;;;
43839;20097234;4026212273007;META MULTIPAL | Kabeltrommelregal | Anbauregal | 3300 x 1300 x 1100 mm | Feldlast 4000 kg | 2 Ebenen | Typ 2 | RAL 5010;;;;
43840;20097235;4026212273014;META MULTIPAL | Kabeltrommelregal | Grundregal | 4400 x 900 x 1100 mm | Feldlast 5500 kg | 4 Ebenen | Typ 2 | RAL 5010;;;;
43841;20097236;4026212273021;META MULTIPAL | Kabeltrommelregal | Anbauregal | 4400 x 900 x 1100 mm | Feldlast 5500 kg | 4 Ebenen | Typ 2 | RAL 5010;;;;
43842;20097237;4026212273038;META MULTIPAL | Kabeltrommelregal | Grundregal | 4400 x 1100 x 1100 mm | Feldlast 5500 kg | 4 Ebenen | Typ 2 | RAL 5010;;;;
43843;20097238;4026212273045;META MULTIPAL | Kabeltrommelregal | Anbauregal | 4400 x 1100 x 1100 mm | Feldlast 5500 kg | 4 Ebenen | Typ 2 | RAL 5010;;;;
43844;20097239;4026212273052;META MULTIPAL | Kabeltrommelregal | Grundregal | 4400 x 1300 x 1100 mm | Feldlast 5500 kg | 4 Ebenen | Typ 2 | RAL 5010;;;;
43845;20097240;4026212273069;META MULTIPAL | Kabeltrommelregal | Anbauregal | 4400 x 1300 x 1100 mm | Feldlast 5500 kg | 4 Ebenen | Typ 2 | RAL 5010;;;;
43846;20097242;4026212273076;META MULTIPAL | Kabeltrommelregal | Grundregal | 2200 x 900 x 1100 mm | Feldlast 4000 kg | 2 Ebenen | Typ 2 | RAL 5010;;;;
43847;20097243;4026212273083;META MULTIPAL | Kabeltrommelregal | Anbauregal | 2200 x 900 x 1100 mm | Feldlast 4000 kg | 2 Ebenen | Typ 2 | RAL 5010;;;;
43848;20097244;4026212273090;META MULTIPAL | Kabeltrommelregal | Grundregal | 2200 x 1100 x 1100 mm | Feldlast 4000 kg | 2 Ebenen | Typ 2 | RAL 5010;;;;
43849;20097245;4026212273106;META MULTIPAL | Kabeltrommelregal | Anbauregal | 2200 x 1100 x 1100 mm | Feldlast 4000 kg | 2 Ebenen | Typ 2 | RAL 5010;;;;
43850;20097246;4026212273113;META MULTIPAL | Kabeltrommelregal | Grundregal | 2200 x 1300 x 1100 mm | Feldlast 4000 kg | 2 Ebenen | Typ 2 | RAL 5010;;;;
43851;20097247;4026212273120;META MULTIPAL | Kabeltrommelregal | Anbauregal | 2200 x 1300 x 1100 mm | Feldlast 4000 kg | 2 Ebenen | Typ 2 | RAL 5010;;;;
43852;20097248;4026212273137;META MULTIPAL | Kabeltrommelregal | Grundregal | 2700 x 900 x 1100 mm | Feldlast 4000 kg | 2 Ebenen | Typ 2 | RAL 5010;;;;
43853;20097249;4026212273144;META MULTIPAL | Kabeltrommelregal | Anbauregal | 2700 x 900 x 1100 mm | Feldlast 4000 kg | 2 Ebenen | Typ 2 | RAL 5010;;;;
43854;20097250;4026212273151;META MULTIPAL | Kabeltrommelregal | Grundregal | 2700 x 1100 x 1100 mm | Feldlast 4000 kg | 2 Ebenen | Typ 2 | RAL 5010;;;;
43855;20097251;4026212273168;META MULTIPAL | Kabeltrommelregal | Anbauregal | 2700 x 1100 x 1100 mm | Feldlast 4000 kg | 2 Ebenen | Typ 2 | RAL 5010;;;;
43856;20097252;4026212273175;META MULTIPAL | Kabeltrommelregal | Grundregal | 2700 x 1300 x 1100 mm | Feldlast 4000 kg | 2 Ebenen | Typ 2 | RAL 5010;;;;
43857;20097253;4026212273182;META MULTIPAL | Kabeltrommelregal | Anbauregal | 2700 x 1300 x 1100 mm | Feldlast 4000 kg | 2 Ebenen | Typ 2 | RAL 5010;;;;
43858;20097254;4026212273199;META MULTIPAL | Kabeltrommelregal | Grundregal | 3800 x 900 x 1100 mm | Feldlast 4000 kg | 2 Ebenen | Typ 2 | RAL 5010;;;;
43859;20097255;4026212273205;META MULTIPAL | Kabeltrommelregal | Anbauregal | 3800 x 900 x 1100 mm | Feldlast 4000 kg | 2 Ebenen | Typ 2 | RAL 5010;;;;
43860;20097256;4026212273212;META MULTIPAL | Kabeltrommelregal | Grundregal | 3800 x 1100 x 1100 mm | Feldlast 4000 kg | 2 Ebenen | Typ 2 | RAL 5010;;;;
43861;20097257;4026212273229;META MULTIPAL | Kabeltrommelregal | Anbauregal | 3800 x 1100 x 1100 mm | Feldlast 4000 kg | 2 Ebenen | Typ 2 | RAL 5010;;;;
43862;20097258;4026212273236;META MULTIPAL | Kabeltrommelregal | Grundregal | 3800 x 1300 x 1100 mm | Feldlast 4000 kg | 2 Ebenen | Typ 2 | RAL 5010;;;;
43863;20097259;4026212273243;META MULTIPAL | Kabeltrommelregal | Anbauregal | 3800 x 1300 x 1100 mm | Feldlast 4000 kg | 2 Ebenen | Typ 2 | RAL 5010;;;;
43864;20097260;4026212273250;META MULTIPAL | Kabeltrommelregal | Grundregal | 5500 x 900 x 1100 mm | Feldlast 5500 kg | 4 Ebenen | Typ 2 | RAL 5010;;;;
43865;20097261;4026212273267;META MULTIPAL | Kabeltrommelregal | Anbauregal | 5500 x 900 x 1100 mm | Feldlast 5500 kg | 4 Ebenen | Typ 2 | RAL 5010;;;;
43866;20097262;4026212273274;META MULTIPAL | Kabeltrommelregal | Grundregal | 5500 x 1100 x 1100 mm | Feldlast 5500 kg | 4 Ebenen | Typ 2 | RAL 5010;;;;
43867;20097263;4026212273281;META MULTIPAL | Kabeltrommelregal | Anbauregal | 5500 x 1100 x 1100 mm | Feldlast 5500 kg | 4 Ebenen | Typ 2 | RAL 5010;;;;
43868;20097264;4026212273298;META MULTIPAL | Kabeltrommelregal | Grundregal | 5500 x 1300 x 1100 mm | Feldlast 5500 kg | 4 Ebenen | Typ 2 | RAL 5010;;;;
43869;20097265;4026212273304;META MULTIPAL | Kabeltrommelregal | Anbauregal | 5500 x 1300 x 1100 mm | Feldlast 5500 kg | 4 Ebenen | Typ 2 | RAL 5010;;;;
43876;20097277;4026212273380;;;;;
43877;20097278;4026212273397;;;;;
43878;20097279;4026212273403;;;;;
43879;20097280;4026212273410;;;;;
43880;20097281;4026212273427;;;;;
43881;20097282;4026212273434;;;;;
43895;20097330;4026212273687;;;;;
43896;20097373;4026212273724;;;;;
43897;20097375;4026212273731;;;;;
43898;20097377;4026212273748;;;;;
43899;20097824;4026212275322;;;;;
43900;20097825;4026212275339;;;;;
43901;20097826;4026212275346;;;;;
43902;20097827;4026212275353;;;;;
43903;20097896;4026212275636;META CLIP S3 | Reifenregal | Grundregal | 2500 x 1000 x 400 mm | Fachlast 150 kg | 4 Ebenen | verzinkt;;;;
43904;20097897;4026212275643;META CLIP S3 | Reifenregal | Anbauregal | 2500 x 1000 x 400 mm | Fachlast 150 kg | 4 Ebenen | verzinkt;;;;
43905;20097898;4026212275650;META CLIP S3 | Reifenregal | Grundregal | 2500 x 1300 x 400 mm | Fachlast 150 kg | 4 Ebenen | verzinkt;;;;
43906;20097899;4026212275667;META CLIP S3 | Reifenregal | Anbauregal | 2500 x 1300 x 400 mm | Fachlast 150 kg | 4 Ebenen | verzinkt;;;;
43907;20097935;4026212275810;META CLIP | Eckregal | 2000 x 1000 x 300 mm | Fachlast 100 kg | 4+1 Ebenen | verzinkt;;;;
43908;20097936;4026212275827;META CLIP | Eckregal | 2000 x 1000 x 400 mm | Fachlast 100 kg | 4+1 Ebenen | verzinkt;;;;
43909;20097937;4026212275834;META CLIP | Eckregal | 2000 x 1000 x 500 mm | Fachlast 100 kg | 4+1 Ebenen | verzinkt;;;;
43910;20097938;4026212275841;META CLIP | Eckregal | 2000 x 1000 x 600 mm | Fachlast 100 kg | 4+1 Ebenen | verzinkt;;;;
43911;20097939;4026212275858;META CLIP | Eckregal | 2500 x 1000 x 300 mm | Fachlast 100 kg | 5+1 Ebenen | verzinkt;;;;
43912;20097940;4026212275865;META CLIP | Eckregal | 2500 x 1000 x 400 mm | Fachlast 100 kg | 5+1 Ebenen | verzinkt;;;;
43913;20097941;4026212275872;META CLIP | Eckregal | 2500 x 1000 x 500 mm | Fachlast 100 kg | 5+1 Ebenen | verzinkt;;;;
43914;20097942;4026212275889;META CLIP | Eckregal | 2500 x 1000 x 600 mm | Fachlast 100 kg | 5+1 Ebenen | verzinkt;;;;
43915;20097943;4026212275896;META CLIP | Eckregal | 3000 x 1000 x 300 mm | Fachlast 100 kg | 6+1 Ebenen | verzinkt;;;;
43916;20097944;4026212275902;META CLIP | Eckregal | 3000 x 1000 x 400 mm | Fachlast 100 kg | 6+1 Ebenen | verzinkt;;;;
43917;20097945;4026212275919;META CLIP | Eckregal | 3000 x 1000 x 500 mm | Fachlast 100 kg | 6+1 Ebenen | verzinkt;;;;
43918;20097946;4026212275926;META CLIP | Eckregal | 3000 x 1000 x 600 mm | Fachlast 100 kg | 6+1 Ebenen | verzinkt;;;;
43919;20097947;4026212275933;META CLIP | Eckregal | 2000 x 1000 x 300 mm | Fachlast 100 kg | 4+1 Ebenen | RAL 7035;;;;
43920;20097948;4026212275940;META CLIP | Eckregal | 2000 x 1000 x 400 mm | Fachlast 100 kg | 4+1 Ebenen | RAL 7035;;;;
43921;20097949;4026212275957;META CLIP | Eckregal | 2000 x 1000 x 500 mm | Fachlast 100 kg | 4+1 Ebenen | RAL 7035;;;;
43922;20097950;4026212275964;META CLIP | Eckregal | 2000 x 1000 x 600 mm | Fachlast 100 kg | 4+1 Ebenen | RAL 7035;;;;
43923;20097951;4026212275971;META CLIP | Eckregal | 2500 x 1000 x 300 mm | Fachlast 100 kg | 5+1 Ebenen | RAL 7035;;;;
43924;20097952;4026212275988;META CLIP | Eckregal | 2500 x 1000 x 400 mm | Fachlast 100 kg | 5+1 Ebenen | RAL 7035;;;;
43925;20097953;4026212275995;META CLIP | Eckregal | 2500 x 1000 x 500 mm | Fachlast 100 kg | 5+1 Ebenen | RAL 7035;;;;
43926;20097954;4026212276008;META CLIP | Eckregal | 2500 x 1000 x 600 mm | Fachlast 100 kg | 5+1 Ebenen | RAL 7035;;;;
43927;20097955;4026212276015;META CLIP | Eckregal | 3000 x 1000 x 300 mm | Fachlast 100 kg | 6+1 Ebenen | RAL 7035;;;;
43928;20097956;4026212276022;META CLIP | Eckregal | 3000 x 1000 x 400 mm | Fachlast 100 kg | 6+1 Ebenen | RAL 7035;;;;
43929;20097957;4026212276039;META CLIP | Eckregal | 3000 x 1000 x 500 mm | Fachlast 100 kg | 6+1 Ebenen | RAL 7035;;;;
43930;20097958;4026212276046;META CLIP | Eckregal | 3000 x 1000 x 600 mm | Fachlast 100 kg | 6+1 Ebenen | RAL 7035;;;;
43931;20097961;4026212276053;;;;;
43932;20097962;4026212276084;;;;;
43933;20098024;4026212276282;;;;;
43940;20098066;4026212276411;;;;;
43941;20098067;4026212276428;;;;;
43942;20098069;4026212276435;;;;;
43943;20098070;4026212276442;;;;;
43944;20098076;4026212276466;;;;;
43945;20098077;4026212276473;;;;;
43946;20098078;4026212276480;;;;;
43947;20098079;4026212276497;;;;;
43948;20098097;4026212276565;META MULTISTRONG L | Kragarmregal | Grundregal | 3000 x 1000 x 400 mm | Armlast 220 kg | einseitig | 5+1 Ebenen;;;;
43949;20098098;4026212276572;META MULTISTRONG L | Kragarmregal | Anbauregal | 3000 x 1000 x 400 mm | Armlast 220 kg | einseitig | 5+1 Ebenen;;;;
43950;20098099;4026212276589;META MULTISTRONG L | Kragarmregal | Grundregal | 3000 x 1000 x 500 mm | Armlast 175 kg | einseitig | 5+1 Ebenen;;;;
43951;20098100;4026212276596;META MULTISTRONG L | Kragarmregal | Anbauregal | 3000 x 1000 x 500 mm | Armlast 175 kg | einseitig | 5+1 Ebenen;;;;
43952;20098101;4026212276602;META MULTISTRONG L | Kragarmregal | Grundregal | 3000 x 1000 x 600 mm | Armlast 140 kg | einseitig | 5+1 Ebenen;;;;
43953;20098102;4026212276619;META MULTISTRONG L | Kragarmregal | Anbauregal | 3000 x 1000 x 600 mm | Armlast 140 kg | einseitig | 5+1 Ebenen;;;;
43954;20098103;4026212276626;META MULTISTRONG L | Kragarmregal | Grundregal | 3000 x 1000 x 800 mm | Armlast 220 kg | doppelseitig | 5+1 Ebenen;;;;
43955;20098104;4026212276633;META MULTISTRONG L | Kragarmregal | Anbauregal | 3000 x 1000 x 800 mm | Armlast 220 kg | doppelseitig | 5+1 Ebenen;;;;
43956;20098105;4026212276640;META MULTISTRONG L | Kragarmregal | Grundregal | 3000 x 1000 x 500 mm | Armlast 175 kg | doppelseitig | 5+1 Ebenen;;;;
43957;20098106;4026212276657;META MULTISTRONG L | Kragarmregal | Anbauregal | 3000 x 1000 x 500 mm | Armlast 175 kg | doppelseitig | 5+1 Ebenen;;;;
43958;20098107;4026212276664;META MULTISTRONG L | Kragarmregal | Grundregal | 3000 x 1000 x 600 mm | Armlast 140 kg | doppelseitig | 5+1 Ebenen;;;;
43959;20098108;4026212276671;META MULTISTRONG L | Kragarmregal | Anbauregal | 3000 x 1000 x 600 mm | Armlast 140 kg | doppelseitig | 5+1 Ebenen;;;;
43960;20098109;4026212276688;META MULTISTRONG L | Kragarmregal | Grundregal | 3000 x 1300 x 400 mm | Armlast 220 kg | einseitig | 5+1 Ebenen;;;;
43961;20098110;4026212276695;META MULTISTRONG L | Kragarmregal | Anbauregal | 3000 x 1300 x 400 mm | Armlast 220 kg | einseitig | 5+1 Ebenen;;;;
43962;20098111;4026212276718;META MULTISTRONG L | Kragarmregal | Grundregal | 3000 x 1300 x 500 mm | Armlast 175 kg | einseitig | 5+1 Ebenen;;;;
43963;20098112;4026212276725;META MULTISTRONG L | Kragarmregal | Anbauregal | 3000 x 1300 x 500 mm | Armlast 175 kg | einseitig | 5+1 Ebenen;;;;
43964;20098113;4026212276732;META MULTISTRONG L | Kragarmregal | Grundregal | 3000 x 1300 x 600 mm | Armlast 140 kg | einseitig | 5+1 Ebenen;;;;
43965;20098114;4026212276749;META MULTISTRONG L | Kragarmregal | Anbauregal | 3000 x 1300 x 600 mm | Armlast 140 kg | einseitig | 5+1 Ebenen;;;;
43966;20098115;4026212276756;META MULTISTRONG L | Kragarmregal | Grundregal | 3000 x 1300 x 400 mm | Armlast 220 kg | doppelseitig | 5+1 Ebenen;;;;
43967;20098116;4026212276763;META MULTISTRONG L | Kragarmregal | Anbauregal | 3000 x 1300 x 400 mm | Armlast 220 kg | doppelseitig | 5+1 Ebenen;;;;
43968;20098117;4026212276770;META MULTISTRONG L | Kragarmregal | Grundregal | 3000 x 1300 x 500 mm | Armlast 175 kg | doppelseitig | 4+1 Ebenen;;;;
43969;20098118;4026212276787;META MULTISTRONG L | Kragarmregal | Anbauregal | 3000 x 1300 x 500 mm | Armlast 175 kg | doppelseitig | 5+1 Ebenen;;;;
43970;20098119;4026212276794;META MULTISTRONG L | Kragarmregal | Grundregal | 3000 x 1300 x 600 mm | Armlast 140 kg | doppelseitig | 5+1 Ebenen;;;;
43971;20098120;4026212276800;META MULTISTRONG L | Kragarmregal | Anbauregal | 3000 x 1300 x 600 mm | Armlast 140 kg | doppelseitig | 5+1 Ebenen;;;;
43972;20098467;4026212278033;META CLIP S3 | Fachbodenregal | 2 Felder | 2000 x 2000 x 300 mm | Fachlast 150 kg | 4+1 Ebenen | verzinkt;;;;
43973;20098476;4026212278088;META CLIP S3 | Fachbodenregal | 2 Felder | 2000 x 2000 x 400 mm | Fachlast 80 kg | 4+1 Ebenen | verzinkt;;;;
43974;20098828;4026212280791;;;;;
43975;20098931;4026212281033;;;;;
43976;20098994;4026212281378;META CLIP | Schrankmodul | Grundregal | Variante 4 | 2000 x 1000 x 500 mm | Schubladen untere Hälfte | RAL 7035;;;;
43977;20098995;4026212281385;META CLIP | Schrankmodul | Anbauregal | Variante 4 | 2000 x 1000 x 500 mm | Schubladen untere Hälfte | RAL 7035;;;;
43978;20098996;4026212281392;META CLIP | Schrankmodul | Grundregal | Variante 4 | 2000 x 1000 x 500 mm | Schubladen mittig | RAL 7035;;;;
43979;20098997;4026212281408;META CLIP | Schrankmodul | Anbauregal | Variante 4 | 2000 x 1000 x 500 mm | Schubladen mittig | RAL 7035;;;;
43980;20098998;4026212281415;META CLIP | Fachbodenregal-Systemwand | 5 Felder | 2000 x 1000 x 500 mm | verzinkt;;;;
43981;200176530;4026212281477;META CLIP | Fachbodenregal | Grundregal | 2000 x 1000 x 300 mm | Fachlast 150 kg | 4+1 Ebenen | verzinkt;;;;
43982;200176531;4026212281484;META CLIP | Fachbodenregal | Anbauregal | 2000 x 1000 x 300 mm | Fachlast 150 kg | 4+1 Ebenen | verzinkt;;;;
43983;200176532;4026212281491;META CLIP | Fachbodenregal | Grundregal | 2000 x 1000 x 400 mm | Fachlast 150 kg | 4+1 Ebenen | verzinkt;;;;
43984;200176533;4026212281507;META CLIP | Fachbodenregal | Anbauregal | 2000 x 1000 x 400 mm | Fachlast 150 kg | 4+1 Ebenen | verzinkt;;;;
43985;200176534;4026212281514;META CLIP | Fachbodenregal | Grundregal | 2000 x 1000 x 500 mm | Fachlast 150 kg | 4+1 Ebenen | verzinkt;;;;
43986;200176535;4026212281521;META CLIP | Fachbodenregal | Anbauregal | 2000 x 1000 x 500 mm | Fachlast 150 kg | 4+1 Ebenen | verzinkt;;;;
43987;200176536;4026212281538;META CLIP | Fachbodenregal | Grundregal | 2000 x 1000 x 600 mm | Fachlast 150 kg | 4+1 Ebenen | verzinkt;;;;
43988;200176537;4026212281545;META CLIP | Fachbodenregal | Anbauregal | 2000 x 1000 x 600 mm | Fachlast 150 kg | 4+1 Ebenen | verzinkt;;;;
43989;200176538;4026212281552;META CLIP | Fachbodenregal | Grundregal | 2500 x 1000 x 300 mm | Fachlast 150 kg | 5+1 Ebenen | verzinkt;;;;
43990;200176539;4026212281569;META CLIP | Fachbodenregal | Anbauregal | 2500 x 1000 x 300 mm | Fachlast 150 kg | 5+1 Ebenen | verzinkt;;;;
43991;200176540;4026212281576;META CLIP | Fachbodenregal | Grundregal | 2500 x 1000 x 400 mm | Fachlast 150 kg | 5+1 Ebenen | verzinkt;;;;
43992;200176541;4026212281583;META CLIP | Fachbodenregal | Anbauregal | 2500 x 1000 x 400 mm | Fachlast 150 kg | 5+1 Ebenen | verzinkt;;;;
43993;200176542;4026212281590;META CLIP | Fachbodenregal | Grundregal | 2500 x 1000 x 500 mm | Fachlast 150 kg | 5+1 Ebenen | verzinkt;;;;
43994;200176543;4026212281606;META CLIP | Fachbodenregal | Anbauregal | 2500 x 1000 x 500 mm | Fachlast 150 kg | 5+1 Ebenen | verzinkt;;;;
43995;200176544;4026212281613;META CLIP | Fachbodenregal | Grundregal | 2500 x 1000 x 600 mm | Fachlast 150 kg | 5+1 Ebenen | verzinkt;;;;
43996;200176545;4026212281620;META CLIP | Fachbodenregal | Anbauregal | 2500 x 1000 x 600 mm | Fachlast 150 kg | 5+1 Ebenen | verzinkt;;;;
43997;200176546;4026212281637;META CLIP | Fachbodenregal | Grundregal | 3000 x 1000 x 300 mm | Fachlast 150 kg | 6+1 Ebenen | verzinkt;;;;
43998;200176547;4026212281644;META CLIP | Fachbodenregal | Anbauregal | 3000 x 1000 x 300 mm | Fachlast 150 kg | 6+1 Ebenen | verzinkt;;;;
43999;200176548;4026212281651;META CLIP | Fachbodenregal | Grundregal | 3000 x 1000 x 400 mm | Fachlast 150 kg | 6+1 Ebenen | verzinkt;;;;
44000;200176549;4026212281668;META CLIP | Fachbodenregal | Anbauregal | 3000 x 1000 x 400 mm | Fachlast 150 kg | 6+1 Ebenen | verzinkt;;;;
44001;200176550;4026212281675;META CLIP | Fachbodenregal | Grundregal | 3000 x 1000 x 500 mm | Fachlast 150 kg | 6+1 Ebenen | verzinkt;;;;
44002;200176551;4026212281682;META CLIP | Fachbodenregal | Anbauregal | 3000 x 1000 x 500 mm | Fachlast 150 kg | 6+1 Ebenen | verzinkt;;;;
44003;200176552;4026212281699;META CLIP | Fachbodenregal | Grundregal | 3000 x 1000 x 600 mm | Fachlast 150 kg | 6+1 Ebenen | verzinkt;;;;
44004;200176553;4026212281705;META CLIP | Fachbodenregal | Anbauregal | 3000 x 1000 x 600 mm | Fachlast 150 kg | 6+1 Ebenen | verzinkt;;;;
44005;200176554;4026212281712;META CLIP | Fachbodenregal | Grundregal | 3000 x 1000 x 300 mm | Fachlast 150 kg | 6+1 Ebenen | RAL 7035;;;;
44006;200176555;4026212281729;META CLIP | Fachbodenregal | Anbauregal | 3000 x 1000 x 300 mm | Fachlast 150 kg | 6+1 Ebenen | RAL 7035;;;;
44007;200176556;4026212281736;META CLIP | Fachbodenregal | Grundregal | 3000 x 1000 x 400 mm | Fachlast 150 kg | 6+1 Ebenen | RAL 7035;;;;
44008;200176557;4026212281743;META CLIP | Fachbodenregal | Anbauregal | 3000 x 1000 x 400 mm | Fachlast 150 kg | 6+1 Ebenen | RAL 7035;;;;
44009;200176558;4026212281750;META CLIP | Fachbodenregal | Grundregal | 3000 x 1000 x 500 mm | Fachlast 150 kg | 6+1 Ebenen | RAL 7035;;;;
44010;200176559;4026212281767;META CLIP | Fachbodenregal | Anbauregal | 3000 x 1000 x 500 mm | Fachlast 150 kg | 6+1 Ebenen | RAL 7035;;;;
44011;200176560;4026212281774;META CLIP | Fachbodenregal | Grundregal | 3000 x 1000 x 600 mm | Fachlast 150 kg | 6+1 Ebenen | RAL 7035;;;;
44012;200176561;4026212281781;META CLIP | Fachbodenregal | Anbauregal | 3000 x 1000 x 600 mm | Fachlast 150 kg | 6+1 Ebenen | RAL 7035;;;;
44013;200176563;4026212281798;META CLIP | Fachbodenregal | Doppel-Grundregal | 2000 x 1000 x 300 mm | Fachlast 150 kg | 4+1 Ebenen | verzinkt;;;;
44014;200176564;4026212281804;META CLIP | Fachbodenregal | Doppel-Anbauregal | 2000 x 1000 x 300 mm | Fachlast 150 kg | 4+1 Ebenen | verzinkt;;;;
44015;200176565;4026212281811;META CLIP | Fachbodenregal | Doppel-Grundregal | 2000 x 1000 x 400 mm | Fachlast 150 kg | 4+1 Ebenen | verzinkt;;;;
44016;200176566;4026212281828;META CLIP | Fachbodenregal | Doppel-Anbauregal | 2000 x 1000 x 400 mm | Fachlast 150 kg | 4+1 Ebenen | verzinkt;;;;
44017;200176567;4026212281835;META CLIP | Fachbodenregal | Doppel-Grundregal | 2000 x 1000 x 500 mm | Fachlast 150 kg | 4+1 Ebenen | verzinkt;;;;
44018;200176568;4026212281842;META CLIP | Fachbodenregal | Doppel-Anbauregal | 2000 x 1000 x 500 mm | Fachlast 150 kg | 4+1 Ebenen | verzinkt;;;;
44019;200176569;4026212281859;META CLIP | Fachbodenregal | Doppel-Grundregal | 2000 x 1000 x 600 mm | Fachlast 150 kg | 4+1 Ebenen | verzinkt;;;;
44020;200176570;4026212281866;META CLIP | Fachbodenregal | Doppel-Anbauregal | 2000 x 1000 x 600 mm | Fachlast 150 kg | 4+1 Ebenen | verzinkt;;;;
44021;200176571;4026212281873;META CLIP | Fachbodenregal | Doppel-Grundregal | 2500 x 1000 x 300 mm | Fachlast 150 kg | 5+1 Ebenen | verzinkt;;;;
44022;200176572;4026212281880;META CLIP | Fachbodenregal | Doppel-Anbauregal | 2500 x 1000 x 300 mm | Fachlast 150 kg | 5+1 Ebenen | verzinkt;;;;
44023;200176573;4026212281897;META CLIP | Fachbodenregal | Doppel-Grundregal | 2500 x 1000 x 400 mm | Fachlast 150 kg | 5+1 Ebenen | verzinkt;;;;
44024;200176574;4026212281903;META CLIP | Fachbodenregal | Doppel-Anbauregal | 2500 x 1000 x 400 mm | Fachlast 150 kg | 5+1 Ebenen | verzinkt;;;;
44025;200176575;4026212281910;META CLIP | Fachbodenregal | Doppel-Grundregal | 2500 x 1000 x 500 mm | Fachlast 150 kg | 5+1 Ebenen | verzinkt;;;;
44026;200176576;4026212281927;META CLIP | Fachbodenregal | Doppel-Anbauregal | 2500 x 1000 x 500 mm | Fachlast 150 kg | 5+1 Ebenen | verzinkt;;;;
44027;200176577;4026212281934;META CLIP | Fachbodenregal | Doppel-Grundregal | 2500 x 1000 x 600 mm | Fachlast 150 kg | 5+1 Ebenen | verzinkt;;;;
44028;200176578;4026212281941;META CLIP | Fachbodenregal | Doppel-Anbauregal | 2500 x 1000 x 600 mm | Fachlast 150 kg | 5+1 Ebenen | verzinkt;;;;
44029;200176579;4026212281958;META CLIP | Fachbodenregal | Doppel-Grundregal | 3000 x 1000 x 300 mm | Fachlast 150 kg | 6+1 Ebenen | verzinkt;;;;
44030;200176580;4026212281965;META CLIP | Fachbodenregal | Doppel-Anbauregal | 3000 x 1000 x 300 mm | Fachlast 150 kg | 6+1 Ebenen | verzinkt;;;;
44031;200176581;4026212281972;META CLIP | Fachbodenregal | Doppel-Grundregal | 3000 x 1000 x 400 mm | Fachlast 150 kg | 6+1 Ebenen | verzinkt;;;;
44032;200176582;4026212281989;META CLIP | Fachbodenregal | Doppel-Anbauregal | 3000 x 1000 x 400 mm | Fachlast 150 kg | 6+1 Ebenen | verzinkt;;;;
44033;200176583;4026212281996;META CLIP | Fachbodenregal | Doppel-Grundregal | 3000 x 1000 x 500 mm | Fachlast 150 kg | 6+1 Ebenen | verzinkt;;;;
44034;200176584;4026212282009;META CLIP | Fachbodenregal | Doppel-Anbauregal | 3000 x 1000 x 500 mm | Fachlast 150 kg | 6+1 Ebenen | verzinkt;;;;
44035;200176585;4026212282016;META CLIP | Fachbodenregal | Doppel-Grundregal | 3000 x 1000 x 600 mm | Fachlast 150 kg | 6+1 Ebenen | verzinkt;;;;
44036;200176586;4026212282023;META CLIP | Fachbodenregal | Doppel-Anbauregal | 3000 x 1000 x 600 mm | Fachlast 150 kg | 6+1 Ebenen | verzinkt;;;;
44037;200176587;4026212282030;META CLIP | Fachbodenregal | Doppel-Grundregal | 2000 x 1000 x 300 mm | Fachlast 150 kg | 4+1 Ebenen | RAL 7035;;;;
44038;200176588;4026212282047;META CLIP | Fachbodenregal | Doppel-Anbauregal | 2000 x 1000 x 300 mm | Fachlast 150 kg | 4+1 Ebenen | RAL 7035;;;;
44039;200176589;4026212282054;META CLIP | Fachbodenregal | Doppel-Grundregal | 2000 x 1000 x 400 mm | Fachlast 150 kg | 4+1 Ebenen | RAL 7035;;;;
44040;200176590;4026212282061;META CLIP | Fachbodenregal | Doppel-Anbauregal | 2000 x 1000 x 400 mm | Fachlast 150 kg | 4+1 Ebenen | RAL 7035;;;;
44041;200176591;4026212282078;META CLIP | Fachbodenregal | Doppel-Grundregal | 2000 x 1000 x 500 mm | Fachlast 150 kg | 4+1 Ebenen | RAL 7035;;;;
44042;200176592;4026212282085;META CLIP | Fachbodenregal | Doppel-Anbauregal | 2000 x 1000 x 500 mm | Fachlast 150 kg | 4+1 Ebenen | RAL 7035;;;;
44043;200176593;4026212282092;META CLIP | Fachbodenregal | Doppel-Grundregal | 2000 x 1000 x 600 mm | Fachlast 150 kg | 4+1 Ebenen | RAL 7035;;;;
44044;200176594;4026212282108;META CLIP | Fachbodenregal | Doppel-Anbauregal | 2000 x 1000 x 600 mm | Fachlast 150 kg | 4+1 Ebenen | RAL 7035;;;;
44045;200176595;4026212282115;META CLIP | Fachbodenregal | Doppel-Grundregal | 2500 x 1000 x 300 mm | Fachlast 150 kg | 5+1 Ebenen | RAL 7035;;;;
44046;200176596;4026212282122;META CLIP | Fachbodenregal | Doppel-Anbauregal | 2500 x 1000 x 300 mm | Fachlast 150 kg | 5+1 Ebenen | RAL 7035;;;;
44047;200176597;4026212282139;META CLIP | Fachbodenregal | Doppel-Grundregal | 2500 x 1000 x 400 mm | Fachlast 150 kg | 5+1 Ebenen | RAL 7035;;;;
44048;200176598;4026212282146;META CLIP | Fachbodenregal | Doppel-Anbauregal | 2500 x 1000 x 400 mm | Fachlast 150 kg | 5+1 Ebenen | RAL 7035;;;;
44049;200176599;4026212282153;META CLIP | Fachbodenregal | Doppel-Grundregal | 2500 x 1000 x 500 mm | Fachlast 150 kg | 5+1 Ebenen | RAL 7035;;;;
44050;200176600;4026212282160;META CLIP | Fachbodenregal | Doppel-Anbauregal | 2500 x 1000 x 500 mm | Fachlast 150 kg | 5+1 Ebenen | RAL 7035;;;;
44051;200176601;4026212282177;META CLIP | Fachbodenregal | Doppel-Grundregal | 2500 x 1000 x 600 mm | Fachlast 150 kg | 5+1 Ebenen | RAL 7035;;;;
44052;200176602;4026212282184;META CLIP | Fachbodenregal | Doppel-Anbauregal | 2500 x 1000 x 600 mm | Fachlast 150 kg | 5+1 Ebenen | RAL 7035;;;;
44053;200176603;4026212282191;META CLIP | Fachbodenregal | Doppel-Grundregal | 3000 x 1000 x 300 mm | Fachlast 150 kg | 6+1 Ebenen | RAL 7035;;;;
44054;200176604;4026212282207;META CLIP | Fachbodenregal | Doppel-Anbauregal | 3000 x 1000 x 300 mm | Fachlast 150 kg | 6+1 Ebenen | RAL 7035;;;;
44055;200176605;4026212282214;META CLIP | Fachbodenregal | Doppel-Grundregal | 3000 x 1000 x 400 mm | Fachlast 150 kg | 6+1 Ebenen | RAL 7035;;;;
44056;200176606;4026212282221;META CLIP | Fachbodenregal | Doppel-Anbauregal | 3000 x 1000 x 400 mm | Fachlast 150 kg | 6+1 Ebenen | RAL 7035;;;;
44057;200176607;4026212282238;META CLIP | Fachbodenregal | Doppel-Grundregal | 3000 x 1000 x 500 mm | Fachlast 150 kg | 6+1 Ebenen | RAL 7035;;;;
44058;200176608;4026212282245;META CLIP | Fachbodenregal | Doppel-Anbauregal | 3000 x 1000 x 500 mm | Fachlast 150 kg | 6+1 Ebenen | RAL 7035;;;;
44059;200176609;4026212282252;META CLIP | Fachbodenregal | Doppel-Grundregal | 3000 x 1000 x 600 mm | Fachlast 150 kg | 6+1 Ebenen | RAL 7035;;;;
44060;200176610;4026212282269;META CLIP | Fachbodenregal | Doppel-Anbauregal | 3000 x 1000 x 600 mm | Fachlast 150 kg | 6+1 Ebenen | RAL 7035;;;;
44061;200176631;4026212282450;;;;;
44062;200176632;4026212282467;META CLIP S3 | Umweltregal | Grundregal | 2000 x 1000 x 500 mm | 4+1 Ebenen | Wannenböden | verzinkt;;;;
44063;200176633;4026212282474;META CLIP S3 | Umweltregal | Anbauregal | 2000 x 1000 x 500 mm | 4+1 Ebenen | Wannenböden | verzinkt;;;;
44064;200176634;4026212282481;META CLIP S3 | Umweltregal | Grundregal | 2000 x 1000 x 500 mm | 4+1 Ebenen | Gitterrostböden | verzinkt;;;;
44065;200176635;4026212282498;META CLIP S3 | Umweltregal | Grundregal | 2000 x 1000 x 500 mm | 4+1 Ebenen | Fachböden | verzinkt;;;;
44066;200176636;4026212282504;META CLIP | Gitterrost-Zusatzebene | 1000 x 500 mm | verzinkt;;;;
44067;200176637;4026212282511;;;;;
44068;200176716;4026212282719;;;;;
44069;200176718;4026212282726;;;;;
44070;20097156;4026212283266;;;;;
44071;20097157;4026212283280;;;;;
44072;20097158;4026212283297;;;;;
44073;20097159;4026212283303;;;;;
44074;20097162;4026212283310;;;;;
44075;20097163;4026212283327;;;;;
44076;20097164;4026212283334;;;;;
44077;20097165;4026212283341;;;;;
44078;200176885;4026212283716;;;;;
44079;200176893;4026212283761;;;;;
44080;200176895;4026212283778;;;;;
44081;200176896;4026212283785;;;;;
44082;200176949;4026212284027;;;;;
44083;200177362;4026212285772;META COMPACT S3| Büro-Steckregal | Doppel-Grundregal | 2200 x 750 x 600 mm | Fachlast 100 kg | 6 Ebenen | Mittelanschlag | verzinkt;;;;
44084;200177363;4026212285789;META COMPACT S3| Büro-Steckregal | Doppel-Anbauregal | 2200 x 750 x 600 mm | Fachlast 100 kg | 6 Ebenen | Mittelanschlag | verzinkt;;;;
44085;200177364;4026212285796;META COMPACT S3| Büro-Steckregal | Doppel-Grundregal | 2200 x 1000 x 600 mm | Fachlast 100 kg | 6 Ebenen | Mittelanschlag | verzinkt;;;;
44086;200177365;4026212285802;META COMPACT S3| Büro-Steckregal | Doppel-Anbauregal | 2200 x 1000 x 600 mm | Fachlast 100 kg | 6 Ebenen | Mittelanschlag | verzinkt;;;;
44087;200177366;4026212285819;META COMPACT S3| Büro-Steckregal | Doppel-Grundregal | 2200 x 1250 x 600 mm | Fachlast 100 kg | 6 Ebenen | Mittelanschlag | verzinkt;;;;
44088;200177367;4026212285826;META COMPACT S3| Büro-Steckregal | Doppel-Anbauregal | 2200 x 1250 x 600 mm | Fachlast 100 kg | 6 Ebenen | Mittelanschlag | verzinkt;;;;
44089;200177368;4026212285833;META COMPACT S3| Büro-Steckregal | Doppel-Grundregal | 2500 x 750 x 600 mm | Fachlast 100 kg | 7 Ebenen | Mittelanschlag | verzinkt;;;;
44090;200177369;4026212285840;META COMPACT S3| Büro-Steckregal | Doppel-Anbauregal | 2500 x 750 x 600 mm | Fachlast 100 kg | 7 Ebenen | Mittelanschlag | verzinkt;;;;
44091;200177370;4026212285857;META COMPACT S3| Büro-Steckregal | Doppel-Grundregal | 2500 x 1000 x 600 mm | Fachlast 100 kg | 7 Ebenen | Mittelanschlag | verzinkt;;;;
44092;200177371;4026212285864;META COMPACT S3| Büro-Steckregal | Doppel-Anbauregal | 2500 x 1000 x 600 mm | Fachlast 100 kg | 7 Ebenen | Mittelanschlag | verzinkt;;;;
44093;200177372;4026212285871;META COMPACT S3| Büro-Steckregal | Doppel-Grundregal | 2500 x 1250 x 600 mm | Fachlast 100 kg | 7 Ebenen | Mittelanschlag | verzinkt;;;;
44094;200177373;4026212285888;META COMPACT S3| Büro-Steckregal | Doppel-Anbauregal | 2500 x 1250 x 600 mm | Fachlast 100 kg | 7 Ebenen | Mittelanschlag | verzinkt;;;;
44095;200177470;4026212286014;META CLIP S3 | Feuerwehrschlauchregal | Grundregal | 2000 x 1000 x 300 mm |Fachlast 150 kg | verzinkt;;;;
44096;200177471;4026212286021;META CLIP S3 | Feuerwehrschlauchregal | Anbauregal | 2000 x 1000 x 300 mm |Fachlast 150 kg | verzinkt;;;;
44121;200177745;4026212286922;;;;;
44122;200177746;4026212286939;;;;;
44123;200177950;4026212287431;META FIX COMPACT | Büro-Schraubregal | Grundregal | 2500 x 750 x 300 mm | Fachlast 80 kg | 7 Ebenen | verzinkt;;;;
44124;200177951;4026212287448;META FIX COMPACT | Büro-Schraubregal | Anbauregal | 2500 x 750 x 300 mm | Fachlast 80 kg | 7 Ebenen | verzinkt;;;;
44125;200177952;4026212287455;META FIX COMPACT | Büro-Schraubregal | Grundregal | 2500 x 1000 x 300 mm | Fachlast 80 kg | 7 Ebenen | verzinkt;;;;
44126;200177953;4026212287462;META FIX COMPACT | Büro-Schraubregal | Anbauregal | 2500 x 1000 x 300 mm | Fachlast 80 kg | 7 Ebenen | verzinkt;;;;
44127;200177954;4026212287479;META FIX COMPACT | Büro-Schraubregal | Grundregal | 2500 x 1250 x 300 mm | Fachlast 80 kg | 7 Ebenen | verzinkt;;;;
44128;200177955;4026212287486;META FIX COMPACT | Büro-Schraubregal | Anbauregal | 2500 x 1250 x 300 mm | Fachlast 80 kg | 7 Ebenen | verzinkt;;;;
44129;200177956;4026212287493;META FIX COMPACT | Büro-Schraubregal | Grundregal | 2500 x 750 x 300 mm | Fachlast 80 kg | 7 Ebenen | RAL 7035;;;;
44130;200177957;4026212287509;META FIX COMPACT | Büro-Schraubregal | Anbauregal | 2500 x 750 x 300 mm | Fachlast 80 kg | 7 Ebenen | RAL 7035;;;;
44131;200177958;4026212287516;META FIX COMPACT | Büro-Schraubregal | Grundregal | 2500 x 1000 x 300 mm | Fachlast 80 kg | 7 Ebenen | RAL 7035;;;;
44132;200177959;4026212287523;META FIX COMPACT | Büro-Schraubregal | Anbauregal | 2500 x 1000 x 300 mm | Fachlast 80 kg | 7 Ebenen | RAL 7035;;;;
44133;200177960;4026212287530;META FIX COMPACT | Büro-Schraubregal | Grundregal | 2500 x 1250 x 300 mm | Fachlast 80 kg | 7 Ebenen | RAL 7035;;;;
44134;200177961;4026212287547;META FIX COMPACT | Büro-Schraubregal | Anbauregal | 2500 x 1250 x 300 mm | Fachlast 80 kg | 7 Ebenen | RAL 7035;;;;
44135;200177962;4026212287554;META FIX COMPACT | Büro-Schraubregal | Grundregal | 2500 x 750 x 600 mm | Fachlast 100 kg | 7 Ebenen | verzinkt;;;;
44136;200177963;4026212287561;META FIX COMPACT | Büro-Schraubregal | Anbauregal | 2500 x 750 x 600 mm | Fachlast 100 kg | 7 Ebenen | verzinkt;;;;
44137;200177964;4026212287578;META FIX COMPACT | Büro-Schraubregal | Grundregal | 2500 x 1000 x 600 mm | Fachlast 100 kg | 7 Ebenen | verzinkt;;;;
44138;200177965;4026212287585;META FIX COMPACT | Büro-Schraubregal | Anbauregal | 2500 x 1000 x 600 mm | Fachlast 100 kg | 7 Ebenen | verzinkt;;;;
44139;200177966;4026212287592;META FIX COMPACT | Büro-Schraubregal | Grundregal | 2500 x 1250 x 600 mm | Fachlast 100 kg | 7 Ebenen | verzinkt;;;;
44140;200177967;4026212287608;META FIX COMPACT | Büro-Schraubregal | Anbauregal | 2500 x 1250 x 600 mm | Fachlast 100 kg | 7 Ebenen | verzinkt;;;;
44141;200177968;4026212287615;META FIX COMPACT | Büro-Schraubregal | Grundregal | 2500 x 750 x 600 mm | Fachlast 100 kg | 7 Ebenen | RAL 7035;;;;
44142;200177969;4026212287622;META FIX COMPACT | Büro-Schraubregal | Anbauregal | 2500 x 750 x 600 mm | Fachlast 100 kg | 7 Ebenen | RAL 7035;;;;
44143;200177970;4026212287639;META FIX COMPACT | Büro-Schraubregal | Grundregal | 2500 x 1000 x 600 mm | Fachlast 100 kg | 7 Ebenen | RAL 7035;;;;
44144;200177971;4026212287646;META FIX COMPACT | Büro-Schraubregal | Anbauregal | 2500 x 1000 x 600 mm | Fachlast 100 kg | 7 Ebenen | RAL 7035;;;;
44145;200177972;4026212287653;META FIX COMPACT | Büro-Schraubregal | Grundregal | 2500 x 1250 x 600 mm | Fachlast 100 kg | 7 Ebenen | RAL 7035;;;;
44146;200177973;4026212287660;META FIX COMPACT | Büro-Schraubregal | Anbauregal | 2500 x 1250 x 600 mm | Fachlast 100 kg | 7 Ebenen | RAL 7035;;;;
44147;200177996;4026212287738;META COMPACT S3| Büro-Steckregal | Grundregal | 1850 x 750 x 300 mm | Fachlast 80 kg | 5 Ebenen | Endanschlag | verzinkt;;;;
44148;200177997;4026212287745;META COMPACT S3| Büro-Steckregal | Anbauregal | 1850 x 750 x 300 mm | Fachlast 80 kg | 5 Ebenen | Endanschlag | verzinkt;;;;
44149;200177998;4026212287752;META COMPACT S3| Büro-Steckregal | Grundregal | 1850 x 1000 x 300 mm | Fachlast 80 kg | 5 Ebenen | Endanschlag | verzinkt;;;;
44150;200177999;4026212287769;META COMPACT S3| Büro-Steckregal | Anbauregal | 1850 x 1000 x 300 mm | Fachlast 80 kg | 5 Ebenen | Endanschlag | verzinkt;;;;
44151;200178000;4026212287776;META COMPACT S3| Büro-Steckregal | Grundregal | 1850 x 1250 x 300 mm | Fachlast 80 kg | 5 Ebenen | Endanschlag | verzinkt;;;;
44152;200178001;4026212287783;META COMPACT S3| Büro-Steckregal | Anbauregal | 1850 x 1250 x 300 mm | Fachlast 80 kg | 5 Ebenen | Endanschlag | verzinkt;;;;
44153;200178002;4026212287790;META COMPACT S3| Büro-Steckregal | Grundregal | 2200 x 750 x 300 mm | Fachlast 80 kg | 6 Ebenen | Endanschlag | verzinkt;;;;
44154;200178003;4026212287806;META COMPACT S3| Büro-Steckregal | Anbauregal | 2200 x 750 x 300 mm | Fachlast 80 kg | 6 Ebenen | Endanschlag | verzinkt;;;;
44155;200178004;4026212287813;META COMPACT S3| Büro-Steckregal | Grundregal | 2200 x 1000 x 300 mm | Fachlast 80 kg | 6 Ebenen | Endanschlag | verzinkt;;;;
44156;200178005;4026212287820;META COMPACT S3| Büro-Steckregal | Anbauregal | 2200 x 1000 x 300 mm | Fachlast 80 kg | 6 Ebenen | Endanschlag | verzinkt;;;;
44157;200178006;4026212287837;META COMPACT S3| Büro-Steckregal | Grundregal | 2200 x 1250 x 300 mm | Fachlast 80 kg | 6 Ebenen | Endanschlag | verzinkt;;;;
44158;200178007;4026212287844;META COMPACT S3| Büro-Steckregal | Anbauregal | 2200 x 1250 x 300 mm | Fachlast 80 kg | 6 Ebenen | Endanschlag | verzinkt;;;;
44159;200178008;4026212287851;META COMPACT S3| Büro-Steckregal | Grundregal | 2500 x 750 x 300 mm | Fachlast 80 kg | 7 Ebenen | Endanschlag | verzinkt;;;;
44160;200178009;4026212287868;META COMPACT S3| Büro-Steckregal | Anbauregal | 2500 x 750 x 300 mm | Fachlast 80 kg | 7 Ebenen | Endanschlag | verzinkt;;;;
44161;200178010;4026212287875;META COMPACT S3| Büro-Steckregal | Grundregal | 2500 x 1000 x 300 mm | Fachlast 80 kg | 7 Ebenen | Endanschlag | verzinkt;;;;
44162;200178011;4026212287882;META COMPACT S3| Büro-Steckregal | Anbauregal | 2500 x 1000 x 300 mm | Fachlast 80 kg | 7 Ebenen | Endanschlag | verzinkt;;;;
44163;200178012;4026212287899;META COMPACT S3| Büro-Steckregal | Grundregal | 2500 x 1250 x 300 mm | Fachlast 80 kg | 7 Ebenen | Endanschlag | verzinkt;;;;
44164;200178013;4026212287905;META COMPACT S3| Büro-Steckregal | Anbauregal | 2500 x 1250 x 300 mm | Fachlast 80 kg | 7 Ebenen | Endanschlag | verzinkt;;;;
44165;200178014;4026212287912;META COMPACT S3| Büro-Steckregal | Doppel-Grundregal | 1850 x 750 x 600 mm | Fachlast 100 kg | 5 Ebenen | Mittelanschlag | verzinkt;;;;
44166;200178015;4026212287929;META COMPACT S3| Büro-Steckregal | Doppel-Anbauregal | 1850 x 750 x 600 mm | Fachlast 100 kg | 5 Ebenen | Mittelanschlag | verzinkt;;;;
44167;200178016;4026212287936;META COMPACT S3| Büro-Steckregal | Doppel-Grundregal | 1850 x 1000 x 600 mm | Fachlast 100 kg | 5 Ebenen | Mittelanschlag | verzinkt;;;;
44168;200178017;4026212287943;META COMPACT S3| Büro-Steckregal | Doppel-Anbauregal | 1850 x 1000 x 600 mm | Fachlast 100 kg | 5 Ebenen | Mittelanschlag | verzinkt;;;;
44169;200178018;4026212287950;META COMPACT S3| Büro-Steckregal | Doppel-Grundregal | 1850 x 1250 x 600 mm | Fachlast 100 kg | 5 Ebenen | Mittelanschlag | verzinkt;;;;
44170;200178019;4026212287967;META COMPACT S3| Büro-Steckregal | Doppel-Anbauregal | 1850 x 1250 x 600 mm | Fachlast 100 kg | 5 Ebenen | Mittelanschlag | verzinkt;;;;
44171;200178020;4026212287974;META COMPACT | Büro-Steckregal | Grundregal | 2500 x 750 x 300 mm | Fachlast 80 kg | 7 Ebenen | RAL 7035;;;;
44172;200178021;4026212287981;META COMPACT | Büro-Steckregal | Anbauregal | 2500 x 750 x 300 mm | Fachlast 80 kg | 7 Ebenen | RAL 7035;;;;
44173;200178022;4026212287998;META COMPACT | Büro-Steckregal | Grundregal | 2500 x 1000 x 300 mm | Fachlast 80 kg | 7 Ebenen | RAL 7035;;;;
44174;200178023;4026212288001;META COMPACT | Büro-Steckregal | Anbauregal | 2500 x 1100 x 300 mm | Fachlast 80 kg | 7 Ebenen | RAL 7035;;;;
44175;200178024;4026212288018;META COMPACT | Büro-Steckregal | Grundregal | 2500 x 1250 x 300 mm | Fachlast 80 kg | 7 Ebenen | RAL 7035;;;;
44176;200178025;4026212288025;META COMPACT | Büro-Steckregal | Anbauregal | 2500 x 1250 x 300 mm | Fachlast 80 kg | 7 Ebenen | RAL 7035;;;;
44177;200178026;4026212288032;META COMPACT | Büro-Steckregal | Grundregal | 2500 x 750 x 600 mm | Fachlast 100 kg | 7 Ebenen | RAL 7035;;;;
44178;200178027;4026212288049;META COMPACT | Büro-Steckregal | Anbauregal | 2500 x 750 x 600 mm | Fachlast 100 kg | 7 Ebenen | RAL 7035;;;;
44179;200178028;4026212288056;META COMPACT | Büro-Steckregal | Grundregal | 2500 x 1000 x 600 mm | Fachlast 100 kg | 7 Ebenen | RAL 7035;;;;
44180;200178029;4026212288063;META COMPACT | Büro-Steckregal | Anbauregal | 2500 x 1000 x 600 mm | Fachlast 100 kg | 7 Ebenen | RAL 7035;;;;
44181;200178030;4026212288070;META COMPACT | Büro-Steckregal | Grundregal | 2500 x 1250 x 600 mm | Fachlast 100 kg | 7 Ebenen | RAL 7035;;;;
44182;200178031;4026212288087;META COMPACT | Büro-Steckregal | Anbauregal | 2500 x 1250 x 600 mm | Fachlast 100 kg | 7 Ebenen | RAL 7035;;;;
44183;200178038;4026212288292;META CLIP S3 | Fachbodenregal | Grundregal | 2000 x 1000 x 800 mm | Fachlast 230 kg | 3+1 Ebenen | verzinkt;;;;
44184;200178039;4026212288308;META CLIP S3 | Fachbodenregal | Anbauregal | 2000 x 1000 x 800 mm | Fachlast 230 kg | 3+1 Ebenen | verzinkt;;;;
44189;200178406;4026212289756;META COMPACT S3| Büro-Steckregal | 3 Felder | 1850 x 3000 x 300 mm | Fachlast 80 kg | 5+1 Ebenen | verzinkt;;;;
44190;200178408;4026212289770;META CLIP | Fachbodenregal | 3 Felder | 2000 x 3000 x 600 mm | Fachlast 230 kg | 4+1 Ebenen | verzinkt;;;;
44191;200178437;4026212289916;META FIX COMPACT | Büro-Schraubregal | Grundregal | 2500 x 750 x 300 mm | Fachlast 80 kg | 7+1 Ebenen | verzinkt;;;;
44192;200178438;4026212289923;META FIX COMPACT | Büro-Schraubregal | Anbauregal | 2500 x 750 x 300 mm | Fachlast 80 kg | 7+1 Ebenen | verzinkt;;;;
44193;200178439;4026212289930;META FIX COMPACT | Büro-Schraubregal | Grundregal | 2500 x 1000 x 300 mm | Fachlast 80 kg | 7+1 Ebenen | verzinkt;;;;
44194;200178440;4026212289947;META FIX COMPACT | Büro-Schraubregal | Anbauregal | 2500 x 1000 x 300 mm | Fachlast 80 kg | 7+1 Ebenen | verzinkt;;;;
44195;200178441;4026212289954;META FIX COMPACT | Büro-Schraubregal | Grundregal | 2500 x 1250 x 300 mm | Fachlast 80 kg | 7+1 Ebenen | verzinkt;;;;
44196;200178442;4026212289961;META FIX COMPACT | Büro-Schraubregal | Anbauregal | 2500 x 1250 x 300 mm | Fachlast 80 kg | 7+1 Ebenen | verzinkt;;;;
44197;200178443;4026212289978;META FIX COMPACT | Büro-Schraubregal | Grundregal | 2500 x 750 x 300 mm | Fachlast 80 kg | 7+1 Ebenen | RAL 7035;;;;
44198;200178445;4026212289985;META FIX COMPACT | Büro-Schraubregal | Grundregal | 2500 x 1000 x 300 mm | Fachlast 80 kg | 7+1 Ebenen | RAL 7035;;;;
44199;200178446;4026212289992;META FIX COMPACT | Büro-Schraubregal | Anbauregal | 2500 x 1000 x 300 mm | Fachlast 80 kg | 7+1 Ebenen | RAL 7035;;;;
44200;200178451;4026212290004;META FIX COMPACT | Büro-Schraubregal | Grundregal | 2500 x 1000 x 600 mm | Fachlast 100 kg | 7+1 Ebenen | verzinkt;;;;
44201;200178452;4026212290011;META FIX COMPACT | Büro-Schraubregal | Anbauregal | 2500 x 1000 x 600 mm | Fachlast 100 kg | 7+1 Ebenen | verzinkt;;;;
44202;200178457;4026212290028;META FIX COMPACT | Büro-Schraubregal | Grundregal | 2500 x 1000 x 600 mm | Fachlast 100 kg | 7+1 Ebenen | RAL 7035;;;;
44203;200178458;4026212290035;META FIX COMPACT | Büro-Schraubregal | Anbauregal | 2500 x 1000 x 600 mm | Fachlast 100 kg | 7+1 Ebenen | RAL 7035;;;;
44204;200178499;4026212290042;META COMPACT | Büro-Steckregal | Grundregal | 2500 x 1000 x 300 mm | Fachlast 80 kg | 7+1 Ebenen | RAL 7035;;;;
44205;200178500;4026212290059;META COMPACT | Büro-Steckregal | Anbauregal | 2500 x 1000 x 300 mm | Fachlast 80 kg | 7+1 Ebenen | RAL 7035;;;;
44206;200178501;4026212290066;META COMPACT | Büro-Steckregal | Grundregal | 2500 x 1250 x 300 mm | Fachlast 80 kg | 7+1 Ebenen | RAL 7035;;;;
44207;200178502;4026212290073;META COMPACT | Büro-Steckregal | Anbauregal | 2500 x 1250 x 300 mm | Fachlast 80 kg | 7+1 Ebenen | RAL 7035;;;;
44208;200178505;4026212290080;META COMPACT | Büro-Steckregal | Grundregal | 2500 x 1000 x 600 mm | Fachlast 100 kg | 7+1 Ebenen | RAL 7035;;;;
44209;200178506;4026212290097;META COMPACT | Büro-Steckregal | Anbauregal | 2500 x 1000 x 600 mm | Fachlast 100 kg | 7+1 Ebenen | RAL 7035;;;;
44210;200178507;4026212290103;META COMPACT | Büro-Steckregal | Grundregal | 2500 x 1250 x 600 mm | Fachlast 100 kg | 7+1 Ebenen | RAL 7035;;;;
44211;200178508;4026212290110;META COMPACT | Büro-Steckregal | Anbauregal | 2500 x 1250 x 600 mm | Fachlast 100 kg | 7+1 Ebenen | RAL 7035;;;;
44212;200178444;4026212290127;META FIX COMPACT | Büro-Schraubregal | Anbauregal | 2500 x 750 x 300 mm | Fachlast 80 kg | 7+1 Ebenen | RAL 7035;;;;
44213;200178447;4026212290134;META FIX COMPACT | Büro-Schraubregal | Grundregal | 2500 x 1250 x 300 mm | Fachlast 80 kg | 7+1 Ebenen | RAL 7035;;;;
44214;200178448;4026212290141;META FIX COMPACT | Büro-Schraubregal | Anbauregal | 2500 x 1250 x 300 mm | Fachlast 80 kg | 7+1 Ebenen | RAL 7035;;;;
44215;200178449;4026212290158;META FIX COMPACT | Büro-Schraubregal | Grundregal | 2500 x 750 x 600 mm | Fachlast 100 kg | 7+1 Ebenen | verzinkt;;;;
44216;200178450;4026212290165;META FIX COMPACT | Büro-Schraubregal | Anbauregal | 2500 x 750 x 600 mm | Fachlast 100 kg | 7+1 Ebenen | verzinkt;;;;
44217;200178453;4026212290172;META FIX COMPACT | Büro-Schraubregal | Grundregal | 2500 x 1250 x 600 mm | Fachlast 100 kg | 7+1 Ebenen | verzinkt;;;;
44218;200178454;4026212290189;META FIX COMPACT | Büro-Schraubregal | Anbauregal | 2500 x 1250 x 600 mm | Fachlast 100 kg | 7+1 Ebenen | verzinkt;;;;
44219;200178455;4026212290196;META FIX COMPACT | Büro-Schraubregal | Grundregal | 2500 x 750 x 600 mm | Fachlast 100 kg | 7+1 Ebenen | RAL 7035;;;;
44220;200178456;4026212290202;META FIX COMPACT | Büro-Schraubregal | Anbauregal | 2500 x 750 x 600 mm | Fachlast 100 kg | 7+1 Ebenen | RAL 7035;;;;
44221;200178459;4026212290219;META FIX COMPACT | Büro-Schraubregal | Grundregal | 2500 x 1250 x 600 mm | Fachlast 100 kg | 7+1 Ebenen | RAL 7035;;;;
44222;200178460;4026212290226;META FIX COMPACT | Büro-Schraubregal | Anbauregal | 2500 x 1250 x 600 mm | Fachlast 100 kg | 7+1 Ebenen | RAL 7035;;;;
44223;200178497;4026212290233;META COMPACT | Büro-Steckregal | Grundregal | 2500 x 750 x 300 mm | Fachlast 80 kg | 7+1 Ebenen | RAL 7035;;;;
44224;200178498;4026212290240;META COMPACT | Büro-Steckregal | Anbauregal | 2500 x 750 x 300 mm | Fachlast 80 kg | 7+1 Ebenen | RAL 7035;;;;
44225;200178503;4026212290257;META COMPACT | Büro-Steckregal | Grundregal | 2500 x 750 x 600 mm | Fachlast 100 kg | 7+1 Ebenen | RAL 7035;;;;
44226;200178504;4026212290264;META COMPACT | Büro-Steckregal | Anbauregal | 2500 x 750 x 600 mm | Fachlast 100 kg | 7+1 Ebenen | RAL 7035;;;;
44227;200178461;4026212290271;META COMPACT S3| Büro-Steckregal | Grundregal | 1850 x 750 x 300 mm | Fachlast 80 kg | 5+1 Ebenen | Endanschlag | verzinkt;;;;
44228;200178462;4026212290288;META COMPACT S3| Büro-Steckregal | Anbauregal | 1850 x 750 x 300 mm | Fachlast 80 kg | 5+1 Ebenen | Endanschlag | verzinkt;;;;
44229;200178463;4026212290295;META COMPACT S3| Büro-Steckregal | Grundregal | 1850 x 1000 x 300 mm | Fachlast 80 kg | 5+1 Ebenen | Endanschlag | verzinkt;;;;
44230;200178464;4026212290301;META COMPACT S3| Büro-Steckregal | Anbauregal | 1850 x 1000 x 300 mm | Fachlast 80 kg | 5+1 Ebenen | Endanschlag | verzinkt;;;;
44231;200178465;4026212290318;META COMPACT S3| Büro-Steckregal | Grundregal | 1850 x 1250 x 300 mm | Fachlast 80 kg | 5+1 Ebenen | Endanschlag | verzinkt;;;;
44232;200178466;4026212290325;META COMPACT S3| Büro-Steckregal | Anbauregal | 1850 x 1250 x 300 mm | Fachlast 80 kg | 5+1 Ebenen | Endanschlag | verzinkt;;;;
44233;200178467;4026212290332;META COMPACT S3| Büro-Steckregal | Grundregal | 2200 x 750 x 300 mm | Fachlast 80 kg | 6+1 Ebenen | Endanschlag | verzinkt;;;;
44234;200178468;4026212290349;META COMPACT S3| Büro-Steckregal | Anbauregal | 2200 x 750 x 300 mm | Fachlast 80 kg | 6+1 Ebenen | Endanschlag | verzinkt;;;;
44235;200178469;4026212290356;META COMPACT S3| Büro-Steckregal | Grundregal | 2200 x 1000 x 300 mm | Fachlast 80 kg | 6+1 Ebenen | Endanschlag | verzinkt;;;;
44236;200178470;4026212290363;META COMPACT S3| Büro-Steckregal | Anbauregal | 2200 x 1000 x 300 mm | Fachlast 80 kg | 6+1 Ebenen | Endanschlag | verzinkt;;;;
44237;200178471;4026212290370;META COMPACT S3| Büro-Steckregal | Grundregal | 2200 x 1250 x 300 mm | Fachlast 80 kg | 6+1 Ebenen | Endanschlag | verzinkt;;;;
44238;200178472;4026212290387;META COMPACT S3| Büro-Steckregal | Anbauregal | 2200 x 1250 x 300 mm | Fachlast 80 kg | 6+1 Ebenen | Endanschlag | verzinkt;;;;
44239;200178473;4026212290394;META COMPACT S3| Büro-Steckregal | Grundregal | 2500 x 750 x 300 mm | Fachlast 80 kg | 7+1 Ebenen | Endanschlag | verzinkt;;;;
44240;200178474;4026212290400;META COMPACT S3| Büro-Steckregal | Anbauregal | 2500 x 750 x 300 mm | Fachlast 80 kg | 7+1 Ebenen | Endanschlag | verzinkt;;;;
44241;200178475;4026212290417;META COMPACT S3| Büro-Steckregal | Grundregal | 2500 x 1000 x 300 mm | Fachlast 80 kg | 7+1 Ebenen | Endanschlag | verzinkt;;;;
44242;200178476;4026212290424;META COMPACT S3| Büro-Steckregal | Anbauregal | 2500 x 1000 x 300 mm | Fachlast 80 kg | 7+1 Ebenen | Endanschlag | verzinkt;;;;
44243;200178477;4026212290431;META COMPACT S3| Büro-Steckregal | Grundregal | 2500 x 1250 x 300 mm | Fachlast 80 kg | 7+1 Ebenen | Endanschlag | verzinkt;;;;
44244;200178478;4026212290448;META COMPACT S3| Büro-Steckregal | Anbauregal | 2500 x 1250 x 300 mm | Fachlast 80 kg | 7+1 Ebenen | Endanschlag | verzinkt;;;;
44245;200178479;4026212290455;META COMPACT S3| Büro-Steckregal | Doppel-Grundregal | 1850 x 750 x 600 mm | Fachlast 100 kg | 5+1 Ebenen | Mittelanschlag | verzinkt;;;;
44246;200178480;4026212290462;META COMPACT S3| Büro-Steckregal | Doppel-Anbauregal | 1850 x 750 x 600 mm | Fachlast 100 kg | 5+1 Ebenen | Mittelanschlag | verzinkt;;;;
44247;200178481;4026212290479;META COMPACT S3| Büro-Steckregal | Doppel-Grundregal | 1850 x 1000 x 600 mm | Fachlast 100 kg | 5+1 Ebenen | Mittelanschlag | verzinkt;;;;
44248;200178482;4026212290486;META COMPACT S3| Büro-Steckregal | Doppel-Anbauregal | 1850 x 1000 x 600 mm | Fachlast 100 kg | 5+1 Ebenen | Mittelanschlag | verzinkt;;;;
44249;200178483;4026212290493;META COMPACT S3| Büro-Steckregal | Doppel-Grundregal | 1850 x 1250 x 600 mm | Fachlast 100 kg | 5+1 Ebenen | Mittelanschlag | verzinkt;;;;
44250;200178484;4026212290509;META COMPACT S3| Büro-Steckregal | Doppel-Anbauregal | 1850 x 1250 x 600 mm | Fachlast 100 kg | 5+1 Ebenen | Mittelanschlag | verzinkt;;;;
44251;200178485;4026212290516;META COMPACT S3| Büro-Steckregal | Doppel-Grundregal | 2200 x 750 x 600 mm | Fachlast 100 kg | 6+1 Ebenen | Mittelanschlag | verzinkt;;;;
44252;200178486;4026212290523;META COMPACT S3| Büro-Steckregal | Doppel-Anbauregal | 2200 x 750 x 600 mm | Fachlast 100 kg | 6+1 Ebenen | Mittelanschlag | verzinkt;;;;
44253;200178487;4026212290530;META COMPACT S3| Büro-Steckregal | Doppel-Grundregal | 2200 x 1000 x 600 mm | Fachlast 100 kg | 6+1 Ebenen | Mittelanschlag | verzinkt;;;;
44254;200178488;4026212290547;META COMPACT S3| Büro-Steckregal | Doppel-Anbauregal | 2200 x 1000 x 600 mm | Fachlast 100 kg | 6+1 Ebenen | Mittelanschlag | verzinkt;;;;
44255;200178489;4026212290554;META COMPACT S3| Büro-Steckregal | Doppel-Grundregal | 2200 x 1250 x 600 mm | Fachlast 100 kg | 6+1 Ebenen | Mittelanschlag | verzinkt;;;;
44256;200178490;4026212290561;META COMPACT S3| Büro-Steckregal | Doppel-Anbauregal | 2200 x 1250 x 600 mm | Fachlast 100 kg | 6+1 Ebenen | Mittelanschlag | verzinkt;;;;
44257;200178491;4026212290578;META COMPACT S3| Büro-Steckregal | Doppel-Grundregal | 2500 x 750 x 600 mm | Fachlast 100 kg | 7+1 Ebenen | Mittelanschlag | verzinkt;;;;
44258;200178492;4026212290585;META COMPACT S3| Büro-Steckregal | Doppel-Anbauregal | 2500 x 750 x 600 mm | Fachlast 100 kg | 7+1 Ebenen | Mittelanschlag | verzinkt;;;;
44259;200178493;4026212290592;META COMPACT S3| Büro-Steckregal | Doppel-Grundregal | 2500 x 1000 x 600 mm | Fachlast 100 kg | 7+1 Ebenen | Mittelanschlag | verzinkt;;;;
44260;200178494;4026212290608;META COMPACT S3| Büro-Steckregal | Doppel-Anbauregal | 2500 x 1000 x 600 mm | Fachlast 100 kg | 7+1 Ebenen | Mittelanschlag | verzinkt;;;;
44261;200178495;4026212290615;META COMPACT S3| Büro-Steckregal | Doppel-Grundregal | 2500 x 1250 x 600 mm | Fachlast 100 kg | 7+1 Ebenen | Mittelanschlag | verzinkt;;;;
44262;200178496;4026212290622;META COMPACT S3| Büro-Steckregal | Doppel-Anbauregal | 2500 x 1250 x 600 mm | Fachlast 100 kg | 7+1 Ebenen | Mittelanschlag | verzinkt;;;;
44277;200178554;4026212291018;;;;;
44278;200178589;4026212291254;;;;;
44279;200178588;4026212291391;;;;;
44280;200178644;4026212291445;;;;;
44281;200178694;4026212291544;;;;;
44282;200178760;4026212291865;META FIX COMPACT | Büro-Schraubregal | 3 Felder | 1850 x 3000 x 300 mm | Fachlast 100 kg | 5 Ebenen | RAL 7035;;;;
44283;200178763;4026212291889;META COMPACT | Büro-Steckregalwand | 3 Felder | 1850 x 3750 x 300 mm | Fachlast 80 kg | 5+1 Ebenen | RAL 7035;;;;
44284;200178765;4026212291902;META COMPACT | Büro-Steckregal | 3 Felder | 2000 x 3000 x 300 mm | Fachlast 80 kg | 5 Ebenen | Endanschlag | verzinkt;;;;
44285;200178766;4026212291919;META CLIP S3 | Fachbodenregal | 3 Felder | 2000 x 3000 x 400 mm | Fachlast 150 kg | 3+1 Ebenen | verzinkt;;;;
44286;200178767;4026212291926;META CLIP | Fachbodenregal | 3 Felder | 2000 x 3000 x 400 mm | Fachlast 100 kg | 4+1 Ebenen | RAL 7035;;;;
44287;200178769;4026212291933;META FIX COMPACT | Büro-Schraubregal | 3 Felder | 1850 x 750-1000 x 300 mm | Fachlast 80 kg | 5+1 Ebenen | verzinkt;;;;
44288;200178771;4026212291940;META FIX | Fachbodenregal | 3 Felder | 2000 x 2250 x 400 mm | Fachlast 100 kg | 5 Ebenen | verzinkt;;;;
44289;200178894;4026212292435;META MULTIPAL | Palettenregal | Grundregal | 2700 x 2700 x 1100 mm | Fachlast 990 kg | 3 Ebenen | 9 Paletten | verzinkt;;;;
44290;200178895;4026212292442;;;;;
44291;200178896;4026212292459;;;;;
44292;200178897;4026212292466;;;;;
44293;200178898;4026212292473;;;;;
44294;200178899;4026212292480;;;;;
44295;200178900;4026212292497;;;;;
44296;200178901;4026212292503;;;;;
44297;200178902;4026212292510;;;;;
44298;200178903;4026212292527;;;;;
44299;200178904;4026212292534;;;;;
44300;200178905;4026212292541;;;;;
44301;200178910;4026212292596;META MULTIPAL | Gefahrstoffregal | Grundregal | 2700 x 2700 x 1100 mm;;;;
44302;200178911;4026212292602;META MULTIPAL | Gefahrstoffregal | Anbauregal | 2700 x 2700 x 1100 mm;;;;
44303;200178912;4026212292619;;;;;
44304;200178913;4026212292626;;;;;
44305;200178914;4026212292633;META MULTIPAL | Palettenregal | 2 Felder | 2700 x 2700 x 1100 mm | Fachlast 2600 kg | 3 Ebenen | 8 Paletten | verzinkt;;;;
44306;200178915;4026212292640;;;;;
44307;200179070;4026212293487;;;;;
44308;200179121;4026212293685;;;;;
44309;200179129;4026212293715;;;;;
44310;200179454;4026212295030;;;;;
44311;200179456;4026212295054;;;;;
44312;200179478;4026212295115;;;;;
44313;200179479;4026212295122;;;;;
44314;200179480;4026212295139;;;;;
44315;200179481;4026212295146;;;;;
44316;200179533;4026212295283;;;;;
44317;200179534;4026212295290;;;;;
44318;200179579;4026212295429;;;;;
44319;200179736;4026212295993;META MULTISTRONG M | Kragarmregal | Grundregal | 3500 x 1000 x 400 mm | Armlast 535 kg | einseitig | 5+1 Ebenen;;;;
44320;200179737;4026212296006;META MULTISTRONG M | Kragarmregal | Anbauregal | 3500 x 1000 x 400 mm | Armlast 535 kg | einseitig | 5+1 Ebenen;;;;
44321;200179738;4026212296013;META MULTISTRONG M | Kragarmregal | Grundregal | 3500 x 1000 x 500 mm | Armlast 430 kg | einseitig | 5+1 Ebenen;;;;
44322;200179739;4026212296020;META MULTISTRONG M | Kragarmregal | Anbauregal | 3500 x 1000 x 500 mm | Armlast 430 kg | einseitig | 5+1 Ebenen;;;;
44323;200179740;4026212296037;META MULTISTRONG M | Kragarmregal | Grundregal | 3500 x 1000 x 600 mm | Armlast 355 kg | einseitig | 5+1 Ebenen;;;;
44324;200179741;4026212296044;META MULTISTRONG M | Kragarmregal | Anbauregal | 3500 x 1000 x 600 mm | Armlast 355 kg | einseitig | 5+1 Ebenen;;;;
44325;200179742;4026212296112;META MULTISTRONG M | Kragarmregal | Grundregal | 3500 x 1000 x 800 mm | Armlast 250 kg | einseitig | 5+1 Ebenen;;;;
44326;200179743;4026212296129;META MULTISTRONG M | Kragarmregal | Anbauregal | 3500 x 1000 x 800 mm | Armlast 250 kg | einseitig | 5+1 Ebenen;;;;
44327;200180122;4026212297416;META CLIP S3 | Fachbodenregal | 3 Felder | 2000 x 3000 x 400 mm | Fachlast 100 kg | 4+1 Ebenen | verzinkt;;;;
44328;200179744;4026212297454;META MULTISTRONG M | Kragarmregal | Grundregal | 3500 x 1000 x 400 mm | Armlast 535 kg | doppelseitig | 5+1 Ebenen;;;;
44329;200179745;4026212297461;META MULTISTRONG M | Kragarmregal | Anbauregal | 3500 x 1000 x 400 mm | Armlast 535 kg | doppelseitig | 5+1 Ebenen;;;;
44330;200179746;4026212297478;META MULTISTRONG M | Kragarmregal | Grundregal | 3500 x 1000 x 500 mm | Armlast 430 kg | doppelseitig | 5+1 Ebenen;;;;
44331;200179747;4026212297485;META MULTISTRONG M | Kragarmregal | Anbauregal | 3500 x 1000 x 500 mm | Armlast 430 kg | doppelseitig | 5+1 Ebenen;;;;
44332;200179748;4026212297492;META MULTISTRONG M | Kragarmregal | Grundregal | 3500 x 1000 x 600 mm | Armlast 355 kg | doppelseitig | 5+1 Ebenen;;;;
44333;200179749;4026212297508;META MULTISTRONG M | Kragarmregal | Anbauregal | 3500 x 1000 x 600 mm | Armlast 355 kg | doppelseitig | 5+1 Ebenen;;;;
44334;200179750;4026212297515;META MULTISTRONG M | Kragarmregal | Grundregal | 3500 x 1000 x 800 mm | Armlast 250 kg | doppelseitig | 5+1 Ebenen;;;;
44335;200179751;4026212297522;META MULTISTRONG M | Kragarmregal | Anbauregal | 3500 x 1000 x 800 mm | Armlast 250 kg | doppelseitig | 5+1 Ebenen;;;;
44336;200179752;4026212297539;META MULTISTRONG M | Kragarmregal | Grundregal | 3500 x 1300 x 400 mm | Armlast 535 kg | einseitig | 5+1 Ebenen;;;;
44337;200180150;4026212297621;;;;;
44338;200180151;4026212297645;;;;;
44339;200180152;4026212297652;;;;;
44340;200180153;4026212297669;;;;;
44341;200180154;4026212297676;;;;;
44342;200180183;4026212297720;;;;;
44343;200179753;4026212297737;META MULTISTRONG M | Kragarmregal | Anbauregal | 3500 x 1300 x 400 mm | Armlast 535 kg | einseitig | 5+1 Ebenen;;;;
44344;200179754;4026212297751;META MULTISTRONG M | Kragarmregal | Grundregal | 3500 x 1300 x 500 mm | Armlast 430 kg | einseitig | 5+1 Ebenen;;;;
44345;200179755;4026212297768;META MULTISTRONG M | Kragarmregal | Anbauregal | 3500 x 1300 x 500 mm | Armlast 430 kg | einseitig | 5+1 Ebenen;;;;
44346;200179756;4026212297898;META MULTISTRONG M | Kragarmregal | Grundregal | 3500 x 1300 x 600 mm | Armlast 355 kg | einseitig | 5+1 Ebenen;;;;
44347;200179757;4026212297904;META MULTISTRONG M | Kragarmregal | Anbauregal | 3500 x 1300 x 600 mm | Armlast 355 kg | einseitig | 5+1 Ebenen;;;;
44348;200179758;4026212297911;META MULTISTRONG M | Kragarmregal | Grundregal | 3500 x 1300 x 800 mm | Armlast 250 kg | einseitig | 5+1 Ebenen;;;;
44349;200179759;4026212297928;META MULTISTRONG M | Kragarmregal | Anbauregal | 3500 x 1300 x 800 mm | Armlast 250 kg | einseitig | 5+1 Ebenen;;;;
44350;200179760;4026212297935;META MULTISTRONG M | Kragarmregal | Grundregal | 3500 x 1300 x 400 mm | Armlast 535 kg | doppelseitig | 5+1 Ebenen;;;;
44351;200179761;4026212297942;META MULTISTRONG M | Kragarmregal | Anbauregal | 3500 x 1300 x 400 mm | Armlast 535 kg | doppelseitig | 5+1 Ebenen;;;;
44352;200179762;4026212297966;META MULTISTRONG M | Kragarmregal | Grundregal | 3500 x 1300 x 500 mm | Armlast 430 kg | doppelseitig | 5+1 Ebenen;;;;
44353;200179763;4026212297973;META MULTISTRONG M | Kragarmregal | Anbauregal | 3500 x 1300 x 500 mm | Armlast 430 kg | doppelseitig | 5+1 Ebenen;;;;
44354;200179764;4026212297980;META MULTISTRONG M | Kragarmregal | Grundregal | 3500 x 1300 x 600 mm | Armlast 355 kg | doppelseitig | 5+1 Ebenen;;;;
44355;200179765;4026212297997;META MULTISTRONG M | Kragarmregal | Anbauregal | 3500 x 1300 x 600 mm | Armlast 355 kg | doppelseitig | 5+1 Ebenen;;;;
44356;200179766;4026212298000;META MULTISTRONG M | Kragarmregal | Grundregal | 3500 x 1300 x 800 mm | Armlast 250 kg | doppelseitig | 5+1 Ebenen;;;;
44357;200179767;4026212298017;META MULTISTRONG M | Kragarmregal | Anbauregal | 3500 x 1300 x 800 mm | Armlast 250 kg | doppelseitig | 5+1 Ebenen;;;;
44366;200180321;4026212298352;META CLIP S3 | Fachbodenregal | Doppel-Grundregal | 2000 x 1000 x 600 mm | Fachlast 100 kg | 4+1 Ebenen | verzinkt;;;;
44367;200180322;4026212298369;META CLIP S3 | Fachbodenregal | Doppel-Anbauregal | 2000 x 1000 x 600 mm | Fachlast 100 kg | 4+1 Ebenen | verzinkt;;;;
44368;200180640;4026212299786;;;;;
44369;200180649;4026212299816;META FIX SET | Fachbodenregal | 2 Felder | 2000 x 2000 x 500 mm | Fachlast 150 kg | 4 Ebenen | verzinkt;;;;
44370;200180650;4026212299823;;;;;
44371;200180651;4026212299830;;;;;
44372;200180703;4026212300000;META CLIP S3 | Fachbodenregal | Grundregal | 2000 x 750 x 400 mm | Fachlast 100 kg | 4+1 Ebenen | verzinkt;;;;
44373;200180704;4026212300017;META CLIP S3 | Fachbodenregal | Anbauregal | 2000 x 750 x 400 mm | Fachlast 100 kg | 4+1 Ebenen | verzinkt;;;;
44374;200180705;4026212300024;META CLIP S3 | Fachbodenregal | Grundregal | 2500 x 750 x 400 mm | Fachlast 100 kg | 5+1 Ebenen | verzinkt;;;;
44375;200180706;4026212300031;META CLIP S3 | Fachbodenregal | Anbauregal | 2500 x 750 x 400 mm | Fachlast 100 kg | 5+1 Ebenen | verzinkt;;;;
44376;200180733;4026212300307;META CLIP S3 | Fachbodenregal | Doppel-Grundregal | 2500 x 1000 x 500 mm | Fachlast 150 kg | 5+1 Ebenen | verzinkt;;;;
44377;200180734;4026212300314;META CLIP S3 | Fachbodenregal | Doppel-Anbauregal | 2500 x 1000 x 500 mm | Fachlast 150 kg | 5+1 Ebenen | verzinkt;;;;
44378;200180735;4026212300321;META CLIP S3 | Fachbodenregal | Doppel-Grundregal | 2500 x 1000 x 600 mm | Fachlast 150 kg | 5+1 Ebenen | verzinkt;;;;
44379;200180736;4026212300338;META CLIP S3 | Fachbodenregal | Doppel-Anbauregal | 2500 x 1000 x 600 mm | Fachlast 150 kg | 5+1 Ebenen | verzinkt;;;;
44380;200180737;4026212300345;META CLIP S3 | Fachbodenregal | Doppel-Grundregal | 2000 x 1000 x 500 mm | Fachlast 150 kg | 4+1 Ebenen | verzinkt;;;;
44381;200180738;4026212300352;META CLIP S3 | Fachbodenregal | Doppel-Anbauregal | 2000 x 1000 x 500 mm | Fachlast 150 kg | 4+1 Ebenen | verzinkt;;;;
44382;200180739;4026212300369;META CLIP S3 | Fachbodenregal | Doppel-Grundregal | 2000 x 1000 x 600 mm | Fachlast 150 kg | 4+1 Ebenen | verzinkt;;;;
44383;200180740;4026212300376;META CLIP S3 | Fachbodenregal | Doppel-Anbauregal | 2000 x 1000 x 600 mm | Fachlast 150 kg | 4+1 Ebenen | verzinkt;;;;
44384;200180868;4026212300390;;;;;
44385;200180944;4026212300741;META CLIP S3 | Schrägbodenregal | Grundregal | 2000 x 1000 x 400 mm | Fachlast 150 kg | 7+1 Ebenen | verzinkt;;;;
44386;200180945;4026212300758;META CLIP S3 | Schrägbodenregal | Anbauregal | 2000 x 1000 x 400 mm | Fachlast 150 kg | 7+1 Ebenen | verzinkt;;;;
44387;200181556;4026212303179;META CLIP | Wandbefestigungsset | für Grundregale;;;;
44388;200181557;4026212303186;META CLIP / FIX | Fußverdübelungs-Set | für Grundregale;;;;
44389;200181558;4026212303193;META CLIP / FIX | Fußverdübelungs-Set | für Anbauregale;;;;
44390;200181577;4026212303360;;;;;
44391;200181578;4026212303384;;;;;
44399;200180771;4026212303681;META CLIP S3 | Fachbodenregal | Doppel-Grundregal | 2000 x 1000 x 400 mm | Fachlast 100 kg | 4+1 Ebenen | verzinkt;;;;
44400;200180770;4026212303698;META CLIP S3 | Fachbodenregal | Doppel-Grundregal | 2000 x 1000 x 300 mm | Fachlast 100 kg | 4+1 Ebenen | verzinkt;;;;
44401;200180772;4026212303704;META CLIP S3 | Fachbodenregal | Doppel-Grundregal | 2000 x 1000 x 500 mm | Fachlast 100 kg | 4+1 Ebenen | verzinkt;;;;
44402;200180773;4026212303711;META CLIP S3 | Fachbodenregal | Doppel-Grundregal | 2500 x 1000 x 300 mm | Fachlast 100 kg | 5+1 Ebenen | verzinkt;;;;
44403;200180774;4026212303728;META CLIP S3 | Fachbodenregal | Doppel-Grundregal | 2500 x 1000 x 400 mm | Fachlast 100 kg | 5+1 Ebenen | verzinkt;;;;
44404;200180775;4026212303735;META CLIP S3 | Fachbodenregal | Doppel-Grundregal | 2500 x 1000 x 500 mm | Fachlast 100 kg | 5+1 Ebenen | verzinkt;;;;
44405;200180776;4026212303742;META CLIP S3 | Fachbodenregal | Doppel-Grundregal | 2500 x 1000 x 600 mm | Fachlast 100 kg | 5+1 Ebenen | verzinkt;;;;
44406;200180777;4026212303780;META CLIP S3 | Fachbodenregal | Doppel-Anbauregal | 2000 x 1000 x 300 mm | Fachlast 100 kg | 4+1 Ebenen | verzinkt;;;;
44407;200180778;4026212303797;META CLIP S3 | Fachbodenregal | Doppel-Anbauregal | 2000 x 1000 x 400 mm | Fachlast 100 kg | 4+1 Ebenen | verzinkt;;;;
44408;200180779;4026212303803;META CLIP S3 | Fachbodenregal | Doppel-Anbauregal | 2000 x 1000 x 500 mm | Fachlast 100 kg | 4+1 Ebenen | verzinkt;;;;
44409;200180780;4026212303841;META CLIP S3 | Fachbodenregal | Doppel-Anbauregal | 2500 x 1000 x 300 mm | Fachlast 100 kg | 4+1 Ebenen | verzinkt;;;;
44410;200180781;4026212303858;META CLIP S3 | Fachbodenregal | Doppel-Anbauregal | 2500 x 1000 x 400 mm | Fachlast 100 kg | 4+1 Ebenen | verzinkt;;;;
44411;200180782;4026212303865;META CLIP S3 | Fachbodenregal | Doppel-Anbauregal | 2500 x 1000 x 500 mm | Fachlast 100 kg | 4+1 Ebenen | verzinkt;;;;
44412;200180783;4026212303872;META CLIP S3 | Fachbodenregal | Doppel-Anbauregal | 2500 x 1000 x 600 mm | Fachlast 100 kg | 4+1 Ebenen | verzinkt;;;;
44413;200180784;4026212303889;META CLIP S3 | Fachbodenregal | Doppel-Grundregal | 2000 x 1000 x 300 mm | Fachlast 100 kg | 4+1 Ebenen | RAL 7035;;;;
44414;200180785;4026212303896;META CLIP S3 | Fachbodenregal | Doppel-Grundregal | 2000 x 1000 x 400 mm | Fachlast 100 kg | 4+1 Ebenen | RAL 7035;;;;
44415;200180786;4026212303902;META CLIP S3 | Fachbodenregal | Doppel-Grundregal | 2000 x 1000 x 500 mm | Fachlast 100 kg | 4+1 Ebenen | RAL 7035;;;;
44416;200180787;4026212303919;META CLIP S3 | Fachbodenregal | Doppel-Grundregal | 2000 x 1000 x 600 mm | Fachlast 100 kg | 4+1 Ebenen | RAL 7035;;;;
44417;200180788;4026212303926;META CLIP S3 | Fachbodenregal | Doppel-Grundregal | 2500 x 1000 x 300 mm | Fachlast 100 kg | 5+1 Ebenen | RAL 7035;;;;
44418;200180789;4026212303933;META CLIP S3 | Fachbodenregal | Doppel-Grundregal | 2500 x 1000 x 400 mm | Fachlast 100 kg | 5+1 Ebenen | RAL 7035;;;;
44419;200180791;4026212303940;META CLIP S3 | Fachbodenregal | Doppel-Grundregal | 2500 x 1000 x 600 mm | Fachlast 100 kg | 5+1 Ebenen | RAL 7035;;;;
44420;200180792;4026212304077;META CLIP S3 | Fachbodenregal | Doppel-Anbauregal | 2000 x 1000 x 300 mm | Fachlast 100 kg | 4+1 Ebenen | RAL 7035;;;;
44421;200180793;4026212304084;META CLIP S3 | Fachbodenregal | Doppel-Anbauregal | 2000 x 1000 x 400 mm | Fachlast 100 kg | 4+1 Ebenen | RAL 7035;;;;
44422;200180794;4026212304091;META CLIP S3 | Fachbodenregal | Doppel-Anbauregal | 2000 x 1000 x 500 mm | Fachlast 100 kg | 4+1 Ebenen | RAL 7035;;;;
44423;200180795;4026212304107;META CLIP S3 | Fachbodenregal | Doppel-Anbauregal | 2000 x 1000 x 600 mm | Fachlast 100 kg | 4+1 Ebenen | RAL 7035;;;;
44424;200180796;4026212304121;META CLIP S3 | Fachbodenregal | Doppel-Anbauregal | 2500 x 1000 x 300 mm | Fachlast 100 kg | 5+1 Ebenen | RAL 7035;;;;
44425;200180797;4026212304138;META CLIP S3 | Fachbodenregal | Doppel-Anbauregal | 2500 x 1000 x 400 mm | Fachlast 100 kg | 5+1 Ebenen | RAL 7035;;;;
44426;200180798;4026212304152;META CLIP S3 | Fachbodenregal | Doppel-Anbauregal | 2500 x 1000 x 500 mm | Fachlast 100 kg | 5+1 Ebenen | RAL 7035;;;;
44427;200180799;4026212304169;META CLIP S3 | Fachbodenregal | Doppel-Anbauregal | 2500 x 1000 x 600 mm | Fachlast 100 kg | 5+1 Ebenen | RAL 7035;;;;
44428;200180800;4026212304176;META CLIP S3 | Fachbodenregal | Doppel-Grundregal | 2000 x 1000 x 300 mm | Fachlast 150 kg | 4+1 Ebenen | verzinkt;;;;
44429;200180801;4026212304183;META CLIP S3 | Fachbodenregal | Doppel-Grundregal | 2000 x 1000 x 400 mm | Fachlast 150 kg | 4+1 Ebenen | verzinkt;;;;
44430;200180802;4026212304190;META CLIP S3 | Fachbodenregal | Doppel-Grundregal | 2500 x 1000 x 300 mm | Fachlast 150 kg | 5+1 Ebenen | verzinkt;;;;
44431;200180803;4026212304206;META CLIP S3 | Fachbodenregal | Doppel-Grundregal | 2500 x 1000 x 400 mm | Fachlast 150 kg | 5+1 Ebenen | verzinkt;;;;
44432;200180804;4026212304213;META CLIP S3 | Fachbodenregal | Doppel-Anbauregal | 2000 x 1000 x 300 mm | Fachlast 150 kg | 4+1 Ebenen | verzinkt;;;;
44433;200180805;4026212304220;META CLIP S3 | Fachbodenregal | Doppel-Anbauregal | 2000 x 1000 x 400 mm | Fachlast 150 kg | 4+1 Ebenen | verzinkt;;;;
44434;200180806;4026212304237;META CLIP S3 | Fachbodenregal | Doppel-Anbauregal | 2500 x 1000 x 300 mm | Fachlast 150 kg | 5+1 Ebenen | verzinkt;;;;
44435;200180807;4026212304244;META CLIP S3 | Fachbodenregal | Doppel-Anbauregal | 2500 x 1000 x 400 mm | Fachlast 150 kg | 5+1 Ebenen | verzinkt;;;;
44436;200180808;4026212304251;META CLIP S3 | Fachbodenregal | Doppel-Grundregal | 2000 x 1000 x 300 mm | Fachlast 150 kg | 4+1 Ebenen | RAL 7035;;;;
44437;200180809;4026212304268;META CLIP S3 | Fachbodenregal | Doppel-Grundregal | 2000 x 1000 x 400 mm | Fachlast 150 kg | 4+1 Ebenen | RAL 7035;;;;
44438;200180810;4026212304275;META CLIP S3 | Fachbodenregal | Doppel-Grundregal | 2000 x 1000 x 500 mm | Fachlast 150 kg | 4+1 Ebenen | RAL 7035;;;;
44439;200180811;4026212304282;META CLIP S3 | Fachbodenregal | Doppel-Grundregal | 2000 x 1000 x 600 mm | Fachlast 150 kg | 4+1 Ebenen | RAL 7035;;;;
44440;200180812;4026212304299;META CLIP S3 | Fachbodenregal | Doppel-Grundregal | 2500 x 1000 x 300 mm | Fachlast 150 kg | 5+1 Ebenen | RAL 7035;;;;
44441;200180813;4026212304305;META CLIP S3 | Fachbodenregal | Doppel-Grundregal | 2500 x 1000 x 400 mm | Fachlast 150 kg | 5+1 Ebenen | RAL 7035;;;;
44442;200180814;4026212304312;META CLIP S3 | Fachbodenregal | Doppel-Grundregal | 2500 x 1000 x 500 mm | Fachlast 150 kg | 5+1 Ebenen | RAL 7035;;;;
44443;200180815;4026212304329;META CLIP S3 | Fachbodenregal | Doppel-Grundregal | 2500 x 1000 x 600 mm | Fachlast 150 kg | 5+1 Ebenen | RAL 7035;;;;
44444;200180816;4026212304336;META CLIP S3 | Fachbodenregal | Doppel-Anbauregal | 2000 x 1000 x 300 mm | Fachlast 150 kg | 4+1 Ebenen | RAL 7035;;;;
44445;200181768;4026212304343;META FIX | Wandbefestigungsset | für Grundregale;;;;
44446;200180817;4026212304350;META CLIP S3 | Fachbodenregal | Doppel-Anbauregal | 2000 x 1000 x 400 mm | Fachlast 150 kg | 4+1 Ebenen | RAL 7035;;;;
44447;200180818;4026212304367;META CLIP S3 | Fachbodenregal | Doppel-Anbauregal | 2000 x 1000 x 500 mm | Fachlast 150 kg | 4+1 Ebenen | RAL 7035;;;;
44448;200180819;4026212304374;META CLIP S3 | Fachbodenregal | Doppel-Anbauregal | 2000 x 1000 x 600 mm | Fachlast 150 kg | 4+1 Ebenen | RAL 7035;;;;
44449;200180820;4026212304381;META CLIP S3 | Fachbodenregal | Doppel-Anbauregal | 2500 x 1000 x 300 mm | Fachlast 150 kg | 5+1 Ebenen | RAL 7035;;;;
44450;200180821;4026212304398;META CLIP S3 | Fachbodenregal | Doppel-Anbauregal | 2500 x 1000 x 400 mm | Fachlast 150 kg | 5+1 Ebenen | RAL 7035;;;;
44451;200180822;4026212304404;META CLIP S3 | Fachbodenregal | Doppel-Anbauregal | 2500 x 1000 x 500 mm | Fachlast 150 kg | 5+1 Ebenen | RAL 7035;;;;
44452;200180823;4026212304411;META CLIP S3 | Fachbodenregal | Doppel-Anbauregal | 2500 x 1000 x 600 mm | Fachlast 150 kg | 5+1 Ebenen | RAL 7035;;;;
44453;200180824;4026212304428;META CLIP S3 | Fachbodenregal | Doppel-Grundregal | 2000 x 1000 x 300 mm | Fachlast 230 kg | 4+1 Ebenen | verzinkt;;;;
44454;200180825;4026212304435;META CLIP S3 | Fachbodenregal | Doppel-Grundregal | 2000 x 1000 x 400 mm | Fachlast 230 kg | 4+1 Ebenen | verzinkt;;;;
44455;200180826;4026212304442;META CLIP S3 | Fachbodenregal | Doppel-Grundregal | 2000 x 1000 x 500 mm | Fachlast 230 kg | 4+1 Ebenen | verzinkt;;;;
44456;200180827;4026212304459;META CLIP S3 | Fachbodenregal | Doppel-Grundregal | 2000 x 1000 x 600 mm | Fachlast 230 kg | 4+1 Ebenen | verzinkt;;;;
44457;200180828;4026212304466;META CLIP S3 | Fachbodenregal | Doppel-Grundregal | 2000 x 1000 x 800 mm | Fachlast 230 kg | 4+1 Ebenen | verzinkt;;;;
44458;200180829;4026212304473;META CLIP S3 | Fachbodenregal | Doppel-Grundregal | 2500 x 1000 x 300 mm | Fachlast 230 kg | 5+1 Ebenen | verzinkt;;;;
44459;200180830;4026212304480;META CLIP S3 | Fachbodenregal | Doppel-Grundregal | 2500 x 1000 x 400 mm | Fachlast 230 kg | 5+1 Ebenen | verzinkt;;;;
44460;200180831;4026212304497;META CLIP S3 | Fachbodenregal | Doppel-Grundregal | 2500 x 1000 x 500 mm | Fachlast 230 kg | 5+1 Ebenen | verzinkt;;;;
44461;200180832;4026212304503;META CLIP S3 | Fachbodenregal | Doppel-Grundregal | 2500 x 1000 x 600 mm | Fachlast 230 kg | 5+1 Ebenen | verzinkt;;;;
44462;200180833;4026212304510;META CLIP S3 | Fachbodenregal | Doppel-Grundregal | 2500 x 1000 x 800 mm | Fachlast 230 kg | 5+1 Ebenen | verzinkt;;;;
44463;200180834;4026212304527;META CLIP S3 | Fachbodenregal | Doppel-Anbauregal | 2000 x 1000 x 300 mm | Fachlast 230 kg | 4+1 Ebenen | verzinkt;;;;
44464;200180835;4026212304534;META CLIP S3 | Fachbodenregal | Doppel-Anbauregal | 2000 x 1000 x 400 mm | Fachlast 230 kg | 4+1 Ebenen | verzinkt;;;;
44465;200180836;4026212304541;META CLIP S3 | Fachbodenregal | Doppel-Anbauregal | 2000 x 1000 x 500 mm | Fachlast 230 kg | 4+1 Ebenen | verzinkt;;;;
44466;200180837;4026212304558;META CLIP S3 | Fachbodenregal | Doppel-Anbauregal | 2000 x 1000 x 600 mm | Fachlast 230 kg | 4+1 Ebenen | verzinkt;;;;
44467;200180838;4026212304565;META CLIP S3 | Fachbodenregal | Doppel-Anbauregal | 2000 x 1000 x 800 mm | Fachlast 230 kg | 4+1 Ebenen | verzinkt;;;;
44468;200180839;4026212304572;META CLIP S3 | Fachbodenregal | Doppel-Anbauregal | 2500 x 1000 x 300 mm | Fachlast 230 kg | 5+1 Ebenen | verzinkt;;;;
44469;200180840;4026212304589;META CLIP S3 | Fachbodenregal | Doppel-Anbauregal | 2500 x 1000 x 400 mm | Fachlast 230 kg | 5+1 Ebenen | verzinkt;;;;
44470;200180841;4026212304596;META CLIP S3 | Fachbodenregal | Doppel-Anbauregal | 2500 x 1000 x 500 mm | Fachlast 230 kg | 5+1 Ebenen | verzinkt;;;;
44471;200180842;4026212304602;META CLIP S3 | Fachbodenregal | Doppel-Anbauregal | 2500 x 1000 x 600 mm | Fachlast 230 kg | 5+1 Ebenen | verzinkt;;;;
44472;200180843;4026212304619;META CLIP S3 | Fachbodenregal | Doppel-Anbauregal | 2500 x 1000 x 800 mm | Fachlast 230 kg | 5+1 Ebenen | verzinkt;;;;
44473;200180844;4026212304626;META CLIP S3 | Fachbodenregal | Doppel-Grundregal | 2000 x 1000 x 300 mm | Fachlast 230 kg | 4+1 Ebenen | RAL 7035;;;;
44474;200180845;4026212304633;META CLIP S3 | Fachbodenregal | Doppel-Grundregal | 2000 x 1000 x 400 mm | Fachlast 230 kg | 4+1 Ebenen | RAL 7035;;;;
44475;200180846;4026212304640;META CLIP S3 | Fachbodenregal | Doppel-Grundregal | 2000 x 1000 x 500 mm | Fachlast 230 kg | 4+1 Ebenen | RAL 7035;;;;
44476;200180847;4026212304657;META CLIP S3 | Fachbodenregal | Doppel-Grundregal | 2000 x 1000 x 600 mm | Fachlast 230 kg | 4+1 Ebenen | RAL 7035;;;;
44477;200180848;4026212304664;META CLIP S3 | Fachbodenregal | Doppel-Grundregal | 2000 x 1000 x 800 mm | Fachlast 230 kg | 4+1 Ebenen | RAL 7035;;;;
44478;200180849;4026212304671;META CLIP S3 | Fachbodenregal | Doppel-Grundregal | 2500 x 1000 x 300 mm | Fachlast 230 kg | 5+1 Ebenen | RAL 7035;;;;
44479;200180850;4026212304688;META CLIP S3 | Fachbodenregal | Doppel-Grundregal | 2500 x 1000 x 400 mm | Fachlast 230 kg | 5+1 Ebenen | RAL 7035;;;;
44480;200180851;4026212304695;META CLIP S3 | Fachbodenregal | Doppel-Grundregal | 2500 x 1000 x 500 mm | Fachlast 230 kg | 5+1 Ebenen | RAL 7035;;;;
44481;200180852;4026212304701;META CLIP S3 | Fachbodenregal | Doppel-Grundregal | 2500 x 1000 x 600 mm | Fachlast 230 kg | 5+1 Ebenen | RAL 7035;;;;
44482;200180853;4026212304718;META CLIP S3 | Fachbodenregal | Doppel-Grundregal | 2500 x 1000 x 800 mm | Fachlast 230 kg | 5+1 Ebenen | RAL 7035;;;;
44483;200180854;4026212304725;META CLIP S3 | Fachbodenregal | Doppel-Anbauregal | 2000 x 1000 x 300 mm | Fachlast 230 kg | 4+1 Ebenen | RAL 7035;;;;
44484;200180855;4026212304732;META CLIP S3 | Fachbodenregal | Doppel-Anbauregal | 2000 x 1000 x 400 mm | Fachlast 230 kg | 4+1 Ebenen | RAL 7035;;;;
44485;200180856;4026212304749;META CLIP S3 | Fachbodenregal | Doppel-Anbauregal | 2000 x 1000 x 500 mm | Fachlast 230 kg | 4+1 Ebenen | RAL 7035;;;;
44486;200180857;4026212304770;META CLIP S3 | Fachbodenregal | Doppel-Anbauregal | 2000 x 1000 x 600 mm | Fachlast 230 kg | 4+1 Ebenen | RAL 7035;;;;
44487;200180858;4026212304787;META CLIP S3 | Fachbodenregal | Doppel-Anbauregal | 2000 x 1000 x 800 mm | Fachlast 230 kg | 4+1 Ebenen | RAL 7035;;;;
44488;200180859;4026212304794;META CLIP S3 | Fachbodenregal | Doppel-Anbauregal | 2500 x 1000 x 300 mm | Fachlast 230 kg | 5+1 Ebenen | RAL 7035;;;;
44489;200180860;4026212304800;META CLIP S3 | Fachbodenregal | Doppel-Anbauregal | 2500 x 1000 x 400 mm | Fachlast 230 kg | 5+1 Ebenen | RAL 7035;;;;
44490;200180861;4026212304817;META CLIP S3 | Fachbodenregal | Doppel-Anbauregal | 2500 x 1000 x 500 mm | Fachlast 230 kg | 5+1 Ebenen | RAL 7035;;;;
44491;200180862;4026212304824;META CLIP S3 | Fachbodenregal | Doppel-Anbauregal | 2500 x 1000 x 600 mm | Fachlast 230 kg | 5+1 Ebenen | RAL 7035;;;;
44492;200180863;4026212304831;META CLIP S3 | Fachbodenregal | Doppel-Anbauregal | 2500 x 1000 x 800 mm | Fachlast 230 kg | 5+1 Ebenen | RAL 7035;;;;
44493;200180864;4026212304848;META CLIP S3 | Fachbodenregal | Grundregal | 2000 x 1300 x 300 mm | Fachlast 230 kg | 3+1 Ebenen | verzinkt;;;;
44494;200180865;4026212304855;META CLIP S3 | Fachbodenregal | Grundregal | 2000 x 1300 x 400 mm | Fachlast 230 kg | 3+1 Ebenen | verzinkt;;;;
44495;200181779;4026212304879;META CLIP S3 | Fachbodenregal | Grundregal | 2000 x 1300 x 500 mm | Fachlast 230 kg | 3+1 Ebenen | verzinkt;;;;
44496;200181780;4026212304886;META CLIP S3 | Fachbodenregal | Grundregal | 2000 x 1300 x 600 mm | Fachlast 230 kg | 3+1 Ebenen | verzinkt;;;;
44497;200181781;4026212304909;META CLIP S3 | Fachbodenregal | Grundregal | 2000 x 1300 x 800 mm | Fachlast 230 kg | 3+1 Ebenen | verzinkt;;;;
44498;200181782;4026212304916;META CLIP S3 | Fachbodenregal | Grundregal | 2500 x 1300 x 300 mm | Fachlast 230 kg | 4+1 Ebenen | verzinkt;;;;
44499;200181783;4026212304923;META CLIP S3 | Fachbodenregal | Grundregal | 2500 x 1300 x 400 mm | Fachlast 230 kg | 4+1 Ebenen | verzinkt;;;;
44500;200181784;4026212304930;META CLIP S3 | Fachbodenregal | Grundregal | 2500 x 1300 x 500 mm | Fachlast 230 kg | 4+1 Ebenen | verzinkt;;;;
44501;200181785;4026212304947;META CLIP S3 | Fachbodenregal | Grundregal | 2500 x 1300 x 600 mm | Fachlast 230 kg | 4+1 Ebenen | verzinkt;;;;
44502;200181786;4026212304954;META CLIP S3 | Fachbodenregal | Grundregal | 2500 x 1300 x 800 mm | Fachlast 230 kg | 4+1 Ebenen | verzinkt;;;;
44503;200181787;4026212304978;META CLIP S3 | Fachbodenregal | Anbauregal | 2000 x 1300 x 300 mm | Fachlast 230 kg | 3+1 Ebenen | verzinkt;;;;
44504;200181788;4026212304985;META CLIP S3 | Fachbodenregal | Anbauregal | 2000 x 1300 x 400 mm | Fachlast 230 kg | 3+1 Ebenen | verzinkt;;;;
44505;200181789;4026212304992;META CLIP S3 | Fachbodenregal | Anbauregal | 2000 x 1300 x 500 mm | Fachlast 230 kg | 3+1 Ebenen | verzinkt;;;;
44506;200181790;4026212305005;META CLIP S3 | Fachbodenregal | Anbauregal | 2000 x 1300 x 600 mm | Fachlast 230 kg | 3+1 Ebenen | verzinkt;;;;
44507;200181791;4026212305012;META CLIP S3 | Fachbodenregal | Anbauregal | 2000 x 1300 x 800 mm | Fachlast 230 kg | 3+1 Ebenen | verzinkt;;;;
44508;200181792;4026212305029;META CLIP S3 | Fachbodenregal | Anbauregal | 2500 x 1300 x 300 mm | Fachlast 230 kg | 4+1 Ebenen | verzinkt;;;;
44509;200181793;4026212305036;META CLIP S3 | Fachbodenregal | Anbauregal | 2500 x 1300 x 400 mm | Fachlast 230 kg | 4+1 Ebenen | verzinkt;;;;
44510;200181794;4026212305043;META CLIP S3 | Fachbodenregal | Anbauregal | 2500 x 1300 x 500 mm | Fachlast 230 kg | 4+1 Ebenen | verzinkt;;;;
44511;200181795;4026212305050;META CLIP S3 | Fachbodenregal | Anbauregal | 2500 x 1300 x 600 mm | Fachlast 230 kg | 4+1 Ebenen | verzinkt;;;;
44512;200181796;4026212305067;META CLIP S3 | Fachbodenregal | Anbauregal | 2500 x 1300 x 800 mm | Fachlast 230 kg | 4+1 Ebenen | verzinkt;;;;
44513;200181797;4026212305074;META CLIP S3 | Fachbodenregal | Grundregal | 2000 x 1300 x 300 mm | Fachlast 230 kg | 3+1 Ebenen | RAL 7035;;;;
44514;200181798;4026212305081;META CLIP S3 | Fachbodenregal | Grundregal | 2000 x 1300 x 400 mm | Fachlast 230 kg | 3+1 Ebenen | RAL 7035;;;;
44515;200181799;4026212305098;META CLIP S3 | Fachbodenregal | Grundregal | 2000 x 1300 x 500 mm | Fachlast 230 kg | 3+1 Ebenen | RAL 7035;;;;
44516;200181800;4026212305104;META CLIP S3 | Fachbodenregal | Grundregal | 2000 x 1300 x 600 mm | Fachlast 230 kg | 3+1 Ebenen | RAL 7035;;;;
44517;200181801;4026212305111;META CLIP S3 | Fachbodenregal | Grundregal | 2000 x 1300 x 800 mm | Fachlast 230 kg | 3+1 Ebenen | RAL 7035;;;;
44518;200181802;4026212305128;META CLIP S3 | Fachbodenregal | Grundregal | 2500 x 1300 x 300 mm | Fachlast 230 kg | 4+1 Ebenen | RAL 7035;;;;
44519;200181803;4026212305135;META CLIP S3 | Fachbodenregal | Grundregal | 2500 x 1300 x 400 mm | Fachlast 230 kg | 4+1 Ebenen | RAL 7035;;;;
44520;200181804;4026212305142;META CLIP S3 | Fachbodenregal | Grundregal | 2500 x 1300 x 500 mm | Fachlast 230 kg | 4+1 Ebenen | RAL 7035;;;;
44521;200181805;4026212305159;META CLIP S3 | Fachbodenregal | Grundregal | 2500 x 1300 x 600 mm | Fachlast 230 kg | 4+1 Ebenen | RAL 7035;;;;
44522;200181806;4026212305166;META CLIP S3 | Fachbodenregal | Grundregal | 2500 x 1300 x 800 mm | Fachlast 230 kg | 4+1 Ebenen | RAL 7035;;;;
44523;200181807;4026212305203;META CLIP S3 | Fachbodenregal | Anbauregal | 2000 x 1300 x 300 mm | Fachlast 230 kg | 3+1 Ebenen | RAL 7035;;;;
44524;200181808;4026212305210;META CLIP S3 | Fachbodenregal | Anbauregal | 2000 x 1300 x 400 mm | Fachlast 230 kg | 3+1 Ebenen | RAL 7035;;;;
44525;200181809;4026212305227;META CLIP S3 | Fachbodenregal | Anbauregal | 2000 x 1300 x 500 mm | Fachlast 230 kg | 3+1 Ebenen | RAL 7035;;;;
44526;200181810;4026212305234;META CLIP S3 | Fachbodenregal | Anbauregal | 2000 x 1300 x 600 mm | Fachlast 230 kg | 3+1 Ebenen | RAL 7035;;;;
44527;200181811;4026212305241;META CLIP S3 | Fachbodenregal | Anbauregal | 2000 x 1300 x 800 mm | Fachlast 230 kg | 3+1 Ebenen | RAL 7035;;;;
44528;200181812;4026212305265;META CLIP S3 | Fachbodenregal | Anbauregal | 2500 x 1300 x 300 mm | Fachlast 230 kg | 4+1 Ebenen | RAL 7035;;;;
44529;200181813;4026212305272;META CLIP S3 | Fachbodenregal | Anbauregal | 2500 x 1300 x 400 mm | Fachlast 230 kg | 4+1 Ebenen | RAL 7035;;;;
44530;200181814;4026212305289;META CLIP S3 | Fachbodenregal | Anbauregal | 2500 x 1300 x 500 mm | Fachlast 230 kg | 4+1 Ebenen | RAL 7035;;;;
44531;200181815;4026212305296;META CLIP S3 | Fachbodenregal | Anbauregal | 2500 x 1300 x 600 mm | Fachlast 230 kg | 4+1 Ebenen | RAL 7035;;;;
44532;200181816;4026212305302;META CLIP S3 | Fachbodenregal | Anbauregal | 2500 x 1300 x 800 mm | Fachlast 230 kg | 4+1 Ebenen | RAL 7035;;;;
44533;200181817;4026212305319;META CLIP S3 | Fachbodenregal | Doppel-Grundregal | 2000 x 1300 x 300 mm | Fachlast 230 kg | 3+1 Ebenen | verzinkt;;;;
44534;200181818;4026212305326;META CLIP S3 | Fachbodenregal | Doppel-Grundregal | 2000 x 1300 x 400 mm | Fachlast 230 kg | 3+1 Ebenen | verzinkt;;;;
44535;200181819;4026212305333;META CLIP S3 | Fachbodenregal | Doppel-Grundregal | 2000 x 1300 x 500 mm | Fachlast 230 kg | 3+1 Ebenen | verzinkt;;;;
44536;200181820;4026212305340;META CLIP S3 | Fachbodenregal | Doppel-Grundregal | 2000 x 1300 x 600 mm | Fachlast 230 kg | 3+1 Ebenen | verzinkt;;;;
44537;200181821;4026212305357;META CLIP S3 | Fachbodenregal | Doppel-Grundregal | 2000 x 1300 x 800 mm | Fachlast 230 kg | 3+1 Ebenen | verzinkt;;;;
44538;200181822;4026212305364;META CLIP S3 | Fachbodenregal | Doppel-Grundregal | 2500 x 1300 x 300 mm | Fachlast 230 kg | 4+1 Ebenen | verzinkt;;;;
44539;200181823;4026212305371;META CLIP S3 | Fachbodenregal | Doppel-Grundregal | 2500 x 1300 x 400 mm | Fachlast 230 kg | 4+1 Ebenen | verzinkt;;;;
44540;200181824;4026212305388;META CLIP S3 | Fachbodenregal | Doppel-Grundregal | 2500 x 1300 x 500 mm | Fachlast 230 kg | 4+1 Ebenen | verzinkt;;;;
44541;200181825;4026212305395;META CLIP S3 | Fachbodenregal | Doppel-Grundregal | 2500 x 1300 x 600 mm | Fachlast 230 kg | 4+1 Ebenen | verzinkt;;;;
44542;200181826;4026212305401;META CLIP S3 | Fachbodenregal | Doppel-Grundregal | 2500 x 1300 x 800 mm | Fachlast 230 kg | 4+1 Ebenen | verzinkt;;;;
44543;200181827;4026212305418;META CLIP S3 | Fachbodenregal | Doppel-Anbauregal | 2000 x 1300 x 300 mm | Fachlast 230 kg | 3+1 Ebenen | verzinkt;;;;
44544;200181828;4026212305425;META CLIP S3 | Fachbodenregal | Doppel-Anbauregal | 2000 x 1300 x 400 mm | Fachlast 230 kg | 3+1 Ebenen | verzinkt;;;;
44545;200181829;4026212305432;META CLIP S3 | Fachbodenregal | Doppel-Anbauregal | 2000 x 1300 x 500 mm | Fachlast 230 kg | 3+1 Ebenen | verzinkt;;;;
44546;200181830;4026212305449;META CLIP S3 | Fachbodenregal | Doppel-Anbauregal | 2000 x 1300 x 600 mm | Fachlast 230 kg | 3+1 Ebenen | verzinkt;;;;
44547;200181831;4026212305456;META CLIP S3 | Fachbodenregal | Doppel-Anbauregal | 2000 x 1300 x 800 mm | Fachlast 230 kg | 3+1 Ebenen | verzinkt;;;;
44548;200181832;4026212305463;META CLIP S3 | Fachbodenregal | Doppel-Anbauregal | 2500 x 1300 x 300 mm | Fachlast 230 kg | 4+1 Ebenen | verzinkt;;;;
44549;200181833;4026212305470;META CLIP S3 | Fachbodenregal | Doppel-Anbauregal | 2500 x 1300 x 400 mm | Fachlast 230 kg | 4+1 Ebenen | verzinkt;;;;
44550;200181834;4026212305487;META CLIP S3 | Fachbodenregal | Doppel-Anbauregal | 2500 x 1300 x 500 mm | Fachlast 230 kg | 4+1 Ebenen | verzinkt;;;;
44551;200181835;4026212305494;META CLIP S3 | Fachbodenregal | Doppel-Anbauregal | 2500 x 1300 x 600 mm | Fachlast 230 kg | 4+1 Ebenen | verzinkt;;;;
44552;200181836;4026212305500;META CLIP S3 | Fachbodenregal | Doppel-Anbauregal | 2500 x 1300 x 800 mm | Fachlast 230 kg | 4+1 Ebenen | verzinkt;;;;
44553;200181837;4026212305524;META CLIP S3 | Fachbodenregal | Doppel-Grundregal | 2000 x 1300 x 300 mm | Fachlast 230 kg | 3+1 Ebenen | RAL 7035;;;;
44554;200181838;4026212305531;META CLIP S3 | Fachbodenregal | Doppel-Grundregal | 2000 x 1300 x 400 mm | Fachlast 230 kg | 3+1 Ebenen | RAL 7035;;;;
44555;200181839;4026212305548;META CLIP S3 | Fachbodenregal | Doppel-Grundregal | 2000 x 1300 x 500 mm | Fachlast 230 kg | 3+1 Ebenen | RAL 7035;;;;
44556;200181840;4026212305555;META CLIP S3 | Fachbodenregal | Doppel-Grundregal | 2000 x 1300 x 600 mm | Fachlast 230 kg | 3+1 Ebenen | RAL 7035;;;;
44557;200181841;4026212305562;META CLIP S3 | Fachbodenregal | Doppel-Grundregal | 2000 x 1300 x 800 mm | Fachlast 230 kg | 3+1 Ebenen | RAL 7035;;;;
44558;200181842;4026212305579;META CLIP S3 | Fachbodenregal | Doppel-Grundregal | 2500 x 1300 x 300 mm | Fachlast 230 kg | 4+1 Ebenen | RAL 7035;;;;
44559;200181843;4026212305586;META CLIP S3 | Fachbodenregal | Doppel-Grundregal | 2500 x 1300 x 400 mm | Fachlast 230 kg | 4+1 Ebenen | RAL 7035;;;;
44560;200181844;4026212305593;META CLIP S3 | Fachbodenregal | Doppel-Grundregal | 2500 x 1300 x 500 mm | Fachlast 230 kg | 4+1 Ebenen | RAL 7035;;;;
44561;200181845;4026212305609;META CLIP S3 | Fachbodenregal | Doppel-Grundregal | 2500 x 1300 x 600 mm | Fachlast 230 kg | 4+1 Ebenen | RAL 7035;;;;
44562;200181846;4026212305616;META CLIP S3 | Fachbodenregal | Doppel-Grundregal | 2500 x 1300 x 800 mm | Fachlast 230 kg | 4+1 Ebenen | RAL 7035;;;;
44563;200181847;4026212305739;META CLIP S3 | Fachbodenregal | Doppel-Anbauregal | 2000 x 1300 x 300 mm | Fachlast 230 kg | 3+1 Ebenen | RAL 7035;;;;
44564;200181848;4026212305746;META CLIP S3 | Fachbodenregal | Doppel-Anbauregal | 2000 x 1300 x 400 mm | Fachlast 230 kg | 3+1 Ebenen | RAL 7035;;;;
44565;200181849;4026212305753;META CLIP S3 | Fachbodenregal | Doppel-Anbauregal | 2000 x 1300 x 500 mm | Fachlast 230 kg | 3+1 Ebenen | RAL 7035;;;;
44566;200181850;4026212305760;META CLIP S3 | Fachbodenregal | Doppel-Anbauregal | 2000 x 1300 x 600 mm | Fachlast 230 kg | 3+1 Ebenen | RAL 7035;;;;
44567;200181851;4026212305777;META CLIP S3 | Fachbodenregal | Doppel-Anbauregal | 2000 x 1300 x 800 mm | Fachlast 230 kg | 3+1 Ebenen | RAL 7035;;;;
44568;200181852;4026212305784;META CLIP S3 | Fachbodenregal | Doppel-Anbauregal | 2500 x 1300 x 300 mm | Fachlast 230 kg | 4+1 Ebenen | RAL 7035;;;;
44569;200181853;4026212305791;META CLIP S3 | Fachbodenregal | Doppel-Anbauregal | 2500 x 1300 x 400 mm | Fachlast 230 kg | 4+1 Ebenen | RAL 7035;;;;
44570;200181854;4026212305807;META CLIP S3 | Fachbodenregal | Doppel-Anbauregal | 2500 x 1300 x 500 mm | Fachlast 230 kg | 4+1 Ebenen | RAL 7035;;;;
44571;200181855;4026212305814;META CLIP S3 | Fachbodenregal | Doppel-Anbauregal | 2500 x 1300 x 600 mm | Fachlast 230 kg | 4+1 Ebenen | RAL 7035;;;;
44572;200181856;4026212305821;META CLIP S3 | Fachbodenregal | Doppel-Anbauregal | 2500 x 1300 x 800 mm | Fachlast 230 kg | 4+1 Ebenen | RAL 7035;;;;
44573;200181918;4026212305982;;;;;
44574;200180790;4026212306743;META CLIP S3 | Fachbodenregal | Doppel-Grundregal | 2500 x 1000 x 500 mm | Fachlast 100 kg | 5+1 Ebenen | RAL 7035;;;;
44575;200182138;4026212306880;META CLIP S3 | Fachbodenregal | Grundregal | 1850 x 750 x 300 mm | Fachlast 80 kg | 3+1 Ebenen | Endanschlag | verzinkt;;;;
44576;200182139;4026212306897;META CLIP S3 | Fachbodenregal | Anbauregal | 1850 x 750 x 300 mm | Fachlast 80 kg | 3+1 Ebenen | Endanschlag | verzinkt;;;;
44577;200182140;4026212306903;META CLIP S3 | Fachbodenregal | Grundregal | 1850 x 1000 x 300 mm | Fachlast 80 kg | 3+1 Ebenen | Endanschlag | verzinkt;;;;
44578;200182141;4026212306910;META CLIP S3 | Fachbodenregal | Anbauregal | 1850 x 1000 x 300 mm | Fachlast 80 kg | 3+1 Ebenen | Endanschlag | verzinkt;;;;
44579;200182142;4026212306927;META CLIP S3 | Fachbodenregal | Grundregal | 2000 x 750 x 300 mm | Fachlast 80 kg | 4+1 Ebenen | Endanschlag | verzinkt;;;;
44580;200182143;4026212306934;META CLIP S3 | Fachbodenregal | Anbauregal | 2000 x 750 x 300 mm | Fachlast 80 kg | 4+1 Ebenen | Endanschlag | verzinkt;;;;
44581;200182144;4026212306941;META CLIP S3 | Fachbodenregal | Grundregal | 2000 x 1000 x 300 mm | Fachlast 80 kg | 4+1 Ebenen | Endanschlag | verzinkt;;;;
44582;200182145;4026212306958;META CLIP S3 | Fachbodenregal | Anbauregal | 2000 x 1000 x 300 mm | Fachlast 80 kg | 4+1 Ebenen | Endanschlag | verzinkt;;;;
44583;200182146;4026212306965;META CLIP S3 | Fachbodenregal | Grundregal | 2200 x 750 x 300 mm | Fachlast 80 kg | 5+1 Ebenen | Endanschlag | verzinkt;;;;
44584;200182147;4026212306972;META CLIP S3 | Fachbodenregal | Anbauregal | 2200 x 750 x 300 mm | Fachlast 80 kg | 5+1 Ebenen | Endanschlag | verzinkt;;;;
44585;200182148;4026212306989;META CLIP S3 | Fachbodenregal | Grundregal | 2200 x 1000 x 300 mm | Fachlast 80 kg | 5+1 Ebenen | Endanschlag | verzinkt;;;;
44586;200182149;4026212306996;META CLIP S3 | Fachbodenregal | Anbauregal | 2200 x 1000 x 300 mm | Fachlast 80 kg | 5+1 Ebenen | Endanschlag | verzinkt;;;;
44587;200182150;4026212307009;META CLIP S3 | Fachbodenregal | Grundregal | 2500 x 750 x 300 mm | Fachlast 80 kg | 6+1 Ebenen | Endanschlag | verzinkt;;;;
44588;200182151;4026212307016;META CLIP S3 | Fachbodenregal | Anbauregal | 2500 x 750 x 300 mm | Fachlast 80 kg | 6+1 Ebenen | Endanschlag | verzinkt;;;;
44589;200182152;4026212307023;META CLIP S3 | Fachbodenregal | Grundregal | 2500 x 1000 x 300 mm | Fachlast 80 kg | 6+1 Ebenen | Endanschlag | verzinkt;;;;
44590;200182153;4026212307030;META CLIP S3 | Fachbodenregal | Anbauregal | 2500 x 1000 x 300 mm | Fachlast 80 kg | 6+1 Ebenen | Endanschlag | verzinkt;;;;
44591;200182154;4026212307047;META CLIP S3 | Fachbodenregal | 3 Felder | 2000 x 3000 x 300 mm | Fachlast 80 kg | 4+1 Ebenen | Endanschlag | verzinkt;;;;
44592;200182195;4026212307115;META CLIP S3 | Fachbodenregal | Grundregal | 2000 x 750 x 300 mm | Fachlast 100 kg | 4+1 Ebenen | verzinkt;;;;
44593;200182196;4026212307122;META CLIP S3 | Fachbodenregal | Anbauregal | 2000 x 750 x 300 mm | Fachlast 100 kg | 4+1 Ebenen | verzinkt;;;;
44594;200182197;4026212307139;META CLIP S3 | Fachbodenregal | Grundregal | 2500 x 750 x 300 mm | Fachlast 100 kg | 5+1 Ebenen | verzinkt;;;;
44595;200182198;4026212307146;META CLIP S3 | Fachbodenregal | Anbauregal | 2500 x 750 x 300 mm | Fachlast 100 kg | 5+1 Ebenen | verzinkt;;;;
44596;200182199;4026212307153;META CLIP S3 | Fachbodenregal | Grundregal | 2000 x 750 x 500 mm | Fachlast 100 kg | 4+1 Ebenen | verzinkt;;;;
44597;200182200;4026212307160;META CLIP S3 | Fachbodenregal | Anbauregal | 2000 x 750 x 500 mm | Fachlast 100 kg | 4+1 Ebenen | verzinkt;;;;
44598;200182201;4026212307177;META CLIP S3 | Fachbodenregal | Grundregal | 2500 x 750 x 500 mm | Fachlast 100 kg | 5+1 Ebenen | verzinkt;;;;
44599;200182202;4026212307184;META CLIP S3 | Fachbodenregal | Anbauregal | 2500 x 750 x 500 mm | Fachlast 100 kg | 5+1 Ebenen | verzinkt;;;;
44600;200182203;4026212307191;META CLIP S3 | Fachbodenregal | Grundregal | 2000 x 750 x 600 mm | Fachlast 100 kg | 4+1 Ebenen | verzinkt;;;;
44601;200182204;4026212307207;META CLIP S3 | Fachbodenregal | Anbauregal | 2000 x 750 x 600 mm | Fachlast 100 kg | 4+1 Ebenen | verzinkt;;;;
44602;200182205;4026212307214;META CLIP S3 | Fachbodenregal | Grundregal | 2500 x 750 x 600 mm | Fachlast 100 kg | 5+1 Ebenen | verzinkt;;;;
44603;200182206;4026212307221;META CLIP S3 | Fachbodenregal | Anbauregal | 2500 x 750 x 600 mm | Fachlast 100 kg | 5+1 Ebenen | verzinkt;;;;
44614;200182455;4026212307894;META COMPACT S3 | Büro-Steckregal | 3 Felder | 1850 x 3000 x 300 mm | Fachlast 80 kg | 5 Ebenen | verzinkt;;;;
44615;200182472;4026212307924;;;;;
44616;200182474;4026212307948;;;;;
44617;200182475;4026212307955;;;;;
44618;200182476;4026212307962;;;;;
44619;200182478;4026212307986;;;;;
44620;200182479;4026212307993;;;;;
44621;200182480;4026212308006;;;;;
44622;200182482;4026212308020;;;;;
44623;200182483;4026212308037;;;;;
44624;200182484;4026212308044;;;;;
44625;200182486;4026212308068;;;;;
44626;200182487;4026212308075;;;;;
44627;200182488;4026212308082;;;;;
44628;200182490;4026212308105;;;;;
44629;200182491;4026212308112;;;;;
44630;200182492;4026212308129;;;;;
44631;200182494;4026212308136;;;;;
44632;200182495;4026212308143;;;;;
44633;200182496;4026212308150;;;;;
44634;200182498;4026212308174;;;;;
44635;200182499;4026212308181;;;;;
44636;200182500;4026212308198;;;;;
44637;200182502;4026212308211;;;;;
44638;200182503;4026212308228;;;;;
44687;200182640;4026212309140;META CLIP | Fachbodenregal | Grundregal | 2000 x 1500 x 400 mm | Fachlast 200 kg | 3+1 Ebenen | verzinkt;;;;
44700;200182641;4026212309324;META CLIP | Fachbodenregal | Anbauregal | 2000 x 1500 x 400 mm | Fachlast 200 kg | 3+1 Ebenen | verzinkt;;;;
44701;200182642;4026212309331;META CLIP | Fachbodenregal | Grundregal | 2000 x 1500 x 500 mm | Fachlast 200 kg | 3+1 Ebenen | verzinkt;;;;
44702;200182643;4026212309348;META CLIP | Fachbodenregal | Anbauregal | 2000 x 1500 x 500 mm | Fachlast 200 kg | 3+1 Ebenen | verzinkt;;;;
44703;200182644;4026212309362;META CLIP | Fachbodenregal | Grundregal | 2000 x 1500 x 600 mm | Fachlast 200 kg | 3+1 Ebenen | verzinkt;;;;
44704;200182645;4026212309379;META CLIP | Fachbodenregal | Anbauregal | 2000 x 1500 x 600 mm | Fachlast 200 kg | 3+1 Ebenen | verzinkt;;;;
44705;200182646;4026212309386;META CLIP | Fachbodenregal | Grundregal | 2500 x 1500 x 400 mm | Fachlast 200 kg | 4+1 Ebenen | verzinkt;;;;
44706;200182647;4026212309393;META CLIP | Fachbodenregal | Anbauregal | 2500 x 1500 x 400 mm | Fachlast 200 kg | 4+1 Ebenen | verzinkt;;;;
44707;200182648;4026212309423;META CLIP | Fachbodenregal | Grundregal | 2500 x 1500 x 500 mm | Fachlast 200 kg | 4+1 Ebenen | verzinkt;;;;
44708;200182649;4026212309430;META CLIP | Fachbodenregal | Anbauregal | 2500 x 1500 x 500 mm | Fachlast 200 kg | 4+1 Ebenen | verzinkt;;;;
44709;200182650;4026212309454;META CLIP | Fachbodenregal | Grundregal | 2500 x 1500 x 600 mm | Fachlast 200 kg | 4+1 Ebenen | verzinkt;;;;
44710;200182651;4026212309461;META CLIP | Fachbodenregal | Anbauregal | 2500 x 1500 x 600 mm | Fachlast 200 kg | 4+1 Ebenen | verzinkt;;;;
44711;200182652;4026212309492;META CLIP | Fachbodenregal | Grundregal | 2000 x 1700 x 400 mm | Fachlast 200 kg | 3+1 Ebenen | verzinkt;;;;
44712;200182653;4026212309515;META CLIP | Fachbodenregal | Anbauregal | 2000 x 1700 x 400 mm | Fachlast 200 kg | 3+1 Ebenen | verzinkt;;;;
44713;200182654;4026212309522;META CLIP | Fachbodenregal | Grundregal | 2000 x 1700 x 500 mm | Fachlast 200 kg | 3+1 Ebenen | verzinkt;;;;
44714;200182655;4026212309539;META CLIP | Fachbodenregal | Anbauregal | 2000 x 1700 x 500 mm | Fachlast 200 kg | 3+1 Ebenen | verzinkt;;;;
44715;200182656;4026212309546;META CLIP | Fachbodenregal | Grundregal | 2000 x 1700 x 600 mm | Fachlast 200 kg | 3+1 Ebenen | verzinkt;;;;
44716;200182657;4026212309577;META CLIP | Fachbodenregal | Anbauregal | 2000 x 1700 x 600 mm | Fachlast 200 kg | 3+1 Ebenen | verzinkt;;;;
44717;200182658;4026212309584;META CLIP | Fachbodenregal | Grundregal | 2500 x 1700 x 400 mm | Fachlast 200 kg | 4+1 Ebenen | verzinkt;;;;
44718;200182659;4026212309591;META CLIP | Fachbodenregal | Anbauregal | 2500 x 1700 x 400 mm | Fachlast 200 kg | 4+1 Ebenen | verzinkt;;;;
44719;200182660;4026212309607;META CLIP | Fachbodenregal | Grundregal | 2500 x 1700 x 500 mm | Fachlast 200 kg | 4+1 Ebenen | verzinkt;;;;
44720;200182661;4026212309614;META CLIP | Fachbodenregal | Anbauregal | 2500 x 1700 x 500 mm | Fachlast 200 kg | 4+1 Ebenen | verzinkt;;;;
44721;200182662;4026212309621;META CLIP | Fachbodenregal | Grundregal | 2500 x 1700 x 600 mm | Fachlast 200 kg | 4+1 Ebenen | verzinkt;;;;
44722;200182663;4026212309638;META CLIP | Fachbodenregal | Anbauregal | 2500 x 1700 x 600 mm | Fachlast 200 kg | 4+1 Ebenen | verzinkt;;;;
44723;200182664;4026212309645;META CLIP | Fachbodenregal | Grundregal | 2000 x 1500 x 400 mm | Fachlast 200 kg | 3+1 Ebenen | RAL 7035;;;;
44724;200182665;4026212309652;META CLIP | Fachbodenregal | Anbauregal | 2000 x 1500 x 400 mm | Fachlast 200 kg | 3+1 Ebenen | RAL 7035;;;;
44725;200182666;4026212309669;META CLIP | Fachbodenregal | Grundregal | 2000 x 1500 x 500 mm | Fachlast 200 kg | 3+1 Ebenen | RAL 7035;;;;
44726;200182667;4026212309676;META CLIP | Fachbodenregal | Anbauregal | 2000 x 1500 x 500 mm | Fachlast 200 kg | 3+1 Ebenen | RAL 7035;;;;
44727;200182668;4026212309683;META CLIP | Fachbodenregal | Grundregal | 2000 x 1500 x 600 mm | Fachlast 200 kg | 3+1 Ebenen | RAL 7035;;;;
44728;200182669;4026212309690;META CLIP | Fachbodenregal | Anbauregal | 2000 x 1500 x 600 mm | Fachlast 200 kg | 3+1 Ebenen | RAL 7035;;;;
44729;200182670;4026212309706;META CLIP | Fachbodenregal | Grundregal | 2500 x 1500 x 400 mm | Fachlast 200 kg | 4+1 Ebenen | RAL 7035;;;;
44730;200182671;4026212309713;META CLIP | Fachbodenregal | Anbauregal | 2500 x 1500 x 400 mm | Fachlast 200 kg | 4+1 Ebenen | RAL 7035;;;;
44731;200182672;4026212309720;META CLIP | Fachbodenregal | Grundregal | 2500 x 1500 x 500 mm | Fachlast 200 kg | 4+1 Ebenen | RAL 7035;;;;
44732;200182673;4026212309737;META CLIP | Fachbodenregal | Anbauregal | 2500 x 1500 x 500 mm | Fachlast 200 kg | 4+1 Ebenen | RAL 7035;;;;
44733;200182674;4026212309768;META CLIP | Fachbodenregal | Grundregal | 2500 x 1500 x 600 mm | Fachlast 200 kg | 4+1 Ebenen | RAL 7035;;;;
44734;200182675;4026212309775;META CLIP | Fachbodenregal | Anbauregal | 2500 x 1500 x 600 mm | Fachlast 200 kg | 4+1 Ebenen | RAL 7035;;;;
44735;200182676;4026212309782;META CLIP | Fachbodenregal | Grundregal | 2000 x 1700 x 400 mm | Fachlast 200 kg | 3+1 Ebenen | RAL 7035;;;;
44736;200182677;4026212309799;META CLIP | Fachbodenregal | Anbauregal | 2000 x 1700 x 400 mm | Fachlast 200 kg | 3+1 Ebenen | RAL 7035;;;;
44737;200182678;4026212309836;META CLIP | Fachbodenregal | Grundregal | 2000 x 1700 x 500 mm | Fachlast 200 kg | 3+1 Ebenen | RAL 7035;;;;
44738;200182679;4026212309843;META CLIP | Fachbodenregal | Anbauregal | 2000 x 1700 x 500 mm | Fachlast 200 kg | 3+1 Ebenen | RAL 7035;;;;
44739;200182680;4026212309850;META CLIP | Fachbodenregal | Grundregal | 2000 x 1700 x 600 mm | Fachlast 200 kg | 3+1 Ebenen | RAL 7035;;;;
44740;200182681;4026212309867;META CLIP | Fachbodenregal | Anbauregal | 2000 x 1700 x 600 mm | Fachlast 200 kg | 3+1 Ebenen | RAL 7035;;;;
44741;200182682;4026212309874;META CLIP | Fachbodenregal | Grundregal | 2500 x 1700 x 400 mm | Fachlast 200 kg | 4+1 Ebenen | RAL 7035;;;;
44742;200182683;4026212309881;META CLIP | Fachbodenregal | Anbauregal | 2500 x 1700 x 400 mm | Fachlast 200 kg | 4+1 Ebenen | RAL 7035;;;;
44743;200182684;4026212309898;META CLIP | Fachbodenregal | Grundregal | 2500 x 1700 x 500 mm | Fachlast 200 kg | 4+1 Ebenen | RAL 7035;;;;
44744;200182685;4026212309904;META CLIP | Fachbodenregal | Anbauregal | 2500 x 1700 x 500 mm | Fachlast 200 kg | 4+1 Ebenen | RAL 7035;;;;
44745;200182686;4026212309911;META CLIP | Fachbodenregal | Grundregal | 2500 x 1700 x 600 mm | Fachlast 200 kg | 4+1 Ebenen | RAL 7035;;;;
44746;200182687;4026212309928;META CLIP | Fachbodenregal | Anbauregal | 2500 x 1700 x 600 mm | Fachlast 200 kg | 4+1 Ebenen | RAL 7035;;;;
44747;200182742;4026212309973;META SPEED-RACK Weitspannregal | 3 Felder | 2470 x 2000 x 600 mm | Fachlast 500 kg | Spanplattenböden | 4 Ebenen;;;;
44752;200182958;4026212311310;;;;;
44753;200182959;4026212311327;;;;;
44754;200182960;4026212311334;;;;;
44755;200182961;4026212311341;;;;;
44756;200182982;4026212311358;META MINI-RACK | Schilderregal | Grundregal | 2500 x 1400 x 800 mm | 3 Ebenen | verzinkt;;;;
44757;200182962;4026212311372;;;;;
44758;200182963;4026212311389;;;;;
44759;200182964;4026212311396;;;;;
44760;200182965;4026212311402;;;;;
44761;200182983;4026212311419;META MINI-RACK | Schilderregal | Anbauregal | 2500 x 1400 x 800 mm | 3 Ebenen | verzinkt;;;;
44762;200182984;4026212311426;META MINI-RACK | Schilderregal | Grundregal | 2500 x 1400 x 1050 mm | 3 Ebenen | verzinkt;;;;
44763;200182985;4026212311433;META MINI-RACK | Schilderregal | Anbauregal | 2500 x 1400 x 1050 mm | 3 Ebenen | verzinkt;;;;
44764;200182986;4026212311440;META MINI-RACK | Schilderregal | Grundregal | 2500 x 1800 x 800 mm | 3 Ebenen | verzinkt;;;;
44765;200182966;4026212311457;;;;;
44766;200182967;4026212311464;;;;;
44767;200182987;4026212311471;META MINI-RACK | Schilderregal | Anbauregal | 2500 x 1800 x 800 mm | 3 Ebenen | verzinkt;;;;
44768;200182988;4026212311488;META MINI-RACK | Schilderregal | Grundregal | 2500 x 1800 x 1050 mm | 3 Ebenen | verzinkt;;;;
44769;200182989;4026212311495;META MINI-RACK | Schilderregal | Anbauregal | 2500 x 1800 x 1050 mm | 3 Ebenen | verzinkt;;;;
44770;200182990;4026212311501;META MINI-RACK | Schilderregal | Grundregal | 2500 x 2200 x 800 mm | 3 Ebenen | verzinkt;;;;
44771;200182991;4026212311518;META MINI-RACK | Schilderregal | Anbauregal | 2500 x 2200 x 800 mm | 3 Ebenen | verzinkt;;;;
44772;200182992;4026212311525;META MINI-RACK | Schilderregal | Grundregal | 2500 x 2200 x 1050 mm | 3 Ebenen | verzinkt;;;;
44773;200182993;4026212311532;META MINI-RACK | Schilderregal | Anbauregal | 2500 x 2200 x 1050 mm | 3 Ebenen | verzinkt;;;;
44774;200182994;4026212311549;META MINI-RACK | Schilderregal | Grundregal | 2500 x 2600 x 800 mm | 3 Ebenen | verzinkt;;;;
44775;200182995;4026212311556;META MINI-RACK | Schilderregal | Anbauregal | 2500 x 2600 x 800 mm | 3 Ebenen | verzinkt;;;;
44776;200182996;4026212311563;META MINI-RACK | Schilderregal | Grundregal | 2500 x 2600 x 1050 mm | 3 Ebenen | verzinkt;;;;
44777;200182997;4026212311570;META MINI-RACK | Schilderregal | Anbauregal | 2500 x 2600 x 1050 mm | 3 Ebenen | verzinkt;;;;
44778;200182968;4026212311587;;;;;
44779;200182998;4026212311617;META MINI-RACK | Schilderregal | Grundregal | 3000 x 1400 x 800 mm | 4 Ebenen | verzinkt;;;;
44780;200182970;4026212311624;;;;;
44781;200182999;4026212311631;META MINI-RACK | Schilderregal | Anbauregal | 3000 x 1400 x 800 mm | 4 Ebenen | verzinkt;;;;
44782;200183000;4026212311648;META MINI-RACK | Schilderregal | Grundregal | 3000 x 1400 x 1050 mm | 4 Ebenen | verzinkt;;;;
44783;200183001;4026212311655;META MINI-RACK | Schilderregal | Anbauregal | 3000 x 1400 x 1050 mm | 4 Ebenen | verzinkt;;;;
44784;200182971;4026212311662;;;;;
44785;200183002;4026212311716;META MINI-RACK | Schilderregal | Grundregal | 3000 x 1800 x 800 mm | 4 Ebenen | verzinkt;;;;
44786;200183003;4026212311723;META MINI-RACK | Schilderregal | Anbauregal | 3000 x 1800 x 800 mm | 4 Ebenen | verzinkt;;;;
44787;200183004;4026212311730;META MINI-RACK | Schilderregal | Grundregal | 3000 x 1800 x 1050 mm | 4 Ebenen | verzinkt;;;;
44788;200183005;4026212311747;META MINI-RACK | Schilderregal | Anbauregal | 3000 x 1800 x 1050 mm | 4 Ebenen | verzinkt;;;;
44789;200183006;4026212311754;META MINI-RACK | Schilderregal | Grundregal | 3000 x 2200 x 800 mm | 4 Ebenen | verzinkt;;;;
44790;200183007;4026212311761;META MINI-RACK | Schilderregal | Anbauregal | 3000 x 2200 x 800 mm | 4 Ebenen | verzinkt;;;;
44791;200183008;4026212311778;META MINI-RACK | Schilderregal | Grundregal | 3000 x 2200 x 1050 mm | 4 Ebenen | verzinkt;;;;
44792;200183009;4026212311785;META MINI-RACK | Schilderregal | Anbauregal | 3000 x 2200 x 1050 mm | 4 Ebenen | verzinkt;;;;
44793;200183010;4026212311792;META MINI-RACK | Schilderregal | Grundregal | 3000 x 2600 x 800 mm | 4 Ebenen | verzinkt;;;;
44794;200183011;4026212311808;META MINI-RACK | Schilderregal | Anbauregal | 3000 x 2600 x 800 mm | 4 Ebenen | verzinkt;;;;
44795;200183012;4026212311815;META MINI-RACK | Schilderregal | Grundregal | 3000 x 2600 x 1050 mm | 4 Ebenen | verzinkt;;;;
44796;200183013;4026212311822;META MINI-RACK | Schilderregal | Anbauregal | 3000 x 2600 x 1050 mm | 4 Ebenen | verzinkt;;;;
44797;200183045;4026212311839;META CLIP S3 | Fachbodenregal | Anbauregal | 2500 x 750 x 600 mm | Fachlast 100 kg | 5+1 Ebenen | RAL 7035;;;;
44798;200183032;4026212311860;META CLIP S3 | Fachbodenregal | Grundregal | 2000 x 750 x 400 mm | Fachlast 100 kg | 4+1 Ebenen | RAL 7035;;;;
44799;200183033;4026212311877;META CLIP S3 | Fachbodenregal | Anbauregal | 2000 x 750 x 400 mm | Fachlast 100 kg | 4+1 Ebenen | RAL 7035;;;;
44800;200183034;4026212311884;META CLIP S3 | Fachbodenregal | Grundregal | 2000 x 750 x 500 mm | Fachlast 100 kg | 4+1 Ebenen | RAL 7035;;;;
44801;200183035;4026212311891;META CLIP S3 | Fachbodenregal | Anbauregal | 2000 x 750 x 500 mm | Fachlast 100 kg | 4+1 Ebenen | RAL 7035;;;;
44802;200183036;4026212311907;META CLIP S3 | Fachbodenregal | Grundregal | 2000 x 750 x 600 mm | Fachlast 100 kg | 4+1 Ebenen | RAL 7035;;;;
44803;200183037;4026212311914;META CLIP S3 | Fachbodenregal | Anbauregal | 2000 x 750 x 600 mm | Fachlast 100 kg | 4+1 Ebenen | RAL 7035;;;;
44804;200183040;4026212311952;META CLIP S3 | Fachbodenregal | Grundregal | 2500 x 750 x 400 mm | Fachlast 100 kg | 5+1 Ebenen | RAL 7035;;;;
44805;200183041;4026212311969;META CLIP S3 | Fachbodenregal | Anbauregal | 2500 x 750 x 400 mm | Fachlast 100 kg | 5+1 Ebenen | RAL 7035;;;;
44806;200183042;4026212311976;META CLIP S3 | Fachbodenregal | Grundregal | 2500 x 750 x 500 mm | Fachlast 100 kg | 5+1 Ebenen | RAL 7035;;;;
44807;200183043;4026212311983;META CLIP S3 | Fachbodenregal | Anbauregal | 2500 x 750 x 500 mm | Fachlast 100 kg | 5+1 Ebenen | RAL 7035;;;;
44808;200183044;4026212311990;META CLIP S3 | Fachbodenregal | Grundregal | 2500 x 750 x 600 mm | Fachlast 100 kg | 5+1 Ebenen | RAL 7035;;;;
44809;200183266;4026212313246;;;;;
44810;200183282;4026212313291;;;;;
44811;200183291;4026212313314;;;;;
44813;200183400;4026212313796;;;;;
44814;200183401;4026212313819;;;;;
44815;200183402;4026212313857;;;;;
44816;200183403;4026212313864;;;;;
44817;200183404;4026212313871;;;;;
44818;200183405;4026212313888;;;;;
44819;200183406;4026212313895;;;;;
44820;200183407;4026212313901;;;;;
44821;200183408;4026212313918;;;;;
44822;200183409;4026212313925;;;;;
44823;200183410;4026212313932;;;;;
44824;200183411;4026212313949;;;;;
44825;200183412;4026212313956;;;;;
44826;200183413;4026212313963;;;;;
44827;200183414;4026212313970;;;;;
44828;200183415;4026212313987;;;;;
44829;200183416;4026212313994;;;;;
44830;200183417;4026212314007;;;;;
44831;200183421;4026212314083;;;;;
44832;200183422;4026212314090;;;;;
44833;200183423;4026212314106;;;;;
44834;200183424;4026212314113;;;;;
44835;200183425;4026212314120;;;;;
44836;200183426;4026212314137;;;;;
44837;200183427;4026212314144;;;;;
44838;200183428;4026212314151;;;;;
44843;200183438;4026212314311;;;;;
44844;200183443;4026212314366;;;;;
44904;200183832;4026212316230;META CLIP S3 | Fachbodenregal | Grundregal | 1850 x 1000 x 400 mm | Fachlast 150 kg | 4+1 Ebenen | verzinkt;;;;
44905;200183833;4026212316247;META CLIP S3 | Fachbodenregal | Grundregal | 1850 x 1000 x 500 mm | Fachlast 150 kg | 4+1 Ebenen | verzinkt;;;;
44906;200183834;4026212316254;META CLIP S3 | Fachbodenregal | Grundregal | 1850 x 1000 x 600 mm | Fachlast 150 kg | 4+1 Ebenen | verzinkt;;;;
44907;200183836;4026212316278;META CLIP S3 | Fachbodenregal | Anbauregal | 1850 x 1000 x 400 mm | Fachlast 150 kg | 4+1 Ebenen | verzinkt;;;;
44908;200183837;4026212316285;META CLIP S3 | Fachbodenregal | Anbauregal | 1850 x 1000 x 500 mm | Fachlast 150 kg | 4+1 Ebenen | verzinkt;;;;
44909;200183838;4026212316292;META CLIP S3 | Fachbodenregal | Anbauregal | 1850 x 1000 x 600 mm | Fachlast 150 kg | 4+1 Ebenen | verzinkt;;;;
44912;200184301;4026212319071;;;;;
44913;200184303;4026212319095;;;;;
44914;200184307;4026212319163;;;;;
44915;200184428;4026212319538;;;;;
44916;200184429;4026212319545;;;;;
44917;200184430;4026212319552;;;;;
44918;200184431;4026212319569;;;;;
44919;200184432;4026212319576;;;;;
44920;200184456;4026212319644;;;;;
44921;200184457;4026212319651;;;;;
44922;200184458;4026212319668;;;;;
44923;200184459;4026212319675;;;;;
44924;200184460;4026212319682;;;;;
44925;200184461;4026212319699;;;;;
44926;200184462;4026212319705;;;;;
44927;200184463;4026212319712;;;;;
44928;200184464;4026212319729;;;;;
44939;200184539;4026212319989;;;;;
44940;200184540;4026212319996;;;;;
44941;200184541;4026212320008;;;;;
44942;200184542;4026212320015;;;;;
44943;200184543;4026212320022;;;;;
44944;200184546;4026212320039;META MULTIPAL | Gefahrstoffregal | Grundregal | 3800 x 2700 x 1100 mm;;;;
44945;200184547;4026212320046;META MULTIPAL | Gefahrstoffregal | Anbauregal | 3800 x 2700 x 1100 mm;;;;
44946;200184552;4026212320091;META MULTIPAL | Gefahrstoffregal KTC | Grundregal | 4900 x 2700 x 1100 mm;;;;
44947;200184553;4026212320107;META MULTIPAL | Gefahrstoffregal KTC |Anbauregal | 4900 x 2700 x 1100 mm;;;;
44948;200184561;4026212320145;META CLIP | Schilderregal | Grundregal | 2000 x 1000 x 600 mm | Fachlast 100 kg | 3 Ebenen | verzinkt;;;;
44949;200184562;4026212320152;META CLIP | Schilderregal | Anbauregal | 2000 x 1000 x 600 mm | Fachlast 100 kg | 3 Ebenen | verzinkt;;;;
44950;200184644;4026212320589;;;;;
44951;200184645;4026212320596;;;;;
44952;200184653;4026212320633;;;;;
44953;200184654;4026212320640;;;;;
44954;200184655;4026212320657;;;;;
44955;200184656;4026212320664;META CLIP | Keilriemenregal | Grundregal | 2000 x 1000 x 400 | 4 Ebenen | verzinkt;;;;
44956;200184657;4026212320671;META CLIP | Keilriemenregal | Anbauregal | 2000 x 1000 x 400 | 4 Ebenen | verzinkt;;;;
44957;200184658;4026212320688;META CLIP | Keilriemenregal | Grundregal | 2000 x 1000 x 500 | 4 Ebenen | verzinkt;;;;
44958;200184659;4026212320695;META CLIP | Keilriemenregal | Anbauregal | 2000 x 1000 x 500 | 4 Ebenen | verzinkt;;;;
44959;200184660;4026212320701;META CLIP | Abgasanlagenregal | Grundregal | 2000 x 1000 x 400 | stehende Lagerung | verzinkt;;;;
44960;200184661;4026212320718;META CLIP | Abgasanlagenregal | Anbauregal | 2000 x 1000 x 400 | stehende Lagerung | verzinkt;;;;
44961;200184662;4026212320725;META CLIP | Abgasanlagenregal | Grundregal | 2000 x 1000 x 500 | stehende Lagerung | verzinkt;;;;
44962;200184663;4026212320732;META CLIP | Abgasanlagenregal | Anbauregal | 2000 x 1000 x 500 | stehende Lagerung | verzinkt;;;;
44963;200184664;4026212320749;META CLIP | Abgasanlagenregal | Grundregal | 2000 x 1000 x 800 | stehende Lagerung | verzinkt;;;;
44964;200184665;4026212320756;META CLIP | Abgasanlagenregal | Anbauregal | 2000 x 1000 x 800 | stehende Lagerung | verzinkt;;;;
44965;200184666;4026212320763;;;;;
44966;200184667;4026212320770;META CLIP | Euroloch-Seitenwand | 1000 x 300 mm | inkl. Befestigung | verzinkt;;;;
44967;200184668;4026212320787;META CLIP | Euroloch-Seitenwand | 1000 x 400 mm | inkl. Befestigung | verzinkt;;;;
44968;200184669;4026212320794;META CLIP | Euroloch-Seitenwand | 1000 x 500 mm | inkl. Befestigung | verzinkt;;;;
44969;200184670;4026212320800;META CLIP | Euroloch-Seitenwand | 1000 x 600 mm | inkl. Befestigung | verzinkt;;;;
44970;200184671;4026212320817;META CLIP | Euroloch-Seitenwand | 1000 x 800 mm | inkl. Befestigung | verzinkt;;;;
44971;200184672;4026212320824;;;;;
44972;200184679;4026212320831;;;;;
44973;20057424;4026212320947;CLIP Lochwandpaneel 200 x 1000 vzk Achsmaß 979 Langloch ( 8,5x18 );;;;
44974;200184707;4026212320954;;;;;
44975;20057425;4026212320961;;;;;
44977;200184711;4026212320992;;;;;
44978;200184712;4026212321005;;;;;
44979;200184710;4026212321012;;;;;
44980;200184713;4026212321029;META CLIP | Abgasanlagenregal | Grundregal | 2000 x 1000 x 600 | liegende Lagerung | verzinkt;;;;
44981;200184714;4026212321036;META CLIP | Abgasanlagenregal | Anbauregal | 2000 x 1000 x 600 | liegende Lagerung | verzinkt;;;;
44982;200184715;4026212321043;META CLIP | Abgasanlagenregal | Grundregal | 2000 x 1000 x 800 | liegende Lagerung | verzinkt;;;;
44983;200184716;4026212321050;META CLIP | Abgasanlagenregal | Anbauregal | 2000 x 1000 x 800 | liegende Lagerung | verzinkt;;;;
44984;200184726;4026212321067;;;;;
44985;200184756;4026212321159;;;;;
44986;200184757;4026212321166;;;;;
44987;200184758;4026212321173;;;;;
44988;200184975;4026212321913;;;;;
44989;200184940;4026212321937;META MULTISTRONG H | Kragarmregal | 3 Felder | 3000 x 3000 x 1000 mm | Armlast 505 kg | einseitig | 4+1 Ebenen;;;;
44991;200184939;4026212322002;META MULTISTRONG H | Kragarmregal | 3 Felder | 3000 x 3000 x 800 mm | Armlast 630 kg | einseitig | 4+1 Ebenen;;;;
44992;200184941;4026212322019;META MULTISTRONG H | Kragarmregal | 3 Felder | 3000 x 3000 x 1250 mm | Armlast 400 kg | einseitig | 4+1 Ebenen;;;;
44993;200184942;4026212322026;META MULTISTRONG H | Kragarmregal | 4 Felder | 3000 x 4000 x 800 mm | Armlast 630 kg | einseitig | 4+1 Ebenen;;;;
44994;200184943;4026212322033;META MULTISTRONG H | Kragarmregal | 4 Felder | 3000 x 4000 x 1000 mm | Armlast 505 kg | einseitig | 4+1 Ebenen;;;;
44995;200184944;4026212322040;META MULTISTRONG H | Kragarmregal | 4 Felder | 3000 x 4000 x 1250 mm | Armlast 400 kg | einseitig | 4+1 Ebenen;;;;
44996;200184945;4026212322057;META MULTISTRONG H | Kragarmregal | 5 Felder | 3000 x 5000 x 800 mm | Armlast 630 kg | einseitig | 4+1 Ebenen;;;;
44997;200184946;4026212322064;META MULTISTRONG H | Kragarmregal | 5 Felder | 3000 x 5000 x 1000 mm | Armlast 505 kg | einseitig | 4+1 Ebenen;;;;
44998;200184947;4026212322071;META MULTISTRONG H | Kragarmregal | 5 Felder | 3000 x 5000 x 1250 mm | Armlast 400 kg | einseitig | 4+1 Ebenen;;;;
44999;200184948;4026212322095;META MULTISTRONG H | Kragarmregal | 3 Felder | 4000 x 3000 x 800 mm | Armlast 630 kg | einseitig | 4+1 Ebenen;;;;
45000;200184949;4026212322101;META MULTISTRONG H | Kragarmregal | 3 Felder | 4000 x 3000 x 1000 mm | Armlast 505 kg | einseitig | 4+1 Ebenen;;;;
45001;200184950;4026212322118;META MULTISTRONG H | Kragarmregal | 3 Felder | 4000 x 3000 x 1250 mm | Armlast 400 kg | einseitig | 4+1 Ebenen;;;;
45002;200184951;4026212322125;META MULTISTRONG H | Kragarmregal | 4 Felder | 4000 x 4000 x 800 mm | Armlast 630 kg | einseitig | 4+1 Ebenen;;;;
45003;200184952;4026212322132;META MULTISTRONG H | Kragarmregal | 4 Felder | 4000 x 4000 x 1000 mm | Armlast 505 kg | einseitig | 4+1 Ebenen;;;;
45004;200184953;4026212322149;META MULTISTRONG H | Kragarmregal | 4 Felder | 4000 x 4000 x 1250 mm | Armlast 400 kg | einseitig | 4+1 Ebenen;;;;
45005;200184954;4026212322156;META MULTISTRONG H | Kragarmregal | 5 Felder | 4000 x 5000 x 800 mm | Armlast 630 kg | einseitig | 4+1 Ebenen;;;;
45006;200184955;4026212322163;META MULTISTRONG H | Kragarmregal | 5 Felder | 4000 x 5000 x 1000 mm | Armlast 505 kg | einseitig | 4+1 Ebenen;;;;
45007;200184956;4026212322170;META MULTISTRONG H | Kragarmregal | 5 Felder | 4000 x 5000 x 1250 mm | Armlast 400 kg | einseitig | 4+1 Ebenen;;;;
45008;200184957;4026212322187;META MULTISTRONG H | Kragarmregal | 3 Felder | 3000 x 3000 x 800 mm | Armlast 630 kg | doppelseitig | 4+1 Ebenen;;;;
45009;200184958;4026212322194;META MULTISTRONG H | Kragarmregal | 3 Felder | 3000 x 3000 x 1000 mm | Armlast 505 kg | doppelseitig | 4+1 Ebenen;;;;
45010;200184959;4026212322200;META MULTISTRONG H | Kragarmregal | 3 Felder | 3000 x 3000 x 1250 mm | Armlast 400 kg | doppelseitig | 4+1 Ebenen;;;;
45011;200184960;4026212322217;META MULTISTRONG H | Kragarmregal | 4 Felder | 3000 x 4000 x 800 mm | Armlast 630 kg | doppelseitig | 4+1 Ebenen;;;;
45012;200184961;4026212322224;META MULTISTRONG H | Kragarmregal | 4 Felder | 3000 x 4000 x 1000 mm | Armlast 505 kg | doppelseitig | 4+1 Ebenen;;;;
45013;200184962;4026212322231;META MULTISTRONG H | Kragarmregal | 4 Felder | 3000 x 4000 x 1250 mm | Armlast 400 kg | doppelseitig | 4+1 Ebenen;;;;
45014;200184963;4026212322248;META MULTISTRONG H | Kragarmregal | 5 Felder | 3000 x 5000 x 800 mm | Armlast 630 kg | doppelseitig | 4+1 Ebenen;;;;
45015;200184964;4026212322255;META MULTISTRONG H | Kragarmregal | 5 Felder | 3000 x 5000 x 1000 mm | Armlast 505 kg | doppelseitig | 4+1 Ebenen;;;;
45016;200184965;4026212322262;META MULTISTRONG H | Kragarmregal | 5 Felder | 3000 x 5000 x 1250 mm | Armlast 400 kg | doppelseitig | 4+1 Ebenen;;;;
45017;200184966;4026212322279;META MULTISTRONG H | Kragarmregal | 3 Felder | 4000 x 3000 x 800 mm | Armlast 630 kg | doppelseitig | 4+1 Ebenen;;;;
45018;200184967;4026212322286;META MULTISTRONG H | Kragarmregal | 3 Felder | 4000 x 3000 x 1000 mm | Armlast 505 kg | doppelseitig | 4+1 Ebenen;;;;
45019;200184968;4026212322293;META MULTISTRONG H | Kragarmregal | 3 Felder | 4000 x 3000 x 1250 mm | Armlast 400 kg | doppelseitig | 4+1 Ebenen;;;;
45020;200184969;4026212322309;META MULTISTRONG H | Kragarmregal | 4 Felder | 4000 x 4000 x 800 mm | Armlast 630 kg | doppelseitig | 4+1 Ebenen;;;;
45021;200184970;4026212322316;META MULTISTRONG H | Kragarmregal | 4 Felder | 4000 x 4000 x 1000 mm | Armlast 505 kg | doppelseitig | 4+1 Ebenen;;;;
45022;200184971;4026212322323;META MULTISTRONG H | Kragarmregal | 4 Felder | 4000 x 4000 x 1250 mm | Armlast 400 kg | doppelseitig | 4+1 Ebenen;;;;
45023;200184972;4026212322330;META MULTISTRONG H | Kragarmregal | 5 Felder | 4000 x 5000 x 800 mm | Armlast 630 kg | doppelseitig | 4+1 Ebenen;;;;
45024;200184973;4026212322347;META MULTISTRONG H | Kragarmregal | 5 Felder | 4000 x 5000 x 1000 mm | Armlast 505 kg | doppelseitig | 4+1 Ebenen;;;;
45025;200184974;4026212322354;META MULTISTRONG H | Kragarmregal | 5 Felder | 4000 x 5000 x 1250 mm | Armlast 400 kg | doppelseitig | 4+1 Ebenen;;;;
45028;200185176;4026212323085;META CLIP | Draht-Seitenwand | 2000 x 800 mm | inkl. Befestigung | verzinkt;;;;
45030;200185235;4026212323337;META CLIP S3 | Fachbodenregal | Grundregal | 2000 x 1500 x 400 mm | Fachlast 200 kg | 3+1 Ebenen | verzinkt;;;;
45031;200185236;4026212323368;META CLIP S3 | Fachbodenregal | Anbauregal | 2000 x 1500 x 400 mm | Fachlast 200 kg | 3+1 Ebenen | verzinkt;;;;
45032;200185237;4026212323382;META CLIP S3 | Fachbodenregal | Grundregal | 2000 x 1500 x 500 mm | Fachlast 200 kg | 3+1 Ebenen | verzinkt;;;;
45033;200185238;4026212323399;META CLIP S3 | Fachbodenregal | Anbauregal | 2000 x 1500 x 500 mm | Fachlast 200 kg | 3+1 Ebenen | verzinkt;;;;
45034;200185239;4026212323405;META CLIP S3 | Fachbodenregal | Grundregal | 2000 x 1500 x 600 mm | Fachlast 200 kg | 3+1 Ebenen | verzinkt;;;;
45035;200185240;4026212323412;META CLIP S3 | Fachbodenregal | Anbauregal | 2000 x 1500 x 600 mm | Fachlast 200 kg | 3+1 Ebenen | verzinkt;;;;
45036;200185241;4026212323429;META CLIP S3 | Fachbodenregal | Grundregal | 2500 x 1500 x 400 mm | Fachlast 200 kg | 3+1 Ebenen | verzinkt;;;;
45037;200185291;4026212323436;;;;;
45038;200185293;4026212323450;META MULTIPAL | Palettenregal | Anbauregal | 2700 x 2700 x 1100 mm | Fachlast 490 kg | 3 Ebenen | 9 Paletten | verzinkt;;;;
45039;200185294;4026212323467;META MULTIPAL | Palettenregal | 2 Felder | 3300 x 2700 x 1100 mm | Fachlast 490 kg | 3 Ebenen | 8 Paletten | verzinkt;;;;
45040;200185296;4026212323481;META MULTIPAL | Palettenregal | Anbauregal | 3300 x 2700 x 1100 mm | Fachlast 480 kg | 3 Ebenen | 9 Paletten | verzinkt;;;;
45041;200185297;4026212323498;;;;;
45042;200185299;4026212323511;META MULTIPAL | Palettenregal | Anbauregal | 4400 x 2700 x 1100 mm | Fachlast 470 kg | 3 Ebenen | 9 Paletten | verzinkt;;;;
45043;200185300;4026212323528;;;;;
45044;200185302;4026212323542;META MULTIPAL | Palettenregal | Anbauregal | 3300 x 2700 x 1100 mm | Fachlast 490 kg | 4 Ebenen | 12 Paletten | verzinkt;;;;
45045;200185303;4026212323559;;;;;
45046;200185305;4026212323573;META MULTIPAL | Palettenregal | Anbauregal | 4400 x 2700 x 1100 mm | Fachlast 480 kg | 4 Ebenen | 12 Paletten | verzinkt;;;;
45047;200185306;4026212323580;;;;;
45048;200185308;4026212323603;META MULTIPAL | Palettenregal | Anbauregal | 5500 x 2700 x 1100 mm | Fachlast 470 kg | 4 Ebenen | 12 Paletten | verzinkt;;;;
45049;200185309;4026212323610;;;;;
45050;200185310;4026212323658;META MULTIPAL | Palettenregal | Anbauregal | 2700 x 2700 x 1100 mm | Fachlast 780 kg | 3 Ebenen | 9 Paletten | verzinkt;;;;
45051;200185311;4026212323665;META MULTIPAL | Palettenregal | 2 Felder | 3300 x 2700 x 1100 mm | Fachlast 780 kg | 3 Ebenen | 8 Paletten | verzinkt;;;;
45052;200185312;4026212323672;META MULTIPAL | Palettenregal | Anbauregal | 3300 x 2700 x 1100 mm | Fachlast 780 kg | 3 Ebenen | 9 Paletten | verzinkt;;;;
45053;200185313;4026212323689;;;;;
45054;200185314;4026212323696;META MULTIPAL | Palettenregal | Anbauregal | 4400 x 2700 x 1100 mm | Fachlast 770 kg | 3 Ebenen | 9 Paletten | verzinkt;;;;
45055;200185315;4026212323702;;;;;
45056;200185316;4026212323719;META MULTIPAL | Palettenregal | Anbauregal | 3300 x 2700 x 1100 mm | Fachlast 790 kg | 4 Ebenen | 12 Paletten | verzinkt;;;;
45057;200185317;4026212323726;;;;;
45058;200185318;4026212323733;META MULTIPAL | Palettenregal | Anbauregal | 4400 x 2700 x 1100 mm | Fachlast 780 kg | 4 Ebenen | 12 Paletten | verzinkt;;;;
45059;200185319;4026212323740;;;;;
45060;200185320;4026212323757;META MULTIPAL | Palettenregal | Anbauregal | 5500 x 2700 x 1100 mm | Fachlast 770 kg | 4 Ebenen | 12 Paletten | verzinkt;;;;
45061;200185321;4026212323764;;;;;
45062;200185322;4026212323771;META MULTIPAL | Palettenregal | Anbauregal | 2700 x 2700 x 1100 mm | Fachlast 990 kg | 3 Ebenen | 9 Paletten | verzinkt;;;;
45063;200185323;4026212323788;;;;;
45064;200185324;4026212323795;META MULTIPAL | Palettenregal | Anbauregal | 3300 x 2700 x 1100 mm | Fachlast 980 kg | 3 Ebenen | 9 Paletten | verzinkt;;;;
45065;200185325;4026212323801;;;;;
45066;200185242;4026212323818;META CLIP S3 | Fachbodenregal | Anbauregal | 2500 x 1500 x 400 mm | Fachlast 200 kg | 4+1 Ebenen | verzinkt;;;;
45067;200185326;4026212323825;META MULTIPAL | Palettenregal | Anbauregal | 4400 x 2700 x 1100 mm | Fachlast 960 kg | 3 Ebenen | 9 Paletten | verzinkt;;;;
45068;200185327;4026212323832;;;;;
45069;200185243;4026212323849;META CLIP S3 | Fachbodenregal | Grundregal | 2500 x 1500 x 500 mm | Fachlast 200 kg | 3+1 Ebenen | verzinkt;;;;
45070;200185328;4026212323856;META MULTIPAL | Palettenregal | Anbauregal | 3300 x 2700 x 1100 mm | Fachlast 980 kg | 4 Ebenen | 12 Paletten | verzinkt;;;;
45071;200185244;4026212323863;META CLIP S3 | Fachbodenregal | Anbauregal | 2500 x 1500 x 500 mm | Fachlast 200 kg | 4+1 Ebenen | verzinkt;;;;
45072;200185329;4026212323870;;;;;
45073;200185330;4026212323887;META MULTIPAL | Palettenregal | Anbauregal | 4400 x 2700 x 1100 mm | Fachlast 940 kg | 4 Ebenen | 12 Paletten | verzinkt;;;;
45074;200185331;4026212323894;;;;;
45075;200185332;4026212323900;META MULTIPAL | Palettenregal | Anbauregal | 5500 x 2700 x 1100 mm | Fachlast 900 kg | 4 Ebenen | 12 Paletten | verzinkt;;;;
45076;200185245;4026212323924;META CLIP S3 | Fachbodenregal | Grundregal | 2500 x 1500 x 600 mm | Fachlast 200 kg | 4+1 Ebenen | verzinkt;;;;
45077;200185246;4026212323931;META CLIP S3 | Fachbodenregal | Anbauregal | 2500 x 1500 x 600 mm | Fachlast 200 kg | 4+1 Ebenen | verzinkt;;;;
45078;200185247;4026212323962;META CLIP S3 | Fachbodenregal | Grundregal | 2000 x 1700 x 400 mm | Fachlast 200 kg | 3+1 Ebenen | verzinkt;;;;
45079;200185248;4026212323979;META CLIP S3 | Fachbodenregal | Anbauregal | 2000 x 1700 x 400 mm | Fachlast 200 kg | 3+1 Ebenen | verzinkt;;;;
45080;200185249;4026212323986;META CLIP S3 | Fachbodenregal | Grundregal | 2000 x 1700 x 500 mm | Fachlast 200 kg | 3+1 Ebenen | verzinkt;;;;
45081;200185250;4026212323993;META CLIP S3 | Fachbodenregal | Anbauregal | 2000 x 1700 x 500 mm | Fachlast 200 kg | 3+1 Ebenen | verzinkt;;;;
45082;200185251;4026212324037;META CLIP S3 | Fachbodenregal | Grundregal | 2000 x 1700 x 600 mm | Fachlast 200 kg | 3+1 Ebenen | verzinkt;;;;
45083;200185252;4026212324051;META CLIP S3 | Fachbodenregal | Anbauregal | 2000 x 1700 x 600 mm | Fachlast 200 kg | 3+1 Ebenen | verzinkt;;;;
45084;200185253;4026212324068;META CLIP S3 | Fachbodenregal | Grundregal | 2500 x 1700 x 400 mm | Fachlast 200 kg | 3+1 Ebenen | verzinkt;;;;
45085;200185254;4026212324082;META CLIP S3 | Fachbodenregal | Anbauregal | 2500 x 1700 x 400 mm | Fachlast 200 kg | 4+1 Ebenen | verzinkt;;;;
45086;200185255;4026212324099;META CLIP S3 | Fachbodenregal | Grundregal | 2500 x 1700 x 500 mm | Fachlast 200 kg | 3+1 Ebenen | verzinkt;;;;
45087;200185256;4026212324105;META CLIP S3 | Fachbodenregal | Anbauregal | 2500 x 1700 x 500 mm | Fachlast 200 kg | 4+1 Ebenen | verzinkt;;;;
45088;200185257;4026212324112;META CLIP S3 | Fachbodenregal | Grundregal | 2500 x 1700 x 600 mm | Fachlast 200 kg | 3+1 Ebenen | verzinkt;;;;
45089;200185258;4026212324129;META CLIP S3 | Fachbodenregal | Anbauregal | 2500 x 1700 x 600 mm | Fachlast 200 kg | 4+1 Ebenen | verzinkt;;;;
45090;200185259;4026212324136;META CLIP S3 | Fachbodenregal | Grundregal | 2000 x 1500 x 400 mm | Fachlast 200 kg | 3+1 Ebenen | RAL 7035;;;;
45091;200185260;4026212324143;META CLIP S3 | Fachbodenregal | Anbauregal | 2000 x 1500 x 400 mm | Fachlast 200 kg | 3+1 Ebenen | RAL 7035;;;;
45092;200185261;4026212324150;META CLIP S3 | Fachbodenregal | Grundregal | 2000 x 1500 x 500 mm | Fachlast 200 kg | 3+1 Ebenen | RAL 7035;;;;
45093;200185262;4026212324167;META CLIP S3 | Fachbodenregal | Anbauregal | 2000 x 1500 x 500 mm | Fachlast 200 kg | 3+1 Ebenen | RAL 7035;;;;
45094;200185263;4026212324181;META CLIP S3 | Fachbodenregal | Grundregal | 2000 x 1500 x 600 mm | Fachlast 200 kg | 3+1 Ebenen | RAL 7035;;;;
45095;200185264;4026212324198;META CLIP S3 | Fachbodenregal | Anbauregal | 2000 x 1500 x 600 mm | Fachlast 200 kg | 3+1 Ebenen | RAL 7035;;;;
45096;200185265;4026212324204;META CLIP S3 | Fachbodenregal | Grundregal | 2500 x 1500 x 400 mm | Fachlast 200 kg | 4+1 Ebenen | RAL 7035;;;;
45097;200185361;4026212324211;META CLIP S3 | Fachbodenregal | Anbauregal | 2000 x 1000 x 300 mm | Fachlast 150 kg | 4+1 Ebenen | Längsriegel | verzinkt;;;;
45098;200185362;4026212324228;META CLIP S3 | Fachbodenregal | Grundregal | 2000 x 1000 x 400 mm | Fachlast 150 kg | 4+1 Ebenen | Längsriegel | verzinkt;;;;
45099;200185376;4026212324235;META CLIP S3 | Fachbodenregal | Grundregal | 2000 x 1000 x 300 mm | Fachlast 150 kg | 4+1 Ebenen | Längsriegel | RAL 7035;;;;
45100;200185365;4026212324242;META CLIP S3 | Fachbodenregal | Anbauregal | 2000 x 1000 x 500 mm | Fachlast 150 kg | 4+1 Ebenen | Längsriegel | verzinkt;;;;
45101;200185364;4026212324259;META CLIP S3 | Fachbodenregal | Grundregal | 2000 x 1000 x 500 mm | Fachlast 150 kg | 4+1 Ebenen | Längsriegel | verzinkt;;;;
45102;200185377;4026212324266;META CLIP S3 | Fachbodenregal | Anbauregal | 2000 x 1000 x 300 mm | Fachlast 150 kg | 4+1 Ebenen | Längsriegel | RAL 7035;;;;
45103;200185366;4026212324273;META CLIP S3 | Fachbodenregal | Grundregal | 2000 x 1000 x 600 mm | Fachlast 150 kg | 4+1 Ebenen | Längsriegel | verzinkt;;;;
45104;200185367;4026212324280;META CLIP S3 | Fachbodenregal | Anbauregal | 2000 x 1000 x 600 mm | Fachlast 150 kg | 4+1 Ebenen | Längsriegel | verzinkt;;;;
45105;200185392;4026212324297;META CLIP S3 | Fachbodenregal | Doppel-Grundregal | 2000 x 1000 x 300 mm | Fachlast 150 kg | 4+1 Ebenen | Längsriegel | verzinkt;;;;
45106;200185368;4026212324303;META CLIP S3 | Fachbodenregal | Grundregal | 2500 x 1000 x 300 mm | Fachlast 150 kg | 5+1 Ebenen | Längsriegel | verzinkt;;;;
45107;200185393;4026212324310;META CLIP S3 | Fachbodenregal | Doppel-Anbauregal | 2000 x 1000 x 300 mm | Fachlast 150 kg | 4+1 Ebenen | Längsriegel | verzinkt;;;;
45108;200185266;4026212324327;META CLIP S3 | Fachbodenregal | Anbauregal | 2500 x 1500 x 400 mm | Fachlast 200 kg | 3+1 Ebenen | RAL 7035;;;;
45109;200185369;4026212324334;META CLIP S3 | Fachbodenregal | Anbauregal | 2500 x 1000 x 300 mm | Fachlast 150 kg | 5+1 Ebenen | Längsriegel | verzinkt;;;;
45110;200185394;4026212324341;META CLIP S3 | Fachbodenregal | Doppel-Grundregal | 2000 x 1000 x 400 mm | Fachlast 150 kg | 4+1 Ebenen | Längsriegel | verzinkt;;;;
45111;200185267;4026212324358;META CLIP S3 | Fachbodenregal | Grundregal | 2500 x 1500 x 500 mm | Fachlast 200 kg | 4+1 Ebenen | RAL 7035;;;;
45112;200185395;4026212324365;META CLIP S3 | Fachbodenregal | Doppel-Anbauregal | 2000 x 1000 x 400 mm | Fachlast 150 kg | 4+1 Ebenen | Längsriegel | verzinkt;;;;
45113;200185268;4026212324372;META CLIP S3 | Fachbodenregal | Anbauregal | 2500 x 1500 x 500 mm | Fachlast 200 kg | 3+1 Ebenen | RAL 7035;;;;
45114;200185396;4026212324389;META CLIP S3 | Fachbodenregal | Doppel-Grundregal | 2000 x 1000 x 500 mm | Fachlast 150 kg | 4+1 Ebenen | Längsriegel | verzinkt;;;;
45115;200185397;4026212324396;META CLIP S3 | Fachbodenregal | Doppel-Anbauregal | 2000 x 1000 x 500 mm | Fachlast 150 kg | 4+1 Ebenen | Längsriegel | verzinkt;;;;
45116;200185269;4026212324402;META CLIP S3 | Fachbodenregal | Grundregal | 2500 x 1500 x 600 mm | Fachlast 200 kg | 4+1 Ebenen | RAL 7035;;;;
45117;200185398;4026212324419;META CLIP S3 | Fachbodenregal | Doppel-Grundregal | 2000 x 1000 x 600 mm | Fachlast 150 kg | 4+1 Ebenen | Längsriegel | verzinkt;;;;
45118;200185399;4026212324426;META CLIP S3 | Fachbodenregal | Doppel-Anbauregal | 2000 x 1000 x 600 mm | Fachlast 150 kg | 4+1 Ebenen | Längsriegel | verzinkt;;;;
45119;200185270;4026212324433;META CLIP S3 | Fachbodenregal | Anbauregal | 2500 x 1500 x 600 mm | Fachlast 200 kg | 3+1 Ebenen | RAL 7035;;;;
45120;200185400;4026212324440;META CLIP S3 | Fachbodenregal | Doppel-Grundregal | 2500 x 1000 x 300 mm | Fachlast 150 kg | 5+1 Ebenen | Längsriegel | verzinkt;;;;
45121;200185271;4026212324457;META CLIP S3 | Fachbodenregal | Grundregal | 2000 x 1700 x 400 mm | Fachlast 200 kg | 3+1 Ebenen | RAL 7035;;;;
45122;200185401;4026212324464;META CLIP S3 | Fachbodenregal | Doppel-Anbauregal | 2500 x 1000 x 300 mm | Fachlast 150 kg | 5+1 Ebenen | Längsriegel | verzinkt;;;;
45123;200185272;4026212324471;META CLIP S3 | Fachbodenregal | Anbauregal | 2000 x 1700 x 400 mm | Fachlast 200 kg | 3+1 Ebenen | RAL 7035;;;;
45124;200185402;4026212324488;META CLIP S3 | Fachbodenregal | Doppel-Grundregal | 2500 x 1000 x 400 mm | Fachlast 150 kg | 5+1 Ebenen | Längsriegel | verzinkt;;;;
45125;200185403;4026212324495;META CLIP S3 | Fachbodenregal | Doppel-Anbauregal | 2500 x 1000 x 400 mm | Fachlast 150 kg | 5+1 Ebenen | Längsriegel | verzinkt;;;;
45126;200185273;4026212324501;META CLIP S3 | Fachbodenregal | Grundregal | 2000 x 1700 x 500 mm | Fachlast 200 kg | 3+1 Ebenen | RAL 7035;;;;
45127;200185274;4026212324518;META CLIP S3 | Fachbodenregal | Anbauregal | 2000 x 1700 x 500 mm | Fachlast 200 kg | 3+1 Ebenen | RAL 7035;;;;
45128;200185404;4026212324525;META CLIP S3 | Fachbodenregal | Doppel-Grundregal | 2500 x 1000 x 500 mm | Fachlast 150 kg | 5+1 Ebenen | Längsriegel | verzinkt;;;;
45129;200185405;4026212324532;META CLIP S3 | Fachbodenregal | Doppel-Anbauregal | 2500 x 1000 x 500 mm | Fachlast 150 kg | 5+1 Ebenen | Längsriegel | verzinkt;;;;
45130;200185406;4026212324549;META CLIP S3 | Fachbodenregal | Doppel-Grundregal | 2500 x 1000 x 600 mm | Fachlast 150 kg | 5+1 Ebenen | Längsriegel | verzinkt;;;;
45131;200185407;4026212324556;META CLIP S3 | Fachbodenregal | Doppel-Anbauregal | 2500 x 1000 x 600 mm | Fachlast 150 kg | 5+1 Ebenen | Längsriegel | verzinkt;;;;
45132;200185370;4026212324563;META CLIP S3 | Fachbodenregal | Grundregal | 2500 x 1000 x 400 mm | Fachlast 150 kg | 5+1 Ebenen | Längsriegel | verzinkt;;;;
45133;200185408;4026212324570;META CLIP S3 | Fachbodenregal | Doppel-Grundregal | 2000 x 1000 x 300 mm | Fachlast 150 kg | 4+1 Ebenen | Längsriegel | RAL 7035;;;;
45134;200185371;4026212324587;META CLIP S3 | Fachbodenregal | Anbauregal | 2500 x 1000 x 400 mm | Fachlast 150 kg | 5+1 Ebenen | Längsriegel | verzinkt;;;;
45135;200185409;4026212324594;META CLIP S3 | Fachbodenregal | Doppel-Anbauregal | 2000 x 1000 x 300 mm | Fachlast 150 kg | 4+1 Ebenen | Längsriegel | RAL 7035;;;;
45136;200185410;4026212324600;META CLIP S3 | Fachbodenregal | Doppel-Grundregal | 2000 x 1000 x 400 mm | Fachlast 150 kg | 4+1 Ebenen | Längsriegel | RAL 7035;;;;
45137;200185372;4026212324617;META CLIP S3 | Fachbodenregal | Grundregal | 2500 x 1000 x 500 mm | Fachlast 150 kg | 5+1 Ebenen | Längsriegel | verzinkt;;;;
45138;200185411;4026212324624;META CLIP S3 | Fachbodenregal | Doppel-Anbauregal | 2000 x 1000 x 400 mm | Fachlast 150 kg | 4+1 Ebenen | Längsriegel | RAL 7035;;;;
45139;200185412;4026212324631;META CLIP S3 | Fachbodenregal | Doppel-Grundregal | 2000 x 1000 x 500 mm | Fachlast 150 kg | 4+1 Ebenen | Längsriegel | RAL 7035;;;;
45140;200185413;4026212324648;META CLIP S3 | Fachbodenregal | Doppel-Anbauregal | 2000 x 1000 x 500 mm | Fachlast 150 kg | 4+1 Ebenen | Längsriegel | RAL 7035;;;;
45141;200185373;4026212324655;META CLIP S3 | Fachbodenregal | Anbauregal | 2500 x 1000 x 500 mm | Fachlast 150 kg | 5+1 Ebenen | Längsriegel | verzinkt;;;;
45142;200185374;4026212324662;META CLIP S3 | Fachbodenregal | Grundregal | 2500 x 1000 x 600 mm | Fachlast 150 kg | 5+1 Ebenen | Längsriegel | verzinkt;;;;
45143;200185414;4026212324679;META CLIP S3 | Fachbodenregal | Doppel-Grundregal | 2000 x 1000 x 600 mm | Fachlast 150 kg | 4+1 Ebenen | Längsriegel | RAL 7035;;;;
45144;200185415;4026212324686;META CLIP S3 | Fachbodenregal | Doppel-Anbauregal | 2000 x 1000 x 600 mm | Fachlast 150 kg | 4+1 Ebenen | Längsriegel | RAL 7035;;;;
45145;200185416;4026212324693;META CLIP S3 | Fachbodenregal | Doppel-Grundregal | 2500 x 1000 x 300 mm | Fachlast 150 kg | 5+1 Ebenen | Längsriegel | RAL 7035;;;;
45146;200185375;4026212324709;META CLIP S3 | Fachbodenregal | Anbauregal | 2500 x 1000 x 600 mm | Fachlast 150 kg | 5+1 Ebenen | Längsriegel | verzinkt;;;;
45147;200185417;4026212324716;META CLIP S3 | Fachbodenregal | Doppel-Anbauregal | 2500 x 1000 x 300 mm | Fachlast 150 kg | 5+1 Ebenen | Längsriegel | RAL 7035;;;;
45148;200185378;4026212324723;META CLIP S3 | Fachbodenregal | Grundregal | 2000 x 1000 x 400 mm | Fachlast 150 kg | 4+1 Ebenen | Längsriegel | RAL 7035;;;;
45149;200185379;4026212324730;META CLIP S3 | Fachbodenregal | Anbauregal | 2000 x 1000 x 400 mm | Fachlast 150 kg | 4+1 Ebenen | Längsriegel | RAL 7035;;;;
45150;200185418;4026212324747;META CLIP S3 | Fachbodenregal | Doppel-Grundregal | 2500 x 1000 x 400 mm | Fachlast 150 kg | 5+1 Ebenen | Längsriegel | RAL 7035;;;;
45151;200185419;4026212324754;META CLIP S3 | Fachbodenregal | Doppel-Anbauregal | 2500 x 1000 x 400 mm | Fachlast 150 kg | 5+1 Ebenen | Längsriegel | RAL 7035;;;;
45152;200185380;4026212324761;META CLIP S3 | Fachbodenregal | Grundregal | 2000 x 1000 x 500 mm | Fachlast 150 kg | 4+1 Ebenen | Längsriegel | RAL 7035;;;;
45153;200185420;4026212324778;META CLIP S3 | Fachbodenregal | Doppel-Grundregal | 2500 x 1000 x 500 mm | Fachlast 150 kg | 5+1 Ebenen | Längsriegel | RAL 7035;;;;
45154;200185421;4026212324785;META CLIP S3 | Fachbodenregal | Doppel-Anbauregal | 2500 x 1000 x 500 mm | Fachlast 150 kg | 5+1 Ebenen | Längsriegel | RAL 7035;;;;
45155;200185422;4026212324792;META CLIP S3 | Fachbodenregal | Doppel-Grundregal | 2500 x 1000 x 600 mm | Fachlast 150 kg | 5+1 Ebenen | Längsriegel | RAL 7035;;;;
45156;200185423;4026212324808;META CLIP S3 | Fachbodenregal | Doppel-Anbauregal | 2500 x 1000 x 600 mm | Fachlast 150 kg | 5+1 Ebenen | Längsriegel | RAL 7035;;;;
45157;200185381;4026212324815;META CLIP S3 | Fachbodenregal | Anbauregal | 2000 x 1000 x 500 mm | Fachlast 150 kg | 4+1 Ebenen | Längsriegel | RAL 7035;;;;
45158;200185382;4026212324822;META CLIP S3 | Fachbodenregal | Grundregal | 2000 x 1000 x 600 mm | Fachlast 150 kg | 4+1 Ebenen | Längsriegel | RAL 7035;;;;
45159;200185383;4026212324839;META CLIP S3 | Fachbodenregal | Anbauregal | 2000 x 1000 x 600 mm | Fachlast 150 kg | 4+1 Ebenen | Längsriegel | RAL 7035;;;;
45160;200185275;4026212324846;META CLIP S3 | Fachbodenregal | Grundregal | 2000 x 1700 x 600 mm | Fachlast 200 kg | 3+1 Ebenen | RAL 7035;;;;
45161;200185276;4026212324853;META CLIP S3 | Fachbodenregal | Anbauregal | 2000 x 1700 x 600 mm | Fachlast 200 kg | 3+1 Ebenen | RAL 7035;;;;
45162;200185277;4026212324877;META CLIP S3 | Fachbodenregal | Grundregal | 2500 x 1700 x 400 mm | Fachlast 200 kg | 4+1 Ebenen | RAL 7035;;;;
45163;200185278;4026212324884;META CLIP S3 | Fachbodenregal | Anbauregal | 2500 x 1700 x 400 mm | Fachlast 200 kg | 3+1 Ebenen | RAL 7035;;;;
45164;200185279;4026212324891;META CLIP S3 | Fachbodenregal | Grundregal | 2500 x 1700 x 500 mm | Fachlast 200 kg | 4+1 Ebenen | RAL 7035;;;;
45165;200185280;4026212324914;META CLIP S3 | Fachbodenregal | Anbauregal | 2500 x 1700 x 500 mm | Fachlast 200 kg | 3+1 Ebenen | RAL 7035;;;;
45166;200185281;4026212324921;META CLIP S3 | Fachbodenregal | Grundregal | 2500 x 1700 x 600 mm | Fachlast 200 kg | 4+1 Ebenen | RAL 7035;;;;
45167;200185282;4026212324938;META CLIP S3 | Fachbodenregal | Anbauregal | 2500 x 1700 x 600 mm | Fachlast 200 kg | 3+1 Ebenen | RAL 7035;;;;
45168;200185504;4026212324952;META CLIP S3 | Fachbodenregal | Grundregal | 2000 x 1300 x 300 mm | Fachlast 230 kg | 3+1 Ebenen | Längsriegel | verzinkt;;;;
45169;200185384;4026212324969;META CLIP S3 | Fachbodenregal | Grundregal | 2500 x 1000 x 300 mm | Fachlast 150 kg | 5+1 Ebenen | Längsriegel | RAL 7035;;;;
45170;200185505;4026212324976;META CLIP S3 | Fachbodenregal | Anbauregal | 2000 x 1300 x 300 mm | Fachlast 230 kg | 3+1 Ebenen | Längsriegel | verzinkt;;;;
45171;200185385;4026212324983;META CLIP S3 | Fachbodenregal | Anbauregal | 2500 x 1000 x 300 mm | Fachlast 150 kg | 5+1 Ebenen | Längsriegel | RAL 7035;;;;
45172;200185506;4026212324990;META CLIP S3 | Fachbodenregal | Grundregal | 2000 x 1300 x 400 mm | Fachlast 230 kg | 3+1 Ebenen | Längsriegel | verzinkt;;;;
45173;200185386;4026212325003;META CLIP S3 | Fachbodenregal | Grundregal | 2500 x 1000 x 400 mm | Fachlast 150 kg | 5+1 Ebenen | Längsriegel | RAL 7035;;;;
45174;200185387;4026212325010;META CLIP S3 | Fachbodenregal | Anbauregal | 2500 x 1000 x 400 mm | Fachlast 150 kg | 5+1 Ebenen | Längsriegel | RAL 7035;;;;
45175;200185388;4026212325027;META CLIP S3 | Fachbodenregal | Grundregal | 2500 x 1000 x 500 mm | Fachlast 150 kg | 5+1 Ebenen | Längsriegel | RAL 7035;;;;
45176;200185389;4026212325034;META CLIP S3 | Fachbodenregal | Anbauregal | 2500 x 1000 x 500 mm | Fachlast 150 kg | 5+1 Ebenen | Längsriegel | RAL 7035;;;;
45177;200185390;4026212325041;META CLIP S3 | Fachbodenregal | Grundregal | 2500 x 1000 x 600 mm | Fachlast 150 kg | 5+1 Ebenen | Längsriegel | RAL 7035;;;;
45178;200185464;4026212325058;META CLIP S3 | Fachbodenregal | Doppel-Grundregal | 2000 x 1000 x 300 mm | Fachlast 230 kg | 4+1 Ebenen | Längsriegel | verzinkt;;;;
45179;200185391;4026212325065;META CLIP S3 | Fachbodenregal | Anbauregal | 2500 x 1000 x 600 mm | Fachlast 150 kg | 5+1 Ebenen | Längsriegel | RAL 7035;;;;
45180;200185465;4026212325072;META CLIP S3 | Fachbodenregal | Doppel-Anbauregal | 2000 x 1000 x 300 mm | Fachlast 230 kg | 4+1 Ebenen | Längsriegel | verzinkt;;;;
45181;200185424;4026212325089;META CLIP S3 | Fachbodenregal | Grundregal | 2000 x 1000 x 300 mm | Fachlast 230 kg | 4+1 Ebenen | Längsriegel | verzinkt;;;;
45182;200185466;4026212325096;META CLIP S3 | Fachbodenregal | Doppel-Grundregal | 2000 x 1000 x 400 mm | Fachlast 230 kg | 4+1 Ebenen | Längsriegel | verzinkt;;;;
45183;200185467;4026212325102;META CLIP S3 | Fachbodenregal | Doppel-Anbauregal | 2000 x 1000 x 400 mm | Fachlast 230 kg | 4+1 Ebenen | Längsriegel | verzinkt;;;;
45184;200185468;4026212325119;META CLIP S3 | Fachbodenregal | Doppel-Grundregal | 2000 x 1000 x 500 mm | Fachlast 230 kg | 4+1 Ebenen | Längsriegel | verzinkt;;;;
45185;200185469;4026212325126;META CLIP S3 | Fachbodenregal | Doppel-Anbauregal | 2000 x 1000 x 500 mm | Fachlast 230 kg | 4+1 Ebenen | Längsriegel | verzinkt;;;;
45186;200185425;4026212325133;META CLIP S3 | Fachbodenregal | Anbauregal | 2000 x 1000 x 300 mm | Fachlast 230 kg | 4+1 Ebenen | Längsriegel | verzinkt;;;;
45187;200185470;4026212325140;META CLIP S3 | Fachbodenregal | Doppel-Grundregal | 2000 x 1000 x 600 mm | Fachlast 230 kg | 4+1 Ebenen | Längsriegel | verzinkt;;;;
45188;200185471;4026212325157;META CLIP S3 | Fachbodenregal | Doppel-Anbauregal | 2000 x 1000 x 600 mm | Fachlast 230 kg | 4+1 Ebenen | Längsriegel | verzinkt;;;;
45189;200185472;4026212325164;META CLIP S3 | Fachbodenregal | Doppel-Grundregal | 2000 x 1000 x 800 mm | Fachlast 230 kg | 4+1 Ebenen | Längsriegel | verzinkt;;;;
45190;200185426;4026212325171;META CLIP S3 | Fachbodenregal | Grundregal | 2000 x 1000 x 400 mm | Fachlast 230 kg | 4+1 Ebenen | Längsriegel | verzinkt;;;;
45191;200185473;4026212325188;META CLIP S3 | Fachbodenregal | Doppel-Anbauregal | 2000 x 1000 x 800 mm | Fachlast 230 kg | 4+1 Ebenen | Längsriegel | verzinkt;;;;
45192;200185427;4026212325195;META CLIP S3 | Fachbodenregal | Anbauregal | 2000 x 1000 x 400 mm | Fachlast 230 kg | 4+1 Ebenen | Längsriegel | verzinkt;;;;
45193;200185474;4026212325201;META CLIP S3 | Fachbodenregal | Doppel-Grundregal | 2500 x 1000 x 300 mm | Fachlast 230 kg | 5+1 Ebenen | Längsriegel | verzinkt;;;;
45194;200185475;4026212325218;META CLIP S3 | Fachbodenregal | Doppel-Anbauregal | 2500 x 1000 x 300 mm | Fachlast 230 kg | 5+1 Ebenen | Längsriegel | verzinkt;;;;
45195;200185476;4026212325225;META CLIP S3 | Fachbodenregal | Doppel-Grundregal | 2500 x 1000 x 400 mm | Fachlast 230 kg | 5+1 Ebenen | Längsriegel | verzinkt;;;;
45196;200185428;4026212325232;META CLIP S3 | Fachbodenregal | Grundregal | 2000 x 1000 x 500 mm | Fachlast 230 kg | 4+1 Ebenen | Längsriegel | verzinkt;;;;
45197;200185477;4026212325249;META CLIP S3 | Fachbodenregal | Doppel-Anbauregal | 2500 x 1000 x 400 mm | Fachlast 230 kg | 5+1 Ebenen | Längsriegel | verzinkt;;;;
45198;200185478;4026212325256;META CLIP S3 | Fachbodenregal | Doppel-Grundregal | 2500 x 1000 x 500 mm | Fachlast 230 kg | 5+1 Ebenen | Längsriegel | verzinkt;;;;
45199;200185479;4026212325263;META CLIP S3 | Fachbodenregal | Doppel-Anbauregal | 2500 x 1000 x 500 mm | Fachlast 230 kg | 5+1 Ebenen | Längsriegel | verzinkt;;;;
45200;200185429;4026212325270;META CLIP S3 | Fachbodenregal | Anbauregal | 2000 x 1000 x 500 mm | Fachlast 230 kg | 4+1 Ebenen | Längsriegel | verzinkt;;;;
45201;200185480;4026212325287;META CLIP S3 | Fachbodenregal | Doppel-Grundregal | 2500 x 1000 x 600 mm | Fachlast 230 kg | 5+1 Ebenen | Längsriegel | verzinkt;;;;
45202;200185481;4026212325294;META CLIP S3 | Fachbodenregal | Doppel-Anbauregal | 2500 x 1000 x 600 mm | Fachlast 230 kg | 5+1 Ebenen | Längsriegel | verzinkt;;;;
45203;200185482;4026212325300;META CLIP S3 | Fachbodenregal | Doppel-Grundregal | 2500 x 1000 x 800 mm | Fachlast 230 kg | 5+1 Ebenen | Längsriegel | verzinkt;;;;
45204;200185483;4026212325317;META CLIP S3 | Fachbodenregal | Doppel-Anbauregal | 2500 x 1000 x 800 mm | Fachlast 230 kg | 5+1 Ebenen | Längsriegel | verzinkt;;;;
45205;200185430;4026212325324;META CLIP S3 | Fachbodenregal | Grundregal | 2000 x 1000 x 600 mm | Fachlast 230 kg | 4+1 Ebenen | Längsriegel | verzinkt;;;;
45206;200185484;4026212325331;META CLIP S3 | Fachbodenregal | Doppel-Grundregal | 2000 x 1000 x 300 mm | Fachlast 230 kg | 4+1 Ebenen | Längsriegel | RAL 7035;;;;
45207;200185431;4026212325348;META CLIP S3 | Fachbodenregal | Anbauregal | 2000 x 1000 x 600 mm | Fachlast 230 kg | 4+1 Ebenen | Längsriegel | verzinkt;;;;
45208;200185485;4026212325355;META CLIP S3 | Fachbodenregal | Doppel-Anbauregal | 2000 x 1000 x 300 mm | Fachlast 230 kg | 4+1 Ebenen | Längsriegel | RAL 7035;;;;
45209;200185432;4026212325386;META CLIP S3 | Fachbodenregal | Grundregal | 2000 x 1000 x 800 mm | Fachlast 230 kg | 4+1 Ebenen | Längsriegel | verzinkt;;;;
45210;200185433;4026212325393;META CLIP S3 | Fachbodenregal | Anbauregal | 2000 x 1000 x 800 mm | Fachlast 230 kg | 4+1 Ebenen | Längsriegel | verzinkt;;;;
45211;200185434;4026212325409;META CLIP S3 | Fachbodenregal | Grundregal | 2500 x 1000 x 300 mm | Fachlast 230 kg | 5+1 Ebenen | Längsriegel | verzinkt;;;;
45212;200185435;4026212325416;META CLIP S3 | Fachbodenregal | Anbauregal | 2500 x 1000 x 300 mm | Fachlast 230 kg | 5+1 Ebenen | Längsriegel | verzinkt;;;;
45213;200185436;4026212325423;META CLIP S3 | Fachbodenregal | Grundregal | 2500 x 1000 x 400 mm | Fachlast 230 kg | 5+1 Ebenen | Längsriegel | verzinkt;;;;
45214;200185437;4026212325430;META CLIP S3 | Fachbodenregal | Anbauregal | 2500 x 1000 x 400 mm | Fachlast 230 kg | 5+1 Ebenen | Längsriegel | verzinkt;;;;
45215;200185438;4026212325447;META CLIP S3 | Fachbodenregal | Grundregal | 2500 x 1000 x 500 mm | Fachlast 230 kg | 5+1 Ebenen | Längsriegel | verzinkt;;;;
45216;200185439;4026212325454;META CLIP S3 | Fachbodenregal | Anbauregal | 2500 x 1000 x 500 mm | Fachlast 230 kg | 5+1 Ebenen | Längsriegel | verzinkt;;;;
45217;200185440;4026212325461;META CLIP S3 | Fachbodenregal | Grundregal | 2500 x 1000 x 600 mm | Fachlast 230 kg | 5+1 Ebenen | Längsriegel | verzinkt;;;;
45218;200185441;4026212325485;META CLIP S3 | Fachbodenregal | Anbauregal | 2500 x 1000 x 600 mm | Fachlast 230 kg | 5+1 Ebenen | Längsriegel | verzinkt;;;;
45219;200185442;4026212325492;META CLIP S3 | Fachbodenregal | Grundregal | 2500 x 1000 x 800 mm | Fachlast 230 kg | 5+1 Ebenen | Längsriegel | verzinkt;;;;
45220;200185443;4026212325515;META CLIP S3 | Fachbodenregal | Anbauregal | 2500 x 1000 x 800 mm | Fachlast 230 kg | 5+1 Ebenen | Längsriegel | verzinkt;;;;
45221;200185444;4026212325522;META CLIP S3 | Fachbodenregal | Grundregal | 2000 x 1000 x 300 mm | Fachlast 230 kg | 4+1 Ebenen | Längsriegel | RAL 7035;;;;
45222;200185445;4026212325546;META CLIP S3 | Fachbodenregal | Anbauregal | 2000 x 1000 x 300 mm | Fachlast 230 kg | 4+1 Ebenen | Längsriegel | RAL 7035;;;;
45223;200185446;4026212325577;META CLIP S3 | Fachbodenregal | Grundregal | 2000 x 1000 x 400 mm | Fachlast 230 kg | 4+1 Ebenen | Längsriegel | RAL 7035;;;;
45224;200185447;4026212325584;META CLIP S3 | Fachbodenregal | Anbauregal | 2000 x 1000 x 400 mm | Fachlast 230 kg | 4+1 Ebenen | Längsriegel | RAL 7035;;;;
45225;200185448;4026212325591;META CLIP S3 | Fachbodenregal | Grundregal | 2000 x 1000 x 500 mm | Fachlast 230 kg | 4+1 Ebenen | Längsriegel | RAL 7035;;;;
45226;200185449;4026212325607;META CLIP S3 | Fachbodenregal | Anbauregal | 2000 x 1000 x 500 mm | Fachlast 230 kg | 4+1 Ebenen | Längsriegel | RAL 7035;;;;
45227;200185450;4026212325614;META CLIP S3 | Fachbodenregal | Grundregal | 2000 x 1000 x 600 mm | Fachlast 230 kg | 4+1 Ebenen | Längsriegel | RAL 7035;;;;
45228;200185451;4026212325621;META CLIP S3 | Fachbodenregal | Anbauregal | 2000 x 1000 x 600 mm | Fachlast 230 kg | 4+1 Ebenen | Längsriegel | RAL 7035;;;;
45229;200185452;4026212325638;META CLIP S3 | Fachbodenregal | Grundregal | 2000 x 1000 x 800 mm | Fachlast 230 kg | 4+1 Ebenen | Längsriegel | RAL 7035;;;;
45230;200185453;4026212325645;META CLIP S3 | Fachbodenregal | Anbauregal | 2000 x 1000 x 800 mm | Fachlast 230 kg | 4+1 Ebenen | Längsriegel | RAL 7035;;;;
45231;200185454;4026212325652;META CLIP S3 | Fachbodenregal | Grundregal | 2500 x 1000 x 300 mm | Fachlast 230 kg | 5+1 Ebenen | Längsriegel | RAL 7035;;;;
45232;200185455;4026212325669;META CLIP S3 | Fachbodenregal | Anbauregal | 2500 x 1000 x 300 mm | Fachlast 230 kg | 5+1 Ebenen | Längsriegel | RAL 7035;;;;
45233;200185456;4026212325676;META CLIP S3 | Fachbodenregal | Grundregal | 2500 x 1000 x 400 mm | Fachlast 230 kg | 5+1 Ebenen | Längsriegel | RAL 7035;;;;
45234;200185457;4026212325683;META CLIP S3 | Fachbodenregal | Anbauregal | 2500 x 1000 x 400 mm | Fachlast 230 kg | 5+1 Ebenen | Längsriegel | RAL 7035;;;;
45235;200185458;4026212325690;META CLIP S3 | Fachbodenregal | Grundregal | 2500 x 1000 x 500 mm | Fachlast 230 kg | 5+1 Ebenen | Längsriegel | RAL 7035;;;;
45236;200185459;4026212325706;META CLIP S3 | Fachbodenregal | Anbauregal | 2500 x 1000 x 500 mm | Fachlast 230 kg | 5+1 Ebenen | Längsriegel | RAL 7035;;;;
45237;200185460;4026212325713;META CLIP S3 | Fachbodenregal | Grundregal | 2500 x 1000 x 600 mm | Fachlast 230 kg | 5+1 Ebenen | Längsriegel | RAL 7035;;;;
45238;200185461;4026212325720;META CLIP S3 | Fachbodenregal | Anbauregal | 2500 x 1000 x 600 mm | Fachlast 230 kg | 5+1 Ebenen | Längsriegel | RAL 7035;;;;
45239;200185462;4026212325737;META CLIP S3 | Fachbodenregal | Grundregal | 2500 x 1000 x 800 mm | Fachlast 230 kg | 5+1 Ebenen | Längsriegel | RAL 7035;;;;
45240;200185463;4026212325744;META CLIP S3 | Fachbodenregal | Anbauregal | 2500 x 1000 x 800 mm | Fachlast 230 kg | 5+1 Ebenen | Längsriegel | RAL 7035;;;;
45241;200185508;4026212325751;META CLIP S3 | Fachbodenregal | Grundregal | 2000 x 1300 x 500 mm | Fachlast 230 kg | 3+1 Ebenen | Längsriegel | verzinkt;;;;
45242;200185507;4026212325768;META CLIP S3 | Fachbodenregal | Anbauregal | 2000 x 1300 x 400 mm | Fachlast 230 kg | 3+1 Ebenen | Längsriegel | verzinkt;;;;
45243;200185544;4026212325775;META CLIP S3 | Fachbodenregal | Doppel-Grundregal | 2000 x 1300 x 300 mm | Fachlast 230 kg | 3+1 Ebenen | Längsriegel | verzinkt;;;;
45244;200185509;4026212325782;META CLIP S3 | Fachbodenregal | Anbauregal | 2000 x 1300 x 500 mm | Fachlast 230 kg | 3+1 Ebenen | Längsriegel | verzinkt;;;;
45245;200185524;4026212325799;META CLIP S3 | Fachbodenregal | Grundregal | 2000 x 1300 x 300 mm | Fachlast 230 kg | 3+1 Ebenen | Längsriegel | RAL 7035;;;;
45246;200185545;4026212325805;META CLIP S3 | Fachbodenregal | Doppel-Anbauregal | 2000 x 1300 x 300 mm | Fachlast 230 kg | 3+1 Ebenen | Längsriegel | verzinkt;;;;
45247;200185510;4026212325812;META CLIP S3 | Fachbodenregal | Grundregal | 2000 x 1300 x 600 mm | Fachlast 230 kg | 3+1 Ebenen | Längsriegel | verzinkt;;;;
45248;200185511;4026212325829;META CLIP S3 | Fachbodenregal | Anbauregal | 2000 x 1300 x 600 mm | Fachlast 230 kg | 3+1 Ebenen | Längsriegel | verzinkt;;;;
45249;200185564;4026212325836;META CLIP S3 | Fachbodenregal | Doppel-Grundregal | 2000 x 1300 x 300 mm | Fachlast 230 kg | 3+1 Ebenen | Längsriegel | RAL 7035;;;;
45250;200185512;4026212325843;META CLIP S3 | Fachbodenregal | Grundregal | 2000 x 1300 x 800 mm | Fachlast 230 kg | 3+1 Ebenen | Längsriegel | verzinkt;;;;
45251;200185546;4026212325850;META CLIP S3 | Fachbodenregal | Doppel-Grundregal | 2000 x 1300 x 400 mm | Fachlast 230 kg | 3+1 Ebenen | Längsriegel | verzinkt;;;;
45252;200185525;4026212325867;META CLIP S3 | Fachbodenregal | Anbauregal | 2000 x 1300 x 300 mm | Fachlast 230 kg | 3+1 Ebenen | Längsriegel | RAL 7035;;;;
45253;200185486;4026212325874;META CLIP S3 | Fachbodenregal | Doppel-Grundregal | 2000 x 1000 x 400 mm | Fachlast 230 kg | 4+1 Ebenen | Längsriegel | RAL 7035;;;;
45254;200185513;4026212325881;META CLIP S3 | Fachbodenregal | Anbauregal | 2000 x 1300 x 800 mm | Fachlast 230 kg | 3+1 Ebenen | Längsriegel | verzinkt;;;;
45255;200185547;4026212325898;META CLIP S3 | Fachbodenregal | Doppel-Anbauregal | 2000 x 1300 x 400 mm | Fachlast 230 kg | 3+1 Ebenen | Längsriegel | verzinkt;;;;
45256;200185514;4026212325904;META CLIP S3 | Fachbodenregal | Grundregal | 2500 x 1300 x 300 mm | Fachlast 230 kg | 4+1 Ebenen | Längsriegel | verzinkt;;;;
45257;200185526;4026212325911;META CLIP S3 | Fachbodenregal | Grundregal | 2000 x 1300 x 400 mm | Fachlast 230 kg | 3+1 Ebenen | Längsriegel | RAL 7035;;;;
45258;200185487;4026212325928;META CLIP S3 | Fachbodenregal | Doppel-Anbauregal | 2000 x 1000 x 400 mm | Fachlast 230 kg | 4+1 Ebenen | Längsriegel | RAL 7035;;;;
45259;200185515;4026212325935;META CLIP S3 | Fachbodenregal | Anbauregal | 2500 x 1300 x 300 mm | Fachlast 230 kg | 4+1 Ebenen | Längsriegel | verzinkt;;;;
45260;200185565;4026212325942;META CLIP S3 | Fachbodenregal | Doppel-Anbauregal | 2000 x 1300 x 300 mm | Fachlast 230 kg | 3+1 Ebenen | Längsriegel | RAL 7035;;;;
45261;200185488;4026212325959;META CLIP S3 | Fachbodenregal | Doppel-Grundregal | 2000 x 1000 x 500 mm | Fachlast 230 kg | 4+1 Ebenen | Längsriegel | RAL 7035;;;;
45262;200185548;4026212325966;META CLIP S3 | Fachbodenregal | Doppel-Grundregal | 2000 x 1300 x 500 mm | Fachlast 230 kg | 3+1 Ebenen | Längsriegel | verzinkt;;;;
45263;200185516;4026212325973;META CLIP S3 | Fachbodenregal | Grundregal | 2500 x 1300 x 400 mm | Fachlast 230 kg | 4+1 Ebenen | Längsriegel | verzinkt;;;;
45264;200185517;4026212325980;META CLIP S3 | Fachbodenregal | Anbauregal | 2500 x 1300 x 400 mm | Fachlast 230 kg | 4+1 Ebenen | Längsriegel | verzinkt;;;;
45265;200185518;4026212325997;META CLIP S3 | Fachbodenregal | Grundregal | 2500 x 1300 x 500 mm | Fachlast 230 kg | 4+1 Ebenen | Längsriegel | verzinkt;;;;
45266;200185549;4026212326000;META CLIP S3 | Fachbodenregal | Doppel-Anbauregal | 2000 x 1300 x 500 mm | Fachlast 230 kg | 3+1 Ebenen | Längsriegel | verzinkt;;;;
45267;200185519;4026212326017;META CLIP S3 | Fachbodenregal | Anbauregal | 2500 x 1300 x 500 mm | Fachlast 230 kg | 4+1 Ebenen | Längsriegel | verzinkt;;;;
45268;200185566;4026212326024;META CLIP S3 | Fachbodenregal | Doppel-Grundregal | 2000 x 1300 x 400 mm | Fachlast 230 kg | 3+1 Ebenen | Längsriegel | RAL 7035;;;;
45269;200185527;4026212326031;META CLIP S3 | Fachbodenregal | Anbauregal | 2000 x 1300 x 400 mm | Fachlast 230 kg | 3+1 Ebenen | Längsriegel | RAL 7035;;;;
45270;200185520;4026212326048;META CLIP S3 | Fachbodenregal | Grundregal | 2500 x 1300 x 600 mm | Fachlast 230 kg | 4+1 Ebenen | Längsriegel | verzinkt;;;;
45271;200185489;4026212326055;META CLIP S3 | Fachbodenregal | Doppel-Anbauregal | 2000 x 1000 x 500 mm | Fachlast 230 kg | 4+1 Ebenen | Längsriegel | RAL 7035;;;;
45272;200185521;4026212326062;META CLIP S3 | Fachbodenregal | Anbauregal | 2500 x 1300 x 600 mm | Fachlast 230 kg | 4+1 Ebenen | Längsriegel | verzinkt;;;;
45273;200185550;4026212326079;META CLIP S3 | Fachbodenregal | Doppel-Grundregal | 2000 x 1300 x 600 mm | Fachlast 230 kg | 3+1 Ebenen | Längsriegel | verzinkt;;;;
45274;200185490;4026212326086;META CLIP S3 | Fachbodenregal | Doppel-Grundregal | 2000 x 1000 x 600 mm | Fachlast 230 kg | 4+1 Ebenen | Längsriegel | RAL 7035;;;;
45275;200185522;4026212326093;META CLIP S3 | Fachbodenregal | Grundregal | 2500 x 1300 x 800 mm | Fachlast 230 kg | 4+1 Ebenen | Längsriegel | verzinkt;;;;
45276;200185523;4026212326109;META CLIP S3 | Fachbodenregal | Anbauregal | 2500 x 1300 x 800 mm | Fachlast 230 kg | 4+1 Ebenen | Längsriegel | verzinkt;;;;
45277;200185491;4026212326116;META CLIP S3 | Fachbodenregal | Doppel-Anbauregal | 2000 x 1000 x 600 mm | Fachlast 230 kg | 4+1 Ebenen | Längsriegel | RAL 7035;;;;
45278;200185567;4026212326123;META CLIP S3 | Fachbodenregal | Doppel-Anbauregal | 2000 x 1300 x 400 mm | Fachlast 230 kg | 3+1 Ebenen | Längsriegel | RAL 7035;;;;
45279;200185551;4026212326130;META CLIP S3 | Fachbodenregal | Doppel-Anbauregal | 2000 x 1300 x 600 mm | Fachlast 230 kg | 3+1 Ebenen | Längsriegel | verzinkt;;;;
45280;200185528;4026212326147;META CLIP S3 | Fachbodenregal | Grundregal | 2000 x 1300 x 500 mm | Fachlast 230 kg | 3+1 Ebenen | Längsriegel | RAL 7035;;;;
45281;200185492;4026212326154;META CLIP S3 | Fachbodenregal | Doppel-Grundregal | 2000 x 1000 x 800 mm | Fachlast 230 kg | 4+1 Ebenen | Längsriegel | RAL 7035;;;;
45282;200185534;4026212326161;META CLIP S3 | Fachbodenregal | Grundregal | 2500 x 1300 x 300 mm | Fachlast 230 kg | 4+1 Ebenen | Längsriegel | RAL 7035;;;;
45283;200185568;4026212326178;META CLIP S3 | Fachbodenregal | Doppel-Grundregal | 2000 x 1300 x 500 mm | Fachlast 230 kg | 3+1 Ebenen | Längsriegel | RAL 7035;;;;
45284;200185535;4026212326185;META CLIP S3 | Fachbodenregal | Anbauregal | 2500 x 1300 x 300 mm | Fachlast 230 kg | 4+1 Ebenen | Längsriegel | RAL 7035;;;;
45285;200185552;4026212326192;META CLIP S3 | Fachbodenregal | Doppel-Grundregal | 2000 x 1300 x 800 mm | Fachlast 230 kg | 3+1 Ebenen | Längsriegel | verzinkt;;;;
45286;200185493;4026212326208;META CLIP S3 | Fachbodenregal | Doppel-Anbauregal | 2000 x 1000 x 800 mm | Fachlast 230 kg | 4+1 Ebenen | Längsriegel | RAL 7035;;;;
45287;200185569;4026212326215;META CLIP S3 | Fachbodenregal | Doppel-Anbauregal | 2000 x 1300 x 500 mm | Fachlast 230 kg | 3+1 Ebenen | Längsriegel | RAL 7035;;;;
45288;200185536;4026212326222;META CLIP S3 | Fachbodenregal | Grundregal | 2500 x 1300 x 400 mm | Fachlast 230 kg | 4+1 Ebenen | Längsriegel | RAL 7035;;;;
45289;200185529;4026212326239;META CLIP S3 | Fachbodenregal | Anbauregal | 2000 x 1300 x 500 mm | Fachlast 230 kg | 3+1 Ebenen | Längsriegel | RAL 7035;;;;
45290;200185537;4026212326246;META CLIP S3 | Fachbodenregal | Anbauregal | 2500 x 1300 x 400 mm | Fachlast 230 kg | 4+1 Ebenen | Längsriegel | RAL 7035;;;;
45291;200185494;4026212326253;META CLIP S3 | Fachbodenregal | Doppel-Grundregal | 2500 x 1000 x 300 mm | Fachlast 230 kg | 5+1 Ebenen | Längsriegel | RAL 7035;;;;
45292;200185553;4026212326260;META CLIP S3 | Fachbodenregal | Doppel-Anbauregal | 2000 x 1300 x 800 mm | Fachlast 230 kg | 3+1 Ebenen | Längsriegel | verzinkt;;;;
45293;200185570;4026212326277;META CLIP S3 | Fachbodenregal | Doppel-Grundregal | 2000 x 1300 x 600 mm | Fachlast 230 kg | 3+1 Ebenen | Längsriegel | RAL 7035;;;;
45294;200185530;4026212326284;META CLIP S3 | Fachbodenregal | Grundregal | 2000 x 1300 x 600 mm | Fachlast 230 kg | 3+1 Ebenen | Längsriegel | RAL 7035;;;;
45295;200185571;4026212326291;META CLIP S3 | Fachbodenregal | Doppel-Anbauregal | 2000 x 1300 x 600 mm | Fachlast 230 kg | 3+1 Ebenen | Längsriegel | RAL 7035;;;;
45296;200185554;4026212326307;META CLIP S3 | Fachbodenregal | Doppel-Grundregal | 2500 x 1300 x 300 mm | Fachlast 230 kg | 4+1 Ebenen | Längsriegel | verzinkt;;;;
45297;200185531;4026212326314;META CLIP S3 | Fachbodenregal | Anbauregal | 2000 x 1300 x 600 mm | Fachlast 230 kg | 3+1 Ebenen | Längsriegel | RAL 7035;;;;
45298;200185538;4026212326321;META CLIP S3 | Fachbodenregal | Grundregal | 2500 x 1300 x 500 mm | Fachlast 230 kg | 4+1 Ebenen | Längsriegel | RAL 7035;;;;
45299;200185572;4026212326338;META CLIP S3 | Fachbodenregal | Doppel-Grundregal | 2000 x 1300 x 800 mm | Fachlast 230 kg | 3+1 Ebenen | Längsriegel | RAL 7035;;;;
45300;200185539;4026212326345;META CLIP S3 | Fachbodenregal | Anbauregal | 2500 x 1300 x 500 mm | Fachlast 230 kg | 4+1 Ebenen | Längsriegel | RAL 7035;;;;
45301;200185555;4026212326352;META CLIP S3 | Fachbodenregal | Doppel-Anbauregal | 2500 x 1300 x 300 mm | Fachlast 230 kg | 4+1 Ebenen | Längsriegel | verzinkt;;;;
45302;200185573;4026212326369;META CLIP S3 | Fachbodenregal | Doppel-Anbauregal | 2000 x 1300 x 800 mm | Fachlast 230 kg | 3+1 Ebenen | Längsriegel | RAL 7035;;;;
45303;200185532;4026212326376;META CLIP S3 | Fachbodenregal | Grundregal | 2000 x 1300 x 800 mm | Fachlast 230 kg | 3+1 Ebenen | Längsriegel | RAL 7035;;;;
45304;200185540;4026212326383;META CLIP S3 | Fachbodenregal | Grundregal | 2500 x 1300 x 600 mm | Fachlast 230 kg | 4+1 Ebenen | Längsriegel | RAL 7035;;;;
45305;200185541;4026212326390;META CLIP S3 | Fachbodenregal | Anbauregal | 2500 x 1300 x 600 mm | Fachlast 230 kg | 4+1 Ebenen | Längsriegel | RAL 7035;;;;
45306;200185533;4026212326406;META CLIP S3 | Fachbodenregal | Anbauregal | 2000 x 1300 x 800 mm | Fachlast 230 kg | 3+1 Ebenen | Längsriegel | RAL 7035;;;;
45307;200185542;4026212326413;META CLIP S3 | Fachbodenregal | Grundregal | 2500 x 1300 x 800 mm | Fachlast 230 kg | 4+1 Ebenen | Längsriegel | RAL 7035;;;;
45308;200185574;4026212326420;META CLIP S3 | Fachbodenregal | Doppel-Grundregal | 2500 x 1300 x 300 mm | Fachlast 230 kg | 4+1 Ebenen | Längsriegel | RAL 7035;;;;
45309;200185495;4026212326437;META CLIP S3 | Fachbodenregal | Doppel-Anbauregal | 2500 x 1000 x 300 mm | Fachlast 230 kg | 5+1 Ebenen | Längsriegel | RAL 7035;;;;
45310;200185543;4026212326444;META CLIP S3 | Fachbodenregal | Anbauregal | 2500 x 1300 x 800 mm | Fachlast 230 kg | 4+1 Ebenen | Längsriegel | RAL 7035;;;;
45311;200185556;4026212326451;META CLIP S3 | Fachbodenregal | Doppel-Grundregal | 2500 x 1300 x 400 mm | Fachlast 230 kg | 4+1 Ebenen | Längsriegel | verzinkt;;;;
45312;200185557;4026212326468;META CLIP S3 | Fachbodenregal | Doppel-Anbauregal | 2500 x 1300 x 400 mm | Fachlast 230 kg | 4+1 Ebenen | Längsriegel | verzinkt;;;;
45313;200185575;4026212326475;META CLIP S3 | Fachbodenregal | Doppel-Anbauregal | 2500 x 1300 x 300 mm | Fachlast 230 kg | 4+1 Ebenen | Längsriegel | RAL 7035;;;;
45314;200185496;4026212326482;META CLIP S3 | Fachbodenregal | Doppel-Grundregal | 2500 x 1000 x 400 mm | Fachlast 230 kg | 5+1 Ebenen | Längsriegel | RAL 7035;;;;
45315;200185558;4026212326499;META CLIP S3 | Fachbodenregal | Doppel-Grundregal | 2500 x 1300 x 500 mm | Fachlast 230 kg | 4+1 Ebenen | Längsriegel | verzinkt;;;;
45316;200185497;4026212326505;META CLIP S3 | Fachbodenregal | Doppel-Anbauregal | 2500 x 1000 x 400 mm | Fachlast 230 kg | 5+1 Ebenen | Längsriegel | RAL 7035;;;;
45317;200185498;4026212326512;META CLIP S3 | Fachbodenregal | Doppel-Grundregal | 2500 x 1000 x 500 mm | Fachlast 230 kg | 5+1 Ebenen | Längsriegel | RAL 7035;;;;
45318;200185559;4026212326529;META CLIP S3 | Fachbodenregal | Doppel-Anbauregal | 2500 x 1300 x 500 mm | Fachlast 230 kg | 4+1 Ebenen | Längsriegel | verzinkt;;;;
45319;200185499;4026212326536;META CLIP S3 | Fachbodenregal | Doppel-Anbauregal | 2500 x 1000 x 500 mm | Fachlast 230 kg | 5+1 Ebenen | Längsriegel | RAL 7035;;;;
45320;200185576;4026212326543;META CLIP S3 | Fachbodenregal | Doppel-Grundregal | 2500 x 1300 x 400 mm | Fachlast 230 kg | 4+1 Ebenen | Längsriegel | RAL 7035;;;;
45321;200185560;4026212326550;META CLIP S3 | Fachbodenregal | Doppel-Grundregal | 2500 x 1300 x 600 mm | Fachlast 230 kg | 4+1 Ebenen | Längsriegel | verzinkt;;;;
45322;200185500;4026212326567;META CLIP S3 | Fachbodenregal | Doppel-Grundregal | 2500 x 1000 x 600 mm | Fachlast 230 kg | 5+1 Ebenen | Längsriegel | RAL 7035;;;;
45323;200185577;4026212326574;META CLIP S3 | Fachbodenregal | Doppel-Anbauregal | 2500 x 1300 x 400 mm | Fachlast 230 kg | 4+1 Ebenen | Längsriegel | RAL 7035;;;;
45324;200185501;4026212326581;META CLIP S3 | Fachbodenregal | Doppel-Anbauregal | 2500 x 1000 x 600 mm | Fachlast 230 kg | 5+1 Ebenen | Längsriegel | RAL 7035;;;;
45325;200185561;4026212326598;META CLIP S3 | Fachbodenregal | Doppel-Anbauregal | 2500 x 1300 x 600 mm | Fachlast 230 kg | 4+1 Ebenen | Längsriegel | verzinkt;;;;
45326;200185502;4026212326604;META CLIP S3 | Fachbodenregal | Doppel-Grundregal | 2500 x 1000 x 800 mm | Fachlast 230 kg | 5+1 Ebenen | Längsriegel | RAL 7035;;;;
45327;200185578;4026212326611;META CLIP S3 | Fachbodenregal | Doppel-Grundregal | 2500 x 1300 x 500 mm | Fachlast 230 kg | 4+1 Ebenen | Längsriegel | RAL 7035;;;;
45328;200185503;4026212326628;META CLIP S3 | Fachbodenregal | Doppel-Anbauregal | 2500 x 1000 x 800 mm | Fachlast 230 kg | 5+1 Ebenen | Längsriegel | RAL 7035;;;;
45329;200185562;4026212326635;META CLIP S3 | Fachbodenregal | Doppel-Grundregal | 2500 x 1300 x 800 mm | Fachlast 230 kg | 4+1 Ebenen | Längsriegel | verzinkt;;;;
45330;200185579;4026212326642;META CLIP S3 | Fachbodenregal | Doppel-Anbauregal | 2500 x 1300 x 500 mm | Fachlast 230 kg | 4+1 Ebenen | Längsriegel | RAL 7035;;;;
45331;200185563;4026212326659;META CLIP S3 | Fachbodenregal | Doppel-Anbauregal | 2500 x 1300 x 800 mm | Fachlast 230 kg | 4+1 Ebenen | Längsriegel | verzinkt;;;;
45332;200185580;4026212326666;META CLIP S3 | Fachbodenregal | Doppel-Grundregal | 2500 x 1300 x 600 mm | Fachlast 230 kg | 4+1 Ebenen | Längsriegel | RAL 7035;;;;
45333;200185581;4026212326673;META CLIP S3 | Fachbodenregal | Doppel-Anbauregal | 2500 x 1300 x 600 mm | Fachlast 230 kg | 4+1 Ebenen | Längsriegel | RAL 7035;;;;
45334;200185582;4026212326680;META CLIP S3 | Fachbodenregal | Doppel-Grundregal | 2500 x 1300 x 800 mm | Fachlast 230 kg | 4+1 Ebenen | Längsriegel | RAL 7035;;;;
45335;200185583;4026212326697;META CLIP S3 | Fachbodenregal | Doppel-Anbauregal | 2500 x 1300 x 800 mm | Fachlast 230 kg | 4+1 Ebenen | Längsriegel | RAL 7035;;;;
45336;200185641;4026212326833;META CLIP | Schilderregal | Anbauregal | 2000 x 1000 x 400 mm | Fachlast 100 kg | 3 Ebenen | verzinkt;;;;
45337;200185640;4026212326840;META CLIP | Schilderregal | Grundregal | 2000 x 1000 x 400 mm | Fachlast 100 kg | 3 Ebenen | verzinkt;;;;
45338;200185642;4026212326857;META CLIP | Keilriemenregal | Grundregal | 2000 x 1000 x 400 | 3 Ebenen | verzinkt;;;;
45339;200185643;4026212326864;META CLIP | Keilriemenregal | Anbauregal | 2000 x 1000 x 400 | 3 Ebenen | verzinkt;;;;
45340;200185644;4026212326871;META CLIP | Keilriemenregal | Grundregal | 2000 x 1000 x 500 | 3 Ebenen | verzinkt;;;;
45341;200185645;4026212326888;META CLIP | Keilriemenregal | Anbauregal | 2000 x 1000 x 500 | 3 Ebenen | verzinkt;;;;
45342;200185658;4026212326901;;;;;
45345;200185659;4026212327052;META CLIP | Gitterkorbregal | Grundregal | 2000 x 1000 x 500 mm | Fachlast 35 kg | verzinkt;;;;
45346;200185660;4026212327069;META CLIP | Gitterkorbregal | Anbauregal | 2000 x 1000 x 500 mm | Fachlast 35 kg | verzinkt;;;;
45347;200185661;4026212327076;META CLIP | Gitterkorbregal | Grundregal | 2000 x 1000 x 400 mm |Fachlast 100 kg | verzinkt;;;;
45348;200185662;4026212327083;META CLIP | Gitterkorbregal | Anbauregal | 2000 x 1000 x 400 mm |Fachlast 100 kg | verzinkt;;;;
45353;200185700;4026212327168;META CLIP | Arbeitsschutzregal | 2 Felder | 2000 x 1000 x 600 mm | verzinkt;;;;
45354;200185701;4026212327175;META CLIP | Arbeitsschutzregal | Grundregal | 2000 x 1000 x 600 mm | verzinkt;;;;
45355;200185702;4026212327182;META CLIP | Arbeitsschutzregal | Anbauregal | 2000 x 1000 x 600 mm | verzinkt;;;;
45356;200185665;4026212327199;META CLIP S3 | HT-Regal | 3 Felder | 2000 x 1000 x 500 mm | verzinkt;;;;
45357;200185741;4026212327250;META MULTILINE M | Durchlaufregal | Anbauregal | 2200 x 1400 x 1250 mm | Fachlast 180 kg | 4 Ebenen | verzinkt;;;;
45358;200185360;4026212328059;META CLIP S3 | Fachbodenregal | Grundregal | 2000 x 1000 x 300 mm | Fachlast 150 kg | 4+1 Ebenen | Längsriegel | verzinkt;;;;
45359;200185363;4026212328066;META CLIP S3 | Fachbodenregal | Anbauregal | 2000 x 1000 x 400 mm | Fachlast 150 kg | 4+1 Ebenen | Längsriegel | verzinkt;;;;
45360;200185656;4026212328073;;;;;
45361;200185657;4026212328080;;;;;
45362;200186020;4026212328318;;;;;
45363;200186023;4026212328325;;;;;
45364;200186022;4026212328332;;;;;
45365;200186021;4026212328349;;;;;
45366;200186049;4026212328479;META CLIP S3 | Reifenregal | Grundregal | 2000 x 1150 x 400 mm | Fachlast 150 kg | 3 Ebenen | verzinkt;;;;
45367;200186050;4026212328486;META CLIP S3 | Reifenregal | Anbauregal | 2000 x 1150 x 400 mm | Fachlast 150 kg | 3 Ebenen | verzinkt;;;;
45368;200186051;4026212328509;META CLIP S3 | Reifenregal | Grundregal | 2500 x 1150 x 400 mm | Fachlast 150 kg | 4 Ebenen | verzinkt;;;;
45369;200186052;4026212328516;META CLIP S3 | Reifenregal | Anbauregal | 2500 x 1150 x 400 mm | Fachlast 150 kg | 4 Ebenen | verzinkt;;;;
45370;200186381;4026212334623;META MULTIPAL | Palettenregal | Grundregal | 3300 x 2700 x 1100 mm | Fachlast 980 kg | 3 Ebenen | 9 Paletten | verzinkt;;;;
45371;200186383;4026212334654;META MULTIPAL | Palettenregal | Grundregal | 4400 x 2700 x 1100 mm | Fachlast 470 kg | 3 Ebenen | 9 Paletten | verzinkt;;;;
45372;200186384;4026212334661;META MULTIPAL | Palettenregal | Grundregal | 4400 x 2700 x 1100 mm | Fachlast 770 kg | 3 Ebenen | 9 Paletten | verzinkt;;;;
45373;200186385;4026212334678;META MULTIPAL | Palettenregal | Grundregal | 4400 x 2700 x 1100 mm | Fachlast 960 kg | 3 Ebenen | 9 Paletten | verzinkt;;;;
45374;200186387;4026212334692;META MULTIPAL | Palettenregal | Grundregal | 3300 x 2700 x 1100 mm | Fachlast 490 kg | 4 Ebenen | 12 Paletten | verzinkt;;;;
45375;200186388;4026212334708;META MULTIPAL | Palettenregal | Grundregal | 3300 x 2700 x 1100 mm | Fachlast 790 kg | 4 Ebenen | 12 Paletten | verzinkt;;;;
45376;200186389;4026212334715;META MULTIPAL | Palettenregal | Grundregal | 3300 x 2700 x 1100 mm | Fachlast 980 kg | 4 Ebenen | 12 Paletten | verzinkt;;;;
45377;200186390;4026212334722;META MULTIPAL | Palettenregal | Grundregal | 4400 x 2700 x 1100 mm | Fachlast 940 kg | 4 Ebenen | 12 Paletten | verzinkt;;;;
45378;200186391;4026212334739;META MULTIPAL | Palettenregal | Grundregal | 5500 x 2700 x 1100 mm | Fachlast 900 kg | 4 Ebenen | 12 Paletten | verzinkt;;;;
45379;200186515;4026212335316;META FIX COMPACT | Büro-Schraubregal | 3 Felder | 1850 x 3000 x 300 mm | Fachlast 80 kg | 5 Ebenen | verzinkt;;;;
45380;200186517;4026212335330;META FIX | Fachbodenregal | 3 Felder | 2000 x 3000 x 500 mm | Fachlast 100 kg | 5 Ebenen | verzinkt;;;;
45381;200186520;4026212335361;META CLIP S3 | Fachbodenregal | 2 Felder | 2000 x 2000 x 400 mm | Fachlast 150 kg | 4+1 Ebenen | verzinkt;;;;
45382;200186521;4026212335378;META CLIP | Fachbodenregal | 3 Felder | 2000 x 3000 x 500 mm | Fachlast 230 kg | 4+1 Ebenen | verzinkt;;;;
45383;200186542;4026212335514;META CLIP | Fachbodenregal | 3 Felder | 2000 x 3900 x 600 mm | Fachlast 230 kg | 3+1 Ebenen | verzinkt;;;;
45384;200186580;4026212335651;META CLIP | Fachbodenregal | 3 Felder | 2000 x 3000 x 400 mm | Fachlast 230 kg | 4+1 Ebenen | verzinkt;;;;
45385;200186712;4026212336368;;;;;
45386;200186713;4026212336375;;;;;
45388;200186751;4026212336566;META MULTISTRONG M | Kragarmregal | 2 Felder | 3000 x 2600 x 400 mm | Armlast 535 kg | einseitig | 5+1 Ebenen;;;;
45389;200186752;4026212336573;META MULTISTRONG M | Kragarmregal | 2 Felder | 3000 x 2600 x 500 mm | Armlast 430 kg | einseitig | 5+1 Ebenen;;;;
45390;200186753;4026212336580;META MULTISTRONG M | Kragarmregal | 2 Felder | 3000 x 2600 x 600 mm | Armlast 355 kg | einseitig | 5+1 Ebenen;;;;
45391;200186754;4026212336597;META MULTISTRONG M | Kragarmregal | 2 Felder | 3000 x 2600 x 800 mm | Armlast 250 kg | einseitig | 5+1 Ebenen;;;;
45392;200186755;4026212336603;META MULTISTRONG M | Kragarmregal | 2 Felder | 3000 x 2600 x 400 mm | Armlast 535 kg | doppelseitig | 5+1 Ebenen;;;;
45393;200186756;4026212336610;META MULTISTRONG M | Kragarmregal | 2 Felder | 3000 x 2600 x 500 mm | Armlast 430 kg | doppelseitig | 5+1 Ebenen;;;;
45394;200186757;4026212336627;META MULTISTRONG M | Kragarmregal | 2 Felder | 3000 x 2600 x 600 mm | Armlast 355 kg | doppelseitig | 5+1 Ebenen;;;;
45395;200186758;4026212336634;META MULTISTRONG M | Kragarmregal | 2 Felder | 3000 x 2600 x 800 mm | Armlast 250 kg | doppelseitig | 5+1 Ebenen;;;;
45396;200186759;4026212336641;META MULTISTRONG M | Kragarmregal | 4 Felder | 3000 x 5200 x 400 mm | Armlast 535 kg | einseitig | 5+1 Ebenen;;;;
45397;200186760;4026212336658;META MULTISTRONG M | Kragarmregal | 4 Felder | 3000 x 5200 x 500 mm | Armlast 430 kg | einseitig | 5+1 Ebenen;;;;
45398;200186761;4026212336665;META MULTISTRONG M | Kragarmregal | 4 Felder | 3000 x 5200 x 600 mm | Armlast 355 kg | einseitig | 5+1 Ebenen;;;;
45399;200186762;4026212336672;META MULTISTRONG M | Kragarmregal | 4 Felder | 3000 x 5200 x 800 mm | Armlast 250 kg | einseitig | 5+1 Ebenen;;;;
45400;200186763;4026212336689;META MULTISTRONG M | Kragarmregal | 4 Felder | 3000 x 5200 x 400 mm | Armlast 535 kg | doppelseitig | 5+1 Ebenen;;;;
45401;200186764;4026212336696;META MULTISTRONG M | Kragarmregal | 4 Felder | 3000 x 5200 x 500 mm | Armlast 430 kg | doppelseitig | 5+1 Ebenen;;;;
45402;200186765;4026212336702;META MULTISTRONG M | Kragarmregal | 4 Felder | 3000 x 5200 x 600 mm | Armlast 355 kg | doppelseitig | 5+1 Ebenen;;;;
45403;200186766;4026212336719;META MULTISTRONG M | Kragarmregal | 4 Felder | 3000 x 5200 x 800 mm | Armlast 250 kg | doppelseitig | 5+1 Ebenen;;;;
45404;20057426;4026212336757;;;;;
45405;20057427;4026212336764;;;;;
45409;200186940;4026212337419;;;;;
45410;200186024;4026212337969;;;;;
45412;200187150;4026212338225;META ATLAS ST | Kragarmregal | 1 Feld | 2000 x 1350 x 500 mm | Armlast 200 kg | einseitig | 5+1 Ebenen | RAL 5010;;;;
45413;200187151;4026212338232;META ATLAS ST | Kragarmregal | 1 Feld | 2000 x 1350 x 500 mm | Armlast 200 kg | doppelseitig | 5+1 Ebenen | RAL 5010;;;;
45414;200187155;4026212338263;META ATLAS ST | Langgutregal | 1 Feld | 2000 x 1350 x 500 mm | Armlast 200 kg | einseitig | 6+1 Ebenen | RAL 5010;;;;
45415;200187156;4026212338270;META ATLAS ST | Langgutregal | 1 Feld | 2000 x 1350 x 500 mm | Armlast 200 kg | doppelseitig | 6+1 Ebenen | RAL 5010;;;;
45416;200187283;4026212338683;;;;;
45417;200187284;4026212338690;;;;;
45420;200188280;4026212341997;;;;;
45421;200188281;4026212342000;;;;;
45422;200188379;4026212342208;;;;;
45423;200188448;4026212342284;META CLIP S3 | Reifenregal | Grundregal | 2200 x 1150 x 400 mm | Fachlast 150 kg | 3 Ebenen | verzinkt;;;;
45424;200188449;4026212342291;META CLIP S3 | Reifenregal | Anbauregal | 2200 x 1150 x 400 mm | Fachlast 150 kg | 3 Ebenen | verzinkt;;;;
45425;200188479;4026212342390;;;;;
45426;200188480;4026212342406;;;;;
45427;200188539;4026212342451;;;;;
45428;200188540;4026212342468;;;;;
45429;200188541;4026212342475;;;;;
45430;200188543;4026212342499;;;;;
45431;200188544;4026212342505;;;;;
45432;200188547;4026212342512;META MULTIPAL | Großfachregal | Grundregal | 2700 x 1825 x 800 mm | Fachlast 1800 kg | 4 Ebenen | Stahlpaneele | verzinkt;;;;
45433;200188545;4026212342529;META MULTIPAL | Großfachregal | Grundregal | 2200 x 1825 x 800 mm | Fachlast 1800 kg | 3 Ebenen | Stahlpaneele | verzinkt;;;;
45434;200188546;4026212342536;META MULTIPAL | Großfachregal | Anbauregal | 2200 x 1825 x 800 mm | Fachlast 1800 kg | 3 Ebenen | Stahlpaneele | verzinkt;;;;
45435;200188548;4026212342543;META MULTIPAL | Großfachregal | Anbauregal | 2700 x 1825 x 800 mm | Fachlast 1800 kg | 4 Ebenen | Stahlpaneele | verzinkt;;;;
45436;200188549;4026212342550;META MULTIPAL | Großfachregal | Grundregal | 3300 x 1825 x 800 mm | Fachlast 1800 kg | 5 Ebenen | Stahlpaneele | verzinkt;;;;
45437;200188550;4026212342567;META MULTIPAL | Großfachregal | Anbauregal | 3300 x 1825 x 800 mm | Fachlast 1800 kg | 5 Ebenen | Stahlpaneele | verzinkt;;;;
45438;200188551;4026212342598;META MULTIPAL | Großfachregal | Grundregal | 2200 x 1825 x 1100 mm | Fachlast 1800 kg | 3 Ebenen | Stahlpaneele | verzinkt;;;;
45439;200188552;4026212342611;META MULTIPAL | Großfachregal | Anbauregal | 2200 x 1825 x 1100 mm | Fachlast 1800 kg | 3 Ebenen | Stahlpaneele | verzinkt;;;;
45440;200188553;4026212342628;META MULTIPAL | Großfachregal | Grundregal | 2700 x 1825 x 1100 mm | Fachlast 1800 kg | 4 Ebenen | Stahlpaneele | verzinkt;;;;
45441;200188554;4026212342635;META MULTIPAL | Großfachregal | Anbauregal | 2700 x 1825 x 1100 mm | Fachlast 1800 kg | 4 Ebenen | Stahlpaneele | verzinkt;;;;
45442;200188555;4026212342642;META MULTIPAL | Großfachregal | Grundregal | 3300 x 1825 x 1100 mm | Fachlast 1800 kg | 5 Ebenen | Stahlpaneele | verzinkt;;;;
45443;200188556;4026212342659;META MULTIPAL | Großfachregal | Anbauregal | 3300 x 1825 x 1100 mm | Fachlast 1800 kg | 5 Ebenen | Stahlpaneele | verzinkt;;;;
45444;200188557;4026212342666;META MULTIPAL | Großfachregal | Grundregal | 2200 x 2225 x 800 mm | Fachlast 1900 kg | 3 Ebenen | Stahlpaneele | verzinkt;;;;
45445;200188558;4026212342673;META MULTIPAL | Großfachregal | Anbauregal | 2200 x 2225 x 800 mm | Fachlast 1900 kg | 3 Ebenen | Stahlpaneele | verzinkt;;;;
45446;200188559;4026212342956;META MULTIPAL | Großfachregal | Grundregal | 2700 x 2225 x 800 mm | Fachlast 1900 kg | 4 Ebenen | Stahlpaneele | verzinkt;;;;
45447;200188560;4026212342963;META MULTIPAL | Großfachregal | Anbauregal | 2700 x 2225 x 800 mm | Fachlast 1900 kg | 4 Ebenen | Stahlpaneele | verzinkt;;;;
45448;200188561;4026212342970;META MULTIPAL | Großfachregal | Grundregal | 3300 x 2225 x 800 mm | Fachlast 1700 kg | 5 Ebenen | Stahlpaneele | verzinkt;;;;
45449;200188562;4026212342987;META MULTIPAL | Großfachregal | Anbauregal | 3300 x 2225 x 800 mm | Fachlast 1700 kg | 5 Ebenen | Stahlpaneele | verzinkt;;;;
45450;200188563;4026212342994;META MULTIPAL | Großfachregal | Grundregal | 2200 x 2225 x 1100 mm | Fachlast 1900 kg | 3 Ebenen | Stahlpaneele | verzinkt;;;;
45451;200188564;4026212343007;META MULTIPAL | Großfachregal | Anbauregal | 2200 x 2225 x 1100 mm | Fachlast 1900 kg | 3 Ebenen | Stahlpaneele | verzinkt;;;;
45452;200188565;4026212343014;META MULTIPAL | Großfachregal | Grundregal | 2700 x 2225 x 1100 mm | Fachlast 1900 kg | 4 Ebenen | Stahlpaneele | verzinkt;;;;
45453;200188566;4026212343021;META MULTIPAL | Großfachregal | Anbauregal | 2700 x 2225 x 1100 mm | Fachlast 1900 kg | 4 Ebenen | Stahlpaneele | verzinkt;;;;
45454;200188567;4026212343038;META MULTIPAL | Großfachregal | Grundregal | 3300 x 2225 x 1100 mm | Fachlast 1700 kg | 5 Ebenen | Stahlpaneele | verzinkt;;;;
45455;200188568;4026212343045;META MULTIPAL | Großfachregal | Anbauregal | 3300 x 2225 x 1100 mm | Fachlast 1700 kg | 5 Ebenen | Stahlpaneele | verzinkt;;;;
45456;200188569;4026212343052;;;;;
45457;200188570;4026212343069;;;;;
45458;200188571;4026212343076;;;;;
45459;200188572;4026212343083;;;;;
45501;200189653;4026212346480;;;;;
45545;200189959;4026212348170;META MULTIPAL | Palettenregal | Grundregal | 2700 x 1825 x 1100 mm | Fachlast 1120 kg | 3 Ebenen | 6 Paletten | verzinkt;;;;
45546;200189960;4026212348187;META MULTIPAL | Palettenregal | Grundregal | 3300 x 1825 x 1100 mm | Fachlast 1100 kg | 3 Ebenen | 6 Paletten | verzinkt;;;;
45547;200189961;4026212348194;META MULTIPAL | Palettenregal | Grundregal | 4400 x 1825 x 1100 mm | Fachlast 1080 kg | 3 Ebenen | 6 Paletten | verzinkt;;;;
45558;200189962;4026212348316;META MULTIPAL | Palettenregal | Grundregal | 3300 x 1825 x 1100 mm | Fachlast 1120 kg | 4 Ebenen | 8 Paletten | verzinkt;;;;
45559;200189963;4026212348323;META MULTIPAL | Palettenregal | Grundregal | 4400 x 1825 x 1100 mm | Fachlast 1100 kg | 4 Ebenen | 8 Paletten | verzinkt;;;;
45560;200189964;4026212348330;META MULTIPAL | Palettenregal | Grundregal | 5500 x 1825 x 1100 mm | Fachlast 1080 kg | 4 Ebenen | 8 Paletten | verzinkt;;;;
45561;200189998;4026212348439;;;;;
45562;200189999;4026212348446;META MULTIPAL | Gefahrstoffregal heavy | Grundregal | 3800 x 1825 x 1100 mm;;;;
45563;200190000;4026212348453;;;;;
45564;200190001;4026212348460;META MULTIPAL | Gefahrstoffregal heavy | Grundregal | 2700 x 1825 x 1100 mm;;;;
45565;200190002;4026212348477;META MULTIPAL Palettenregal | Anbauregal | 2700 x 1825 x 1100 mm | 6 Stellplätze à 1120 kg;;;;
45566;200190003;4026212348484;META MULTIPAL | Palettenregal | Anbauregal | 4400 x 1825 x 1100 mm | Fachlast 1100 kg | 4 Ebenen | 8 Paletten | verzinkt;;;;
45567;200190004;4026212348491;;;;;
45568;200190005;4026212348507;META MULTIPAL | Gefahrstoffregal heavy | Anbauregal | 3800 x 1825 x 1100 mm;;;;
45570;200190254;4026212349627;;;;;
45571;200190801;4026212351330;;;;;
45572;200190802;4026212351347;;;;;
45573;200190803;4026212351354;;;;;
45574;200190804;4026212351361;;;;;
45575;200190806;4026212351378;;;;;
45576;200190807;4026212351385;;;;;
45577;200190808;4026212351392;;;;;
45578;200190822;4026212351439;;;;;
45579;200190805;4026212351477;;;;;
45580;9900000316;4026212352474;;;;;
45581;200189856;4026212352528;;;;;
45582;200189857;4026212352535;;;;;
45583;200189858;4026212352542;;;;;
45584;9900000317;4026212353181;;;;;
45585;9900000333;4026212353280;;;;;
45586;9900000334;4026212353297;;;;;
45587;200185654;4026212353587;;;;;
45588;200189285;4026212354478;;;;;
45589;200189287;4026212354485;;;;;
45590;9900001037;4026212357608;META MULTIPAL | Gefahrstoffregal KTC | Grundregal | 3300 x 2225 x 1100 mm;;;;
45591;9900001038;4026212357615;META MULTIPAL | Gefahrstoffregal KTC | Anbauregal | 3300 x 2225 x 1100 mm;;;;
45592;9900001040;4026212357622;META MULTIPAL | Gefahrstoffregal KTC | Grundregal | 4900 x 2225 x 1100 mm;;;;
45593;9900001041;4026212357639;META MULTIPAL | Gefahrstoffregal KTC | Anbauregal | 4900 x 2225 x 1100 mm;;;;
45594;9900001089;4026212357899;;;;;
45595;9900001090;4026212357905;;;;;
45596;9900001091;4026212357912;;;;;
45597;9900001092;4026212357929;;;;;
45598;9900001095;4026212357943;;;;;
45599;9900001096;4026212357950;;;;;
45600;9900001098;4026212357967;;;;;
45601;9900001099;4026212357981;;;;;
45602;9900001101;4026212357998;;;;;
45603;9900001102;4026212358018;;;;;
45604;9900001103;4026212358025;;;;;
45605;9900001104;4026212358032;;;;;
45606;9900001105;4026212358049;;;;;
45607;9900001108;4026212358070;;;;;
45608;9900001109;4026212358087;;;;;
45609;9900001110;4026212358094;;;;;
45610;9900001111;4026212358100;;;;;
45611;9900001112;4026212358117;;;;;
45612;9900001113;4026212358124;;;;;
45613;9900001114;4026212358131;;;;;
45614;9900001116;4026212358148;;;;;
45615;9900001117;4026212358155;;;;;
45616;9900001118;4026212358162;;;;;
45617;9900001119;4026212358179;;;;;
45618;9900001120;4026212358186;;;;;
45619;9900001121;4026212358193;;;;;
45620;9900001125;4026212358216;;;;;
45621;9900001130;4026212358254;;;;;
45622;9900001133;4026212358278;;;;;
45623;9900001134;4026212358285;;;;;
45624;9900001138;4026212358315;KIND META CLIP | Reifenregal | Anbauregal | 3000 x 1000 x 500 mm | Fachlast 150 kg | 4 Ebenen | verzinkt;;;;
45625;9900001140;4026212358339;KIND META CLIP | Reifenregal | Anbauregal | 3000 x 1150 x 500 mm | Fachlast 150 kg | 4 Ebenen | verzinkt;;;;
45626;9900001143;4026212358360;KIND META CLIP | Reifenregal | Anbauregal | 3000 x 1300 x 500 mm | Fachlast 150 kg | 4 Ebenen | verzinkt;;;;
45627;9900001146;4026212358377;;;;;
45628;9900001161;4026212358483;Regalwanne für MULTIPAL Gefahrstoffregale mit Breite 2700 mm | Typ 5 | ohne Gitterrost;;;;
45629;9900001188;4026212358544;;;;;
45630;9900001193;4026212358568;META MULTIPAL | Palettenregal | Anbauregal | 3300 x 1825 x 1100 mm | Fachlast 1100 kg | 3 Ebenen | 6 Paletten | verzinkt;;;;
45631;9900001197;4026212358605;META MULTIPAL | Palettenregal | Anbauregal | 4400 x 1825 x 1100 mm | Fachlast 1080 kg | 3 Ebenen | 6 Paletten | verzinkt;;;;
45632;9900001199;4026212358629;META MULTIPAL | Palettenregal | Anbauregal | 3300 x 1825 x 1100 mm | Fachlast 1120 kg | 4 Ebenen | 8 Paletten | verzinkt;;;;
45633;9900001202;4026212358650;META MULTIPAL | Palettenregal | Anbauregal | 5500 x 1825 x 1100 mm | Fachlast 1080 kg | 4 Ebenen | 8 Paletten | verzinkt;;;;
45634;9900001203;4026212358667;;;;;
45635;9900001403;4026212359770;;;;;
45636;9900001404;4026212359787;;;;;
45637;9900001634;4026212360592;;;;;
45638;9900001706;4026212361155;META CLIP S3 | Fachbodenregal | Grundregal | 2000 x 1000 x 300 mm | Fachlast 150 kg | 4+1 Ebenen | RAL 7035/verzinkt;;;;
45639;9900001707;4026212361162;META CLIP S3 | Fachbodenregal | Anbauregal | 2000 x 1000 x 300 mm | Fachlast 150 kg | 4+1 Ebenen | RAL 7035/verzinkt;;;;
45640;9900001708;4026212361179;META CLIP S3 | Fachbodenregal | Grundregal | 2000 x 1000 x 400 mm | Fachlast 150 kg | 4+1 Ebenen | RAL 7035/verzinkt;;;;
45641;9900001710;4026212361186;META CLIP S3 | Fachbodenregal | Grundregal | 2000 x 1000 x 500 mm | Fachlast 150 kg | 4+1 Ebenen | RAL 7035/verzinkt;;;;
45642;9900001711;4026212361193;META CLIP S3 | Fachbodenregal | Anbauregal | 2000 x 1000 x 400 mm | Fachlast 150 kg | 4+1 Ebenen | RAL 7035/verzinkt;;;;
45643;9900001713;4026212361209;META CLIP S3 | Fachbodenregal | Anbauregal | 2000 x 1000 x 500 mm | Fachlast 150 kg | 4+1 Ebenen | RAL 7035/verzinkt;;;;
45644;9900001715;4026212361216;META CLIP S3| Eckregal | 2000 x 1000 x 300 mm | Fachlast 100 kg | 4+1 Ebenen | verzinkt;;;;
45645;9900001716;4026212361223;META CLIP S3| Eckregal | 2000 x 1000 x 400 mm | Fachlast 100 kg | 4+1 Ebenen | verzinkt;;;;
45646;9900001718;4026212361230;META CLIP S3| Eckregal | 2000 x 1000 x 500 mm | Fachlast 100 kg | 4+1 Ebenen | verzinkt;;;;
45647;9900001719;4026212361247;META CLIP S3 | Schrägbodenregal | Grundregal | 2000 x 1000 x 500 mm | Fachlast 230 kg | 7+1 Ebenen | verzinkt/RAL 7035;;;;
45648;9900001721;4026212361254;META CLIP S3 | Schrägbodenregal | Anbauregal | 2000 x 1000 x 500 mm | Fachlast 230 kg | 7+1 Ebenen | verzinkt/RAL 7035;;;;
45649;9900001722;4026212361278;;;;;
45650;9900001723;4026212361285;;;;;
45651;9900001724;4026212361292;;;;;
45652;9900001725;4026212361308;;;;;
45653;9900001726;4026212361315;;;;;
45654;9900001728;4026212361322;;;;;
45655;9900001729;4026212361339;;;;;
45656;9900001864;4026212362121;;;;;
45657;9900001865;4026212362138;;;;;
45658;9900001868;4026212362169;;;;;
45659;9900001869;4026212362176;;;;;
45660;9900001894;4026212362367;;;;;
45661;9900001897;4026212362398;;;;;
45662;9900001900;4026212362411;;;;;
45663;9900001902;4026212362435;;;;;
45664;9900001903;4026212362459;;;;;
45665;9900001905;4026212362473;;;;;
45666;9900001944;4026212362732;;;;;
45667;9900001945;4026212362749;;;;;
45669;200185655;4026212366358;;;;;
45670;9900002465;4026212366587;;;;;
45671;9900004092;4026212379501;;;;;
45672;9900004093;4026212379518;;;;;
45673;9900004254;4026212382204;;;;;
45674;9900004446;4026212384451;;;;;
45675;9900004447;4026212384468;;;;;
45676;9900004448;4026212384475;;;;;
45677;9900004450;4026212384482;;;;;
45678;9900004451;4026212384499;;;;;
45679;9900004452;4026212384505;;;;;
45680;9900004454;4026212384536;META CLIP S3 | Fachbodenregal | Grundregal | 2000 x 1300 x 400 mm | Fachlast 150 kg | 3+1 Ebenen | verzinkt;;;;
45681;9900004455;4026212384550;META CLIP S3 | Fachbodenregal | Grundregal | 2000 x 1300 x 500 mm | Fachlast 150 kg | 3+1 Ebenen | verzinkt;;;;
45682;9900004456;4026212384574;META CLIP S3 | Fachbodenregal | Grundregal | 2000 x 1300 x 600 mm | Fachlast 150 kg | 3+1 Ebenen | verzinkt;;;;
45683;9900004457;4026212384581;META CLIP S3 | Fachbodenregal | Grundregal | 2500 x 1300 x 400 mm | Fachlast 150 kg | 4+1 Ebenen | verzinkt;;;;
45684;9900004458;4026212384598;META CLIP S3 | Fachbodenregal | Grundregal | 2500 x 1300 x 500 mm | Fachlast 150 kg | 4+1 Ebenen | verzinkt;;;;
45685;9900004459;4026212384604;META CLIP S3 | Fachbodenregal | Grundregal | 2500 x 1300 x 600 mm | Fachlast 150 kg | 4+1 Ebenen | verzinkt;;;;
45686;9900004460;4026212384611;META CLIP S3 | Fachbodenregal | Anbauregal | 2000 x 1300 x 400 mm | Fachlast 150 kg | 3+1 Ebenen | verzinkt;;;;
45687;9900004461;4026212384628;META CLIP S3 | Fachbodenregal | Anbauregal | 2000 x 1300 x 500 mm | Fachlast 150 kg | 3+1 Ebenen | verzinkt;;;;
45688;9900004462;4026212384635;META CLIP S3 | Fachbodenregal | Anbauregal | 2000 x 1300 x 600 mm | Fachlast 150 kg | 3+1 Ebenen | verzinkt;;;;
45689;9900004463;4026212384642;META CLIP S3 | Fachbodenregal | Anbauregal | 2500 x 1300 x 400 mm | Fachlast 150 kg | 4+1 Ebenen | verzinkt;;;;
45690;9900004464;4026212384659;META CLIP S3 | Fachbodenregal | Anbauregal | 2500 x 1300 x 500 mm | Fachlast 150 kg | 4+1 Ebenen | verzinkt;;;;
45691;9900004465;4026212384666;META CLIP S3 | Fachbodenregal | Anbauregal | 2500 x 1300 x 600 mm | Fachlast 150 kg | 4+1 Ebenen | verzinkt;;;;
45692;9900004466;4026212384673;META CLIP S3 | Fachbodenregal | Grundregal | 2000 x 1300 x 400 mm | Fachlast 150 kg | 3+1 Ebenen | RAL 7035;;;;
45693;9900004467;4026212384697;META CLIP S3 | Fachbodenregal | Grundregal | 2000 x 1300 x 500 mm | Fachlast 150 kg | 3+1 Ebenen | RAL 7035;;;;
45694;9900004468;4026212384703;META CLIP S3 | Fachbodenregal | Grundregal | 2000 x 1300 x 600 mm | Fachlast 150 kg | 3+1 Ebenen | RAL 7035;;;;
45695;9900004469;4026212384710;META CLIP S3 | Fachbodenregal | Grundregal | 2500 x 1300 x 400 mm | Fachlast 150 kg | 4+1 Ebenen | RAL 7035;;;;
45696;9900004470;4026212384734;META CLIP S3 | Fachbodenregal | Grundregal | 2500 x 1300 x 500 mm | Fachlast 150 kg | 4+1 Ebenen | RAL 7035;;;;
45697;9900004471;4026212384741;META CLIP S3 | Fachbodenregal | Grundregal | 2500 x 1300 x 600 mm | Fachlast 150 kg | 4+1 Ebenen | RAL 7035;;;;
45698;9900004472;4026212384758;META CLIP S3 | Fachbodenregal | Anbauregal | 2000 x 1300 x 400 mm | Fachlast 150 kg | 3+1 Ebenen | RAL 7035;;;;
45699;9900004473;4026212384765;META CLIP S3 | Fachbodenregal | Anbauregal | 2000 x 1300 x 500 mm | Fachlast 150 kg | 3+1 Ebenen | RAL 7035;;;;
45700;9900004474;4026212384772;META CLIP S3 | Fachbodenregal | Anbauregal | 2000 x 1300 x 600 mm | Fachlast 150 kg | 3+1 Ebenen | RAL 7035;;;;
45701;9900004475;4026212384789;META CLIP S3 | Fachbodenregal | Anbauregal | 2500 x 1300 x 400 mm | Fachlast 150 kg | 4+1 Ebenen | RAL 7035;;;;
45702;9900004476;4026212384802;META CLIP S3 | Fachbodenregal | Anbauregal | 2500 x 1300 x 500 mm | Fachlast 150 kg | 4+1 Ebenen | RAL 7035;;;;
45703;9900004477;4026212384826;META CLIP S3 | Fachbodenregal | Anbauregal | 2500 x 1300 x 600 mm | Fachlast 150 kg | 4+1 Ebenen | RAL 7035;;;;
45704;9900004478;4026212384833;META CLIP S3 | Fachbodenregal | Doppel-Grundregal | 2000 x 1300 x 400 mm | Fachlast 150 kg | 3+1 Ebenen | verzinkt;;;;
45705;9900004479;4026212384840;META CLIP S3 | Fachbodenregal | Doppel-Grundregal | 2000 x 1300 x 500 mm | Fachlast 150 kg | 3+1 Ebenen | verzinkt;;;;
45706;9900004480;4026212384857;META CLIP S3 | Fachbodenregal | Doppel-Grundregal | 2000 x 1300 x 600 mm | Fachlast 150 kg | 3+1 Ebenen | verzinkt;;;;
45707;9900004481;4026212384864;META CLIP S3 | Fachbodenregal | Doppel-Grundregal | 2500 x 1300 x 400 mm | Fachlast 150 kg | 4+1 Ebenen | verzinkt;;;;
45708;9900004482;4026212384871;META CLIP S3 | Fachbodenregal | Doppel-Grundregal | 2500 x 1300 x 500 mm | Fachlast 150 kg | 4+1 Ebenen | verzinkt;;;;
45709;9900004483;4026212384888;META CLIP S3 | Fachbodenregal | Doppel-Grundregal | 2500 x 1300 x 600 mm | Fachlast 150 kg | 4+1 Ebenen | verzinkt;;;;
45710;9900004484;4026212384895;META CLIP S3 | Fachbodenregal | Doppel-Anbauregal | 2000 x 1300 x 400 mm | Fachlast 150 kg | 3+1 Ebenen | verzinkt;;;;
45711;9900004485;4026212384901;META CLIP S3 | Fachbodenregal | Doppel-Anbauregal | 2000 x 1300 x 500 mm | Fachlast 150 kg | 3+1 Ebenen | verzinkt;;;;
45712;9900004486;4026212384918;META CLIP S3 | Fachbodenregal | Doppel-Anbauregal | 2000 x 1300 x 600 mm | Fachlast 150 kg | 3+1 Ebenen | verzinkt;;;;
45713;9900004487;4026212384925;META CLIP S3 | Fachbodenregal | Doppel-Anbauregal | 2500 x 1300 x 400 mm | Fachlast 150 kg | 4+1 Ebenen | verzinkt;;;;
45714;9900004488;4026212384932;META CLIP S3 | Fachbodenregal | Doppel-Anbauregal | 2500 x 1300 x 500 mm | Fachlast 150 kg | 4+1 Ebenen | verzinkt;;;;
45715;9900004489;4026212384949;META CLIP S3 | Fachbodenregal | Doppel-Anbauregal | 2500 x 1300 x 600 mm | Fachlast 150 kg | 4+1 Ebenen | verzinkt;;;;
45716;9900004490;4026212384956;META CLIP S3 | Fachbodenregal | Doppel-Grundregal | 2000 x 1300 x 400 mm | Fachlast 150 kg | 3+1 Ebenen | RAL 7035;;;;
45717;9900004491;4026212384963;META CLIP S3 | Fachbodenregal | Doppel-Grundregal | 2000 x 1300 x 500 mm | Fachlast 150 kg | 3+1 Ebenen | RAL 7035;;;;
45718;9900004492;4026212384970;META CLIP S3 | Fachbodenregal | Doppel-Grundregal | 2000 x 1300 x 600 mm | Fachlast 150 kg | 3+1 Ebenen | RAL 7035;;;;
45719;9900004493;4026212384987;META CLIP S3 | Fachbodenregal | Doppel-Grundregal | 2500 x 1300 x 400 mm | Fachlast 150 kg | 4+1 Ebenen | RAL 7035;;;;
45720;9900004494;4026212384994;META CLIP S3 | Fachbodenregal | Doppel-Grundregal | 2500 x 1300 x 500 mm | Fachlast 150 kg | 4+1 Ebenen | RAL 7035;;;;
45721;9900004495;4026212385007;META CLIP S3 | Fachbodenregal | Doppel-Grundregal | 2500 x 1300 x 600 mm | Fachlast 150 kg | 4+1 Ebenen | RAL 7035;;;;
45722;9900004496;4026212385014;META CLIP S3 | Fachbodenregal | Doppel-Anbauregal | 2000 x 1300 x 400 mm | Fachlast 150 kg | 3+1 Ebenen | RAL 7035;;;;
45723;9900004497;4026212385021;META CLIP S3 | Fachbodenregal | Doppel-Anbauregal | 2000 x 1300 x 500 mm | Fachlast 150 kg | 3+1 Ebenen | RAL 7035;;;;
45724;9900004498;4026212385038;META CLIP S3 | Fachbodenregal | Doppel-Anbauregal | 2000 x 1300 x 600 mm | Fachlast 150 kg | 3+1 Ebenen | RAL 7035;;;;
45725;9900004499;4026212385045;META CLIP S3 | Fachbodenregal | Doppel-Anbauregal | 2500 x 1300 x 400 mm | Fachlast 150 kg | 4+1 Ebenen | RAL 7035;;;;
45726;9900004500;4026212385052;META CLIP S3 | Fachbodenregal | Doppel-Anbauregal | 2500 x 1300 x 500 mm | Fachlast 150 kg | 4+1 Ebenen | RAL 7035;;;;
45727;9900004501;4026212385069;META CLIP S3 | Fachbodenregal | Doppel-Anbauregal | 2500 x 1300 x 600 mm | Fachlast 150 kg | 4+1 Ebenen | RAL 7035;;;;
45728;9900004578;4026212385489;ELB META CLIP | Schilderregal | Grundregal | 2000 x 1000 x 600 mm | Fachlast 100 kg | 3 Ebenen | verzinkt;;;;
45729;9900004579;4026212385496;ELB META CLIP | Schilderregal | Anbauregal | 2000 x 1000 x 600 mm | Fachlast 100 kg | 3 Ebenen | verzinkt;;;;
45730;9900004580;4026212385625;ELB META CLIP | Schilderregal | Grundregal | 2000 x 1300 x 600 mm | Fachlast 100 kg | 3 Ebenen | verzinkt;;;;
45731;9900004581;4026212385632;ELB META CLIP | Schilderregal | Anbauregal | 2000 x 1300 x 600 mm | Fachlast 100 kg | 3 Ebenen | verzinkt;;;;
45732;9900004582;4026212385649;ELB META CLIP | Schilderregal | Grundregal | 2500 x 1000 x 600 mm | Fachlast 100 kg | 4 Ebenen | verzinkt;;;;
45733;9900004583;4026212385656;ELB META CLIP | Schilderregal | Anbauregal | 2500 x 1000 x 600 mm | Fachlast 100 kg | 4 Ebenen | verzinkt;;;;
45734;9900004584;4026212385663;ELB META CLIP | Schilderregal | Grundregal | 2500 x 1300 x 600 mm | Fachlast 100 kg | 4 Ebenen | verzinkt;;;;
45735;9900004585;4026212385670;ELB META CLIP | Schilderregal | Anbauregal | 2500 x 1300 x 600 mm | Fachlast 100 kg | 4 Ebenen | verzinkt;;;;
45745;9900004854;4026212387537;;;;;
45746;9900004855;4026212387544;;;;;
45747;9900004856;4026212387551;;;;;
45748;9900004857;4026212387568;;;;;
45749;9900004858;4026212387575;;;;;
45750;9900004859;4026212387582;;;;;
45751;9900004860;4026212387599;;;;;
45752;9900004861;4026212387605;;;;;
45753;9900004862;4026212387612;;;;;
45754;9900004863;4026212387629;;;;;
45755;9900004865;4026212387636;;;;;
45756;9900004866;4026212387643;;;;;
45757;9900005029;4026212388794;;;;;
45758;9900005148;4026212389746;;;;;
45759;9900005177;4026212389753;;;;;
45760;9900005180;4026212389784;;;;;
45761;9900005703;4026212392296;;;;;
45762;9900005880;4026212393729;META MULTIPAL | Kabeltrommelregal | Grundregal | 2200 x 900 x 1100 mm | Feldlast 4000 kg | 2 Ebenen | Typ 1 | verzinkt;;;;
45763;9900005881;4026212393736;META MULTIPAL | Kabeltrommelregal | Anbauregal | 2200 x 900 x 1100 mm | Feldlast 4000 kg | 2 Ebenen | Typ 1 | verzinkt;;;;
45764;9900005883;4026212393750;META MULTIPAL | Kabeltrommelregal | Grundregal | 2200 x 1100 x 1100 mm | Feldlast 4000 kg | 2 Ebenen | Typ 1 | verzinkt;;;;
45765;9900005884;4026212393767;META MULTIPAL | Kabeltrommelregal | Anbauregal | 2200 x 1100 x 1100 mm | Feldlast 4000 kg | 2 Ebenen | Typ 1 | verzinkt;;;;
45766;9900005885;4026212393774;META MULTIPAL | Kabeltrommelregal | Grundregal | 2200 x 1300 x 1100 mm | Feldlast 4000 kg | 2 Ebenen | Typ 1 | verzinkt;;;;
45767;9900005886;4026212393781;META MULTIPAL | Kabeltrommelregal | Anbauregal | 2200 x 1300 x 1100 mm | Feldlast 4000 kg | 2 Ebenen | Typ 1 | verzinkt;;;;
45768;9900005887;4026212393798;META MULTIPAL | Kabeltrommelregal | Grundregal | 2700 x 900 x 1100 mm | Feldlast 4000 kg | 2 Ebenen | Typ 1 | verzinkt;;;;
45769;9900005888;4026212393804;META MULTIPAL | Kabeltrommelregal | Anbauregal | 2700 x 900 x 1100 mm | Feldlast 4000 kg | 2 Ebenen | Typ 1 | verzinkt;;;;
45770;9900005889;4026212393811;META MULTIPAL | Kabeltrommelregal | Grundregal | 2700 x 1100 x 1100 mm | Feldlast 4000 kg | 2 Ebenen | Typ 1 | verzinkt;;;;
45771;9900005890;4026212393828;META MULTIPAL | Kabeltrommelregal | Anbauregal | 2700 x 1100 x 1100 mm | Feldlast 4000 kg | 2 Ebenen | Typ 1 | verzinkt;;;;
45772;9900005891;4026212393835;META MULTIPAL | Kabeltrommelregal | Grundregal | 2700 x 1300 x 1100 mm | Feldlast 4000 kg | 2 Ebenen | Typ 1 | verzinkt;;;;
45773;9900005892;4026212393842;META MULTIPAL | Kabeltrommelregal | Anbauregal | 2700 x 1300 x 1100 mm | Feldlast 4000 kg | 2 Ebenen | Typ 1 | verzinkt;;;;
45774;9900005893;4026212393859;META MULTIPAL | Kabeltrommelregal | Grundregal | 3300 x 900 x 1100 mm | Feldlast 4000 kg | 2 Ebenen | Typ 1 | verzinkt;;;;
45775;9900005894;4026212393866;META MULTIPAL | Kabeltrommelregal | Anbauregal | 3300 x 900 x 1100 mm | Feldlast 4000 kg | 2 Ebenen | Typ 1 | verzinkt;;;;
45776;9900005895;4026212393873;META MULTIPAL | Kabeltrommelregal | Grundregal | 3300 x 1100 x 1100 mm | Feldlast 4000 kg | 2 Ebenen | Typ 1 | verzinkt;;;;
45777;9900005896;4026212393880;META MULTIPAL | Kabeltrommelregal | Anbauregal | 3300 x 1100 x 1100 mm | Feldlast 4000 kg | 2 Ebenen | Typ 1 | verzinkt;;;;
45778;9900005897;4026212393897;META MULTIPAL | Kabeltrommelregal | Grundregal | 3300 x 1300 x 1100 mm | Feldlast 4000 kg | 2 Ebenen | Typ 1 | verzinkt;;;;
45779;9900005898;4026212393903;META MULTIPAL | Kabeltrommelregal | Anbauregal | 3300 x 1300 x 1100 mm | Feldlast 4000 kg | 2 Ebenen | Typ 1 | verzinkt;;;;
45780;9900005902;4026212393941;META MULTIPAL | Kabeltrommelregal | Grundregal | 3800 x 900 x 1100 mm | Feldlast 4000 kg | 2 Ebenen | Typ 1 | verzinkt;;;;
45781;9900005903;4026212393958;META MULTIPAL | Kabeltrommelregal | Anbauregal | 3800 x 900 x 1100 mm | Feldlast 4000 kg | 2 Ebenen | Typ 1 | verzinkt;;;;
45782;9900005904;4026212393965;META MULTIPAL | Kabeltrommelregal | Grundregal | 3800 x 1100 x 1100 mm | Feldlast 4000 kg | 2 Ebenen | Typ 1 | verzinkt;;;;
45783;9900005905;4026212393972;META MULTIPAL | Kabeltrommelregal | Anbauregal | 3800 x 1100 x 1100 mm | Feldlast 4000 kg | 2 Ebenen | Typ 1 | verzinkt;;;;
45784;9900005906;4026212393989;META MULTIPAL | Kabeltrommelregal | Grundregal | 3800 x 1300 x 1100 mm | Feldlast 4000 kg | 2 Ebenen | Typ 1 | verzinkt;;;;
45785;9900005907;4026212393996;META MULTIPAL | Kabeltrommelregal | Anbauregal | 3800 x 1300 x 1100 mm | Feldlast 4000 kg | 2 Ebenen | Typ 1 | verzinkt;;;;
45786;9900005912;4026212394047;META MULTIPAL | Kabeltrommelregal | Grundregal | 4400 x 900 x 1100 mm | Feldlast 5500 kg | 2 Ebenen | Typ 1 | verzinkt;;;;
45787;9900005913;4026212394054;META MULTIPAL | Kabeltrommelregal | Anbauregal | 4400 x 900 x 1100 mm | Feldlast 5500 kg | 2 Ebenen | Typ 1 | verzinkt;;;;
45788;9900005915;4026212394061;META MULTIPAL | Kabeltrommelregal | Grundregal | 4400 x 1100 x 1100 mm | Feldlast 5500 kg | 2 Ebenen | Typ 1 | verzinkt;;;;
45789;9900005916;4026212394078;META MULTIPAL | Kabeltrommelregal | Anbauregal | 4400 x 1100 x 1100 mm | Feldlast 5500 kg | 2 Ebenen | Typ 1 | verzinkt;;;;
45790;9900005917;4026212394085;META MULTIPAL | Kabeltrommelregal | Grundregal | 4400 x 1300 x 1100 mm | Feldlast 5500 kg | 2 Ebenen | Typ 1 | verzinkt;;;;
45791;9900005918;4026212394092;META MULTIPAL | Kabeltrommelregal | Anbauregal | 4400 x 1300 x 1100 mm | Feldlast 5500 kg | 2 Ebenen | Typ 1 | verzinkt;;;;
45792;9900005924;4026212394122;META MULTIPAL | Kabeltrommelregal | Grundregal | 5500 x 900 x 1100 mm | Feldlast 5500 kg | 2 Ebenen | Typ 1 | verzinkt;;;;
45793;9900005925;4026212394139;META MULTIPAL | Kabeltrommelregal | Anbauregal | 5500 x 900 x 1100 mm | Feldlast 5500 kg | 2 Ebenen | Typ 1 | verzinkt;;;;
45794;9900005926;4026212394146;META MULTIPAL | Kabeltrommelregal | Grundregal | 5500 x 1100 x 1100 mm | Feldlast 5500 kg | 2 Ebenen | Typ 1 | verzinkt;;;;
45795;9900005927;4026212394153;META MULTIPAL | Kabeltrommelregal | Anbauregal | 5500 x 1100 x 1100 mm | Feldlast 5500 kg | 2 Ebenen | Typ 1 | verzinkt;;;;
45796;9900005928;4026212394160;META MULTIPAL | Kabeltrommelregal | Grundregal | 5500 x 1300 x 1100 mm | Feldlast 5500 kg | 2 Ebenen | Typ 1 | verzinkt;;;;
45797;9900005929;4026212394177;META MULTIPAL | Kabeltrommelregal | Anbauregal | 5500 x 1300 x 1100 mm | Feldlast 5500 kg | 2 Ebenen | Typ 1 | verzinkt;;;;
45798;9900005934;4026212394221;META MULTIPAL | Kabeltrommelregal | Grundregal | 2200 x 900 x 1100 mm | Feldlast 4000 kg | 2 Ebenen | Typ 2 | verzinkt;;;;
45799;9900005935;4026212394238;META MULTIPAL | Kabeltrommelregal | Anbauregal | 2200 x 900 x 1100 mm | Feldlast 4000 kg | 2 Ebenen | Typ 2 | verzinkt;;;;
45800;9900005936;4026212394245;META MULTIPAL | Kabeltrommelregal | Grundregal | 2200 x 1100 x 1100 mm | Feldlast 4000 kg | 2 Ebenen | Typ 2 | verzinkt;;;;
45801;9900005937;4026212394252;META MULTIPAL | Kabeltrommelregal | Anbauregal | 2200 x 1100 x 1100 mm | Feldlast 4000 kg | 2 Ebenen | Typ 2 | verzinkt;;;;
45802;9900005938;4026212394269;META MULTIPAL | Kabeltrommelregal | Grundregal | 2200 x 1300 x 1100 mm | Feldlast 4000 kg | 2 Ebenen | Typ 2 | verzinkt;;;;
45803;9900005939;4026212394276;META MULTIPAL | Kabeltrommelregal | Anbauregal | 2200 x 1300 x 1100 mm | Feldlast 4000 kg | 2 Ebenen | Typ 2 | verzinkt;;;;
45804;9900005942;4026212394283;META MULTIPAL | Kabeltrommelregal | Grundregal | 2700 x 900 x 1100 mm | Feldlast 4000 kg | 2 Ebenen | Typ 2 | verzinkt;;;;
45805;9900005943;4026212394290;META MULTIPAL | Kabeltrommelregal | Anbauregal | 2700 x 900 x 1100 mm | Feldlast 4000 kg | 2 Ebenen | Typ 2 | verzinkt;;;;
45806;9900005945;4026212394313;META MULTIPAL | Kabeltrommelregal | Grundregal | 2700 x 1100 x 1100 mm | Feldlast 4000 kg | 2 Ebenen | Typ 2 | verzinkt;;;;
45807;9900005946;4026212394320;META MULTIPAL | Kabeltrommelregal | Anbauregal | 2700 x 1100 x 1100 mm | Feldlast 4000 kg | 2 Ebenen | Typ 2 | verzinkt;;;;
45808;9900005947;4026212394337;META MULTIPAL | Kabeltrommelregal | Grundregal | 2700 x 1300 x 1100 mm | Feldlast 4000 kg | 2 Ebenen | Typ 2 | verzinkt;;;;
45809;9900005948;4026212394344;META MULTIPAL | Kabeltrommelregal | Anbauregal | 2700 x 1300 x 1100 mm | Feldlast 4000 kg | 2 Ebenen | Typ 2 | verzinkt;;;;
45810;9900005949;4026212394351;META MULTIPAL | Kabeltrommelregal | Grundregal | 3300 x 900 x 1100 mm | Feldlast 4000 kg | 2 Ebenen | Typ 2 | verzinkt;;;;
45811;9900005950;4026212394368;META MULTIPAL | Kabeltrommelregal | Anbauregal | 3300 x 900 x 1100 mm | Feldlast 4000 kg | 2 Ebenen | Typ 2 | verzinkt;;;;
45812;9900005951;4026212394375;META MULTIPAL | Kabeltrommelregal | Grundregal | 3300 x 1100 x 1100 mm | Feldlast 4000 kg | 2 Ebenen | Typ 2 | verzinkt;;;;
45813;9900005952;4026212394382;META MULTIPAL | Kabeltrommelregal | Anbauregal | 3300 x 1100 x 1100 mm | Feldlast 4000 kg | 2 Ebenen | Typ 2 | verzinkt;;;;
45814;9900005953;4026212394399;META MULTIPAL | Kabeltrommelregal | Grundregal | 3300 x 1300 x 1100 mm | Feldlast 4000 kg | 2 Ebenen | Typ 2 | verzinkt;;;;
45815;9900005954;4026212394405;META MULTIPAL | Kabeltrommelregal | Anbauregal | 3300 x 1300 x 1100 mm | Feldlast 4000 kg | 2 Ebenen | Typ 2 | verzinkt;;;;
45816;9900005955;4026212394412;META MULTIPAL | Kabeltrommelregal | Grundregal | 3800 x 900 x 1100 mm | Feldlast 4000 kg | 2 Ebenen | Typ 2 | verzinkt;;;;
45817;9900005957;4026212394429;META MULTIPAL | Kabeltrommelregal | Anbauregal | 3800 x 900 x 1100 mm | Feldlast 4000 kg | 2 Ebenen | Typ 2 | verzinkt;;;;
45818;9900005958;4026212394436;META MULTIPAL | Kabeltrommelregal | Grundregal | 3800 x 1100 x 1100 mm | Feldlast 4000 kg | 2 Ebenen | Typ 2 | verzinkt;;;;
45819;9900005959;4026212394443;META MULTIPAL | Kabeltrommelregal | Anbauregal | 3800 x 1100 x 1100 mm | Feldlast 4000 kg | 2 Ebenen | Typ 2 | verzinkt;;;;
45820;9900005960;4026212394450;META MULTIPAL | Kabeltrommelregal | Grundregal | 3800 x 1300 x 1100 mm | Feldlast 4000 kg | 2 Ebenen | Typ 2 | verzinkt;;;;
45821;9900005961;4026212394467;META MULTIPAL | Kabeltrommelregal | Anbauregal | 3800 x 1300 x 1100 mm | Feldlast 4000 kg | 2 Ebenen | Typ 2 | verzinkt;;;;
45822;9900005965;4026212394498;META MULTIPAL | Kabeltrommelregal | Grundregal | 4400 x 900 x 1100 mm | Feldlast 5500 kg | 4 Ebenen | Typ 2 | verzinkt;;;;
45823;9900005967;4026212394504;META MULTIPAL | Kabeltrommelregal | Grundregal | 4400 x 1100 x 1100 mm | Feldlast 5500 kg | 4 Ebenen | Typ 2 | verzinkt;;;;
45824;9900005968;4026212394511;META MULTIPAL | Kabeltrommelregal | Anbauregal | 4400 x 1100 x 1100 mm | Feldlast 5500 kg | 4 Ebenen | Typ 2 | verzinkt;;;;
45825;9900005969;4026212394528;META MULTIPAL | Kabeltrommelregal | Grundregal | 4400 x 1300 x 1100 mm | Feldlast 5500 kg | 4 Ebenen | Typ 2 | verzinkt;;;;
45826;9900005970;4026212394535;META MULTIPAL | Kabeltrommelregal | Anbauregal | 4400 x 1300 x 1100 mm | Feldlast 5500 kg | 4 Ebenen | Typ 2 | verzinkt;;;;
45827;9900005971;4026212394542;META MULTIPAL | Kabeltrommelregal | Grundregal | 5500 x 900 x 1100 mm | Feldlast 5500 kg | 4 Ebenen | Typ 2 | verzinkt;;;;
45828;9900005972;4026212394559;META MULTIPAL | Kabeltrommelregal | Anbauregal | 5500 x 900 x 1100 mm | Feldlast 5500 kg | 4 Ebenen | Typ 2 | verzinkt;;;;
45829;9900005973;4026212394566;META MULTIPAL | Kabeltrommelregal | Grundregal | 5500 x 1100 x 1100 mm | Feldlast 5500 kg | 4 Ebenen | Typ 2 | verzinkt;;;;
45830;9900005975;4026212394573;META MULTIPAL | Kabeltrommelregal | Anbauregal | 5500 x 1100 x 1100 mm | Feldlast 5500 kg | 4 Ebenen | Typ 2 | verzinkt;;;;
45831;9900005976;4026212394580;META MULTIPAL | Kabeltrommelregal | Grundregal | 5500 x 1300 x 1100 mm | Feldlast 5500 kg | 4 Ebenen | Typ 2 | verzinkt;;;;
45832;9900005978;4026212394597;META MULTIPAL | Kabeltrommelregal | Anbauregal | 5500 x 1300 x 1100 mm | Feldlast 5500 kg | 4 Ebenen | Typ 2 | verzinkt;;;;
45833;9900005966;4026212394603;META MULTIPAL | Kabeltrommelregal | Anbauregal | 4400 x 900 x 1100 mm | Feldlast 5500 kg | 4 Ebenen | Typ 2 | verzinkt;;;;
45834;9900005986;4026212394665;META MULTIPAL | Kabeltrommelregal | Anbauregal | 3300 x 900 x 900 mm | Feldlast 1500 kg | 2 Ebenen | Typ 3/A-Ständer | verzinkt;;;;
45835;9900005987;4026212394672;META MULTIPAL | Kabeltrommelregal | Anbauregal | 3300 x 1100 x 900 mm | Feldlast 1500 kg | 2 Ebenen | Typ 3/A-Ständer | verzinkt;;;;
45836;9900005984;4026212394689;META MULTIPAL | Kabeltrommelregal | Grundregal | 3300 x 1100 x 900 mm | Feldlast 1500 kg | 2 Ebenen | Typ 3/A-Ständer | verzinkt;;;;
45837;9900005985;4026212394696;META MULTIPAL | Kabeltrommelregal | Grundregal | 3300 x 1300 x 900 mm | Feldlast 1500 kg | 2 Ebenen | Typ 3/A-Ständer | verzinkt;;;;
45838;9900005988;4026212394702;META MULTIPAL | Kabeltrommelregal | Anbauregal | 3300 x 1300 x 900 mm | Feldlast 1500 kg | 2 Ebenen | Typ 3/A-Ständer | verzinkt;;;;
45839;9900005989;4026212394719;META MULTIPAL | Kabeltrommelregal | Grundregal | 4400 x 900 x 1100 mm | Feldlast 2250 kg | 3 Ebenen | Typ 3/A-Ständer | verzinkt;;;;
45840;9900005990;4026212394726;META MULTIPAL | Kabeltrommelregal | Grundregal | 4400 x 1100 x 1100 mm | Feldlast 2250 kg | 3 Ebenen | Typ 3/A-Ständer | verzinkt;;;;
45841;9900005991;4026212394733;META MULTIPAL | Kabeltrommelregal | Grundregal | 4400 x 1300 x 1100 mm | Feldlast 2250 kg | 3 Ebenen | Typ 3/A-Ständer | verzinkt;;;;
45842;9900005992;4026212394740;META MULTIPAL | Kabeltrommelregal | Anbauregal | 4400 x 900 x 1100 mm | Feldlast 2250 kg | 3 Ebenen | Typ 3/A-Ständer | verzinkt;;;;
45843;9900005993;4026212394757;META MULTIPAL | Kabeltrommelregal | Anbauregal | 4400 x 1100 x 1100 mm | Feldlast 2250 kg | 3 Ebenen | Typ 3/A-Ständer | verzinkt;;;;
45844;9900005994;4026212394764;META MULTIPAL | Kabeltrommelregal | Anbauregal | 4400 x 1300 x 1100 mm | Feldlast 2250 kg | 3 Ebenen | Typ 3/A-Ständer | verzinkt;;;;
45845;9900005995;4026212394771;META MULTIPAL | Kabeltrommelregal | Grundregal | 4900 x 900 x 1100 mm | Feldlast 3000 kg | 4 Ebenen | Typ 3/A-Ständer | verzinkt;;;;
45846;9900005996;4026212394788;META MULTIPAL | Kabeltrommelregal | Grundregal | 4900 x 1100 x 1100 mm | Feldlast 3000 kg | 4 Ebenen | Typ 3/A-Ständer | verzinkt;;;;
45847;9900005997;4026212394795;META MULTIPAL | Kabeltrommelregal | Grundregal | 4900 x 1300 x 1100 mm | Feldlast 3000 kg | 4 Ebenen | Typ 3/A-Ständer | verzinkt;;;;
45848;9900005998;4026212394801;META MULTIPAL | Kabeltrommelregal | Anbauregal | 4900 x 900 x 1100 mm | Feldlast 3000 kg | 4 Ebenen | Typ 3/A-Ständer | verzinkt;;;;
45849;9900005999;4026212394818;META MULTIPAL | Kabeltrommelregal | Anbauregal | 4900 x 1100 x 1100 mm | Feldlast 3000 kg | 4 Ebenen | Typ 3/A-Ständer | verzinkt;;;;
45850;9900006000;4026212394825;META MULTIPAL | Kabeltrommelregal | Anbauregal | 4900 x 1300 x 1100 mm | Feldlast 3000 kg | 4 Ebenen | Typ 3/A-Ständer | verzinkt;;;;
45851;9900005983;4026212394832;META MULTIPAL | Kabeltrommelregal | Grundregal | 3300 x 900 x 900 mm | Feldlast 1500 kg | 2 Ebenen | Typ 3/A-Ständer | verzinkt;;;;
45852;9900006633;4026212398809;;;;;
45853;9900007012;4026212401431;;;;;
45854;9900007013;4026212401448;;;;;
45861;9900007090;4026212402025;;;;;
45862;9900007091;4026212402032;;;;;
45863;9900007092;4026212402049;;;;;
45864;9900007526;4026212404616;;;;;
45865;9900007527;4026212404623;;;;;
45866;9900007528;4026212404630;;;;;
45867;9900007529;4026212404647;;;;;
45868;9900007531;4026212404654;;;;;
45869;9900008146;4026212407358;;;;;
45870;9900008147;4026212407365;;;;;
45871;9900008148;4026212407372;;;;;
45872;9900008149;4026212407389;;;;;
45873;9900008150;4026212407396;;;;;
45874;9900008151;4026212407402;;;;;
45875;9900008152;4026212407419;;;;;
45876;9900008153;4026212407426;;;;;
45877;9900008154;4026212407433;;;;;
45878;9900008156;4026212407440;;;;;
45879;9900008157;4026212407457;;;;;
45880;9900008158;4026212407464;;;;;
45881;9900008159;4026212407471;;;;;
45882;9900008160;4026212407488;;;;;
45883;9900008161;4026212407495;;;;;
45884;9900008162;4026212407501;;;;;
45890;9900008470;4026212409369;;;;;
45891;9900008472;4026212409376;Fußverdübelungs-Set für Kragarmregale | passend für Grundregal;;;;
45892;9900008473;4026212409444;Fußverdübelungs-Set für Kragarmregale | passend für Anbauregal;;;;
45896;9900008532;4026212409697;;;;;
45897;9900008590;4026212409925;META CLIP S3 | Drahtgitterfachbodenregal | Grundregal | 2000 x 1000 x 500 mm | Fachlast 200 kg | 5 Ebenen | verzinkt;;;;
45898;9900008591;4026212409932;META CLIP S3 | Drahtgitterfachbodenregal | Anbauregal | 2000 x 1000 x 500 mm | Fachlast 200 kg | 5 Ebenen | verzinkt;;;;
45899;9900008593;4026212409949;META CLIP S3 | Drahtgitterfachbodenregal | Grundregal | 2000 x 1000 x 600 mm | Fachlast 150 kg | 5 Ebenen | verzinkt;;;;
45900;9900008596;4026212409956;META CLIP S3 | Drahtgitterfachbodenregal | Grundregal | 2000 x 1000 x 800 mm | Fachlast 200 kg | 5 Ebenen | verzinkt;;;;
45901;9900008594;4026212409963;META CLIP S3 | Drahtgitterfachbodenregal | Anbauregal | 2000 x 1000 x 600 mm | Fachlast 150 kg | 5 Ebenen | verzinkt;;;;
45902;9900008597;4026212409970;META CLIP S3 | Drahtgitterfachbodenregal | Anbauregal | 2000 x 1000 x 800 mm | Fachlast 200 kg | 5 Ebenen | verzinkt;;;;
45903;9900008598;4026212409987;META CLIP S3 | Drahtgitterfachbodenregal | Grundregal | 2000 x 1300 x 600 mm | Fachlast 200 kg | 5 Ebenen | verzinkt;;;;
45904;9900008599;4026212409994;META CLIP S3 | Drahtgitterfachbodenregal | Anbauregal | 2000 x 1300 x 600 mm | Fachlast 200 kg | 5 Ebenen | verzinkt;;;;
45905;9900008600;4026212410006;META CLIP S3 | Drahtgitterfachbodenregal | Grundregal | 2000 x 1300 x 800 mm | Fachlast 200 kg | 5 Ebenen | verzinkt;;;;
45906;9900008601;4026212410013;META CLIP S3 | Drahtgitterfachbodenregal | Anbauregal | 2000 x 1300 x 800 mm | Fachlast 200 kg | 5 Ebenen | verzinkt;;;;
45907;9900008618;4026212410068;META CLIP | Zusatz-Drahtgitterfachboden | 1000 x 500 mm | 150 kg | verzinkt;;;;
45908;9900008619;4026212410075;META CLIP | Zusatz-Drahtgitterfachboden | 1000 x 600 mm | 150 kg | verzinkt;;;;
45909;9900008620;4026212410082;META CLIP | Zusatz-Drahtgitterfachboden | 1000 x 800 mm | 150 kg | verzinkt;;;;
45910;9900008621;4026212410099;META CLIP | Zusatz-Drahtgitterfachboden | 1300 x 600 mm | 150 kg | verzinkt;;;;
45911;9900008622;4026212410105;META CLIP | Zusatz-Drahtgitterfachboden | 1300 x 800 mm | 150 kg | verzinkt;;;;
45912;9900008640;4026212410198;;;;;
45913;9900008969;4026212412109;;;;;
45915;9900009055;4026212412604;;;;;
45916;9900009057;4026212412628;;;;;
45920;9900012899;4026212435924;;;;;
45921;9900012901;4026212435955;;;;;
45922;9900012902;4026212435962;META CLIP SPLIT | Fachbodenregal | Grundregal | 2000 x 1000 x 300 mm | Fachlast 150 kg | 3+1 Ebenen | verzinkt;;;;
45923;9900012903;4026212435979;META CLIP SPLIT | Fachbodenregal | Anbauregal | 2000 x 1000 x 300 mm | Fachlast 150 kg | 3+1 Ebenen | verzinkt;;;;
45924;9900012904;4026212435986;META CLIP SPLIT | Fachbodenregal | Grundregal | 2000 x 1000 x 300 mm | Fachlast 230 kg | 3+1 Ebenen | verzinkt;;;;
45925;9900012905;4026212435993;META CLIP SPLIT | Fachbodenregal | Anbauregal | 2000 x 1000 x 300 mm | Fachlast 230 kg | 3+1 Ebenen | verzinkt;;;;
46631;9900012647;4026212433937;10x Fachteiler durchgehend | 200 x 300 mm | verzinkt;;;;
46632;9900012648;4026212433968;10x Fachteiler durchgehend | 300 x 300 mm | verzinkt;;;;
46633;9900012649;4026212433975;10x Fachteiler durchgehend | 400 x 300 mm | verzinkt;;;;
46634;9900012650;4026212433982;10x Fachteiler durchgehend | 500 x 300 mm | verzinkt;;;;
46635;9900012654;4026212434026;10x Fachteiler durchgehend | 400 x 400 mm | verzinkt;;;;
46636;9900012655;4026212434033;10x Fachteiler durchgehend | 500 x 400 mm | verzinkt;;;;
46637;9900012656;4026212434040;10x Fachteiler durchgehend | 600 x 400 mm | verzinkt;;;;
46638;9900012657;4026212434057;10x Fachteiler durchgehend | 200 x 500 mm | verzinkt;;;;
46639;9900012658;4026212434064;10x Fachteiler durchgehend | 300 x 500 mm | verzinkt;;;;
46640;9900012659;4026212434071;10x Fachteiler durchgehend | 400 x 500 mm | verzinkt;;;;
46641;9900012660;4026212434088;10x Fachteiler durchgehend | 500 x 500 mm | verzinkt;;;;
46642;9900012662;4026212434101;10x Fachteiler durchgehend | 200 x 600 mm | verzinkt;;;;
46643;9900012664;4026212434125;10x Fachteiler durchgehend | 400 x 600 mm | verzinkt;;;;
46644;9900012665;4026212434132;10x Fachteiler durchgehend | 500 x 600 mm | verzinkt;;;;
46645;9900012666;4026212434149;10x Fachteiler durchgehend | 600 x 600 mm | verzinkt;;;;
46646;9900012667;4026212434156;10x Fachteiler durchgehend | 200 x 800 mm | verzinkt;;;;
46647;9900012668;4026212434163;10x Fachteiler durchgehend | 300 x 800 mm | verzinkt;;;;
46648;9900012669;4026212434170;10x Fachteiler durchgehend | 400 x 800 mm | verzinkt;;;;
46649;9900012670;4026212434187;10x Fachteiler durchgehend | 500 x 800 mm | verzinkt;;;;
46734;200190820;4026212351415;;;;;
46744;9900013076;4026212437171;;;;;
46745;9900013077;4026212437188;;;;;
46746;9900013078;4026212437195;;;;;
46892;9900013095;4026212437331;;;;;
46893;9900013096;4026212437348;;;;;
46894;9900013097;4026212437355;;;;;
46898;9900013201;4026212437997;;;;;
46941;9900013276;4026212438444;META CLIP S3 | Fachbodenregal | Grundregal | 2500 x 1300 x 600 mm | Fachlast 150 kg | 5+1 Ebenen | verzinkt;;;;
46942;9900013277;4026212438451;META CLIP S3 | Fachbodenregal | Grundregal | 2000 x 1300 x 400 mm | Fachlast 150 kg | 4+1 Ebenen | RAL 7035;;;;
46943;9900013278;4026212438468;META CLIP S3 | Fachbodenregal | Grundregal | 2000 x 1300 x 500 mm | Fachlast 150 kg | 4+1 Ebenen | RAL 7035;;;;
46944;9900013279;4026212438475;META CLIP S3 | Fachbodenregal | Grundregal | 2000 x 1300 x 600 mm | Fachlast 150 kg | 4+1 Ebenen | RAL 7035;;;;
46945;9900013280;4026212438482;META CLIP S3 | Fachbodenregal | Grundregal | 2500 x 1300 x 400 mm | Fachlast 150 kg | 5+1 Ebenen | RAL 7035;;;;
46946;9900013281;4026212438536;META CLIP S3 | Fachbodenregal | Grundregal | 2500 x 1300 x 500 mm | Fachlast 150 kg | 5+1 Ebenen | RAL 7035;;;;
46947;9900013282;4026212438543;META CLIP S3 | Fachbodenregal | Grundregal | 2500 x 1300 x 600 mm | Fachlast 150 kg | 5+1 Ebenen | RAL 7035;;;;
46948;9900013283;4026212438550;META CLIP S3 | Fachbodenregal | Anbauregal | 2000 x 1300 x 400 mm | Fachlast 150 kg | 4+1 Ebenen | verzinkt;;;;
46949;9900013284;4026212438567;META CLIP S3 | Fachbodenregal | Anbauregal | 2000 x 1300 x 500 mm | Fachlast 150 kg | 4+1 Ebenen | verzinkt;;;;
46950;9900013285;4026212438574;META CLIP S3 | Fachbodenregal | Anbauregal | 2000 x 1300 x 600 mm | Fachlast 150 kg | 4+1 Ebenen | verzinkt;;;;
46951;9900013286;4026212438581;META CLIP S3 | Fachbodenregal | Anbauregal | 2500 x 1300 x 400 mm | Fachlast 150 kg | 5+1 Ebenen | verzinkt;;;;
46952;9900013287;4026212438598;META CLIP S3 | Fachbodenregal | Anbauregal | 2500 x 1300 x 500 mm | Fachlast 150 kg | 5+1 Ebenen | verzinkt;;;;
46953;9900013288;4026212438604;META CLIP S3 | Fachbodenregal | Anbauregal | 2500 x 1300 x 600 mm | Fachlast 150 kg | 5+1 Ebenen | verzinkt;;;;
46954;9900013289;4026212438611;META CLIP S3 | Fachbodenregal | Anbauregal | 2000 x 1300 x 400 mm | Fachlast 150 kg | 4+1 Ebenen | RAL 7035;;;;
46955;9900013290;4026212438635;META CLIP S3 | Fachbodenregal | Anbauregal | 2000 x 1300 x 500 mm | Fachlast 150 kg | 4+1 Ebenen | RAL 7035;;;;
46956;9900013291;4026212438697;META CLIP S3 | Fachbodenregal | Anbauregal | 2000 x 1300 x 600 mm | Fachlast 150 kg | 4+1 Ebenen | RAL 7035;;;;
46957;9900013292;4026212438703;META CLIP S3 | Fachbodenregal | Anbauregal | 2500 x 1300 x 400 mm | Fachlast 150 kg | 5+1 Ebenen | RAL 7035;;;;
46958;9900013293;4026212438710;META CLIP S3 | Fachbodenregal | Anbauregal | 2500 x 1300 x 500 mm | Fachlast 150 kg | 5+1 Ebenen | RAL 7035;;;;
46959;9900013294;4026212438727;META CLIP S3 | Fachbodenregal | Anbauregal | 2500 x 1300 x 600 mm | Fachlast 150 kg | 5+1 Ebenen | RAL 7035;;;;
46960;9900013270;4026212438352;META CLIP S3 | Fachbodenregal | Grundregal | 2000 x 1300 x 400 mm | Fachlast 150 kg | 4+1 Ebenen | verzinkt;;;;
46961;9900013272;4026212438369;META CLIP S3 | Fachbodenregal | Grundregal | 2000 x 1300 x 500 mm | Fachlast 150 kg | 4+1 Ebenen | verzinkt;;;;
46962;9900013273;4026212438376;META CLIP S3 | Fachbodenregal | Grundregal | 2000 x 1300 x 600 mm | Fachlast 150 kg | 4+1 Ebenen | verzinkt;;;;
46963;9900013274;4026212438383;META CLIP S3 | Fachbodenregal | Grundregal | 2500 x 1300 x 400 mm | Fachlast 150 kg | 5+1 Ebenen | verzinkt;;;;
46964;9900013275;4026212438390;META CLIP S3 | Fachbodenregal | Grundregal | 2500 x 1300 x 500 mm | Fachlast 150 kg | 5+1 Ebenen | verzinkt;;;;
47012;9900013394;4026212439359;META CLIP | Grundregal | 2500 x 1300 x 400 | 230 kg | mit 6 Böden | verzinkt;;;;
47013;9900013396;4026212439373;META CLIP | Grundregal | 2500 x 1300 x 600 | 230 kg | mit 6 Böden | verzinkt;;;;
47021;2002603;4026212046786;;;;;
47096;9900013572;4026212440997;META CLIP S3 | Schrägbodenregal | Grundregal | 2000 x 1000 x 400 mm | Fachlast 150 kg | 3 Ebenen | verzinkt;;;;
47097;9900013575;4026212441413;META CLIP S3 | Schrägbodenregal | Grundregal | 2000 x 1300 x 600 mm | Fachlast 200 kg | 3 Ebenen | verzinkt;;;;
47098;9900013573;4026212441420;META CLIP S3 | Schrägbodenregal | Anbauregal | 2000 x 1000 x 400 mm | Fachlast 150 kg | 3 Ebenen | verzinkt;;;;
47099;9900013574;4026212441437;;;;;
47100;9900013576;4026212441444;META CLIP S3 | Schrägbodenregal | Anbauregal | 2000 x 1300 x 600 mm | Fachlast 200 kg | 3 Ebenen | verzinkt;;;;
47101;9900013577;4026212441451;;;;;
47210;9900013699;4026212442106;META CLIP S3 | Drahtgitterfachbodenregal | Grundregal | 2000 x 1000 x 400 mm | Fachlast 150 kg | 5 Ebenen | verzinkt/RAL 7035;;;;
47287;9900013757;4026212442748;;;;;
47288;9900013756;4026212442526;;;;;
47289;9900013758;4026212442533;;;;;
47290;9900013759;4026212442540;;;;;
47298;9900013760;4026212442564;;;;;
47299;9900013761;4026212442571;;;;;
47300;9900013762;4026212442588;;;;;
47301;9900013763;4026212442595;;;;;
47302;9900013764;4026212442601;10er Set Fachbodenträger für Büro COMPACT L80 Böden;;;;
47303;9900013765;4026212442618;;;;;
47304;9900013767;4026212442625;;;;;
47305;9900013768;4026212442632;;;;;
47306;9900013769;4026212442649;;;;;
47307;9900013770;4026212442656;;;;;
47371;20091497;4026212239485;;;;;
47372;9900013801;4026212442922;;;;;
47373;9900013802;4026212442939;;;;;
47374;9900013803;4026212442946;;;;;
47375;9900013805;4026212442960;;;;;
47376;9900013806;4026212442977;;;;;
47391;9900013838;4026212443165;Klemmfuß | verzinkt | 10 Stück;;;;
47392;9900013839;4026212443172;Klemmdoppelfuß | verzinkt | 10 Stück;;;;
47393;9900013840;4026212443189;;;;;
47394;9900013841;4026212443196;;;;;
47763;9900013308;4026212438734;META CLIP S3 | Fachbodenregal | Grundregal | 2000 x 1300 x 300 mm | Fachlast 230 kg | 4+1 Ebenen | verzinkt;;;;
47764;9900013331;4026212438796;META CLIP S3 | Fachbodenregal | Grundregal | 2000 x 1300 x 400 mm | Fachlast 230 kg | 4+1 Ebenen | verzinkt;;;;
47765;9900013332;4026212438802;META CLIP S3 | Fachbodenregal | Grundregal | 2000 x 1300 x 500 mm | Fachlast 230 kg | 4+1 Ebenen | verzinkt;;;;
47766;9900013333;4026212438819;META CLIP S3 | Fachbodenregal | Grundregal | 2000 x 1300 x 600 mm | Fachlast 230 kg | 4+1 Ebenen | verzinkt;;;;
47767;9900013336;4026212438826;META CLIP S3 | Fachbodenregal | Grundregal | 2000 x 1300 x 800 mm | Fachlast 230 kg | 4+1 Ebenen | verzinkt;;;;
47768;9900013338;4026212438840;META CLIP S3 | Fachbodenregal | Grundregal | 2500 x 1300 x 300 mm | Fachlast 230 kg | 5+1 Ebenen | verzinkt;;;;
47769;9900013339;4026212438857;META CLIP S3 | Fachbodenregal | Grundregal | 2500 x 1300 x 400 mm | Fachlast 230 kg | 5+1 Ebenen | verzinkt;;;;
47770;9900013340;4026212438864;META CLIP S3 | Fachbodenregal | Grundregal | 2500 x 1300 x 500 mm | Fachlast 230 kg | 5+1 Ebenen | verzinkt;;;;
47771;9900013341;4026212438871;META CLIP S3 | Fachbodenregal | Grundregal | 2500 x 1300 x 600 mm | Fachlast 230 kg | 5+1 Ebenen | verzinkt;;;;
47772;9900013342;4026212438888;META CLIP S3 | Fachbodenregal | Grundregal | 2500 x 1300 x 800 mm | Fachlast 230 kg | 5+1 Ebenen | verzinkt;;;;
47773;9900013344;4026212438901;META CLIP S3 | Fachbodenregal | Grundregal | 2000 x 1300 x 300 mm | Fachlast 230 kg | 4+1 Ebenen | RAL 7035;;;;
47774;9900013346;4026212438918;META CLIP S3 | Fachbodenregal | Grundregal | 2000 x 1300 x 400 mm | Fachlast 230 kg | 4+1 Ebenen | RAL 7035;;;;
47775;9900013347;4026212438925;META CLIP S3 | Fachbodenregal | Grundregal | 2000 x 1300 x 500 mm | Fachlast 230 kg | 4+1 Ebenen | RAL 7035;;;;
47776;9900013348;4026212438932;META CLIP S3 | Fachbodenregal | Grundregal | 2000 x 1300 x 600 mm | Fachlast 230 kg | 4+1 Ebenen | RAL 7035;;;;
47777;9900013349;4026212438949;META CLIP S3 | Fachbodenregal | Grundregal | 2000 x 1300 x 800 mm | Fachlast 230 kg | 4+1 Ebenen | RAL 7035;;;;
47778;9900013350;4026212438956;META CLIP S3 | Fachbodenregal | Grundregal | 2500 x 1300 x 300 mm | Fachlast 230 kg | 5+1 Ebenen | RAL 7035;;;;
47779;9900013351;4026212438963;META CLIP S3 | Fachbodenregal | Grundregal | 2500 x 1300 x 400 mm | Fachlast 230 kg | 5+1 Ebenen | RAL 7035;;;;
47780;9900013352;4026212438970;META CLIP S3 | Fachbodenregal | Grundregal | 2500 x 1300 x 500 mm | Fachlast 230 kg | 5+1 Ebenen | RAL 7035;;;;
47781;9900013354;4026212438987;META CLIP S3 | Fachbodenregal | Grundregal | 2500 x 1300 x 600 mm | Fachlast 230 kg | 5+1 Ebenen | RAL 7035;;;;
47782;9900013355;4026212438994;META CLIP S3 | Fachbodenregal | Grundregal | 2500 x 1300 x 800 mm | Fachlast 230 kg | 5+1 Ebenen | RAL 7035;;;;
47783;9900013356;4026212439007;META CLIP S3 | Fachbodenregal | Anbauregal | 2000 x 1300 x 300 mm | Fachlast 230 kg | 4+1 Ebenen | verzinkt;;;;
47784;9900013358;4026212439014;META CLIP S3 | Fachbodenregal | Anbauregal | 2000 x 1300 x 400 mm | Fachlast 230 kg | 4+1 Ebenen | verzinkt;;;;
47785;9900013359;4026212439021;META CLIP S3 | Fachbodenregal | Anbauregal | 2000 x 1300 x 500 mm | Fachlast 230 kg | 4+1 Ebenen | verzinkt;;;;
47786;9900013360;4026212439038;META CLIP S3 | Fachbodenregal | Anbauregal | 2000 x 1300 x 600 mm | Fachlast 230 kg | 4+1 Ebenen | verzinkt;;;;
47787;9900013361;4026212439045;META CLIP S3 | Fachbodenregal | Anbauregal | 2000 x 1300 x 800 mm | Fachlast 230 kg | 4+1 Ebenen | verzinkt;;;;
47788;9900013362;4026212439052;META CLIP S3 | Fachbodenregal | Anbauregal | 2500 x 1300 x 300 mm | Fachlast 230 kg | 5+1 Ebenen | verzinkt;;;;
47789;9900013363;4026212439069;META CLIP S3 | Fachbodenregal | Anbauregal | 2500 x 1300 x 400 mm | Fachlast 230 kg | 5+1 Ebenen | verzinkt;;;;
47790;9900013364;4026212439076;META CLIP S3 | Fachbodenregal | Anbauregal | 2500 x 1300 x 500 mm | Fachlast 230 kg | 5+1 Ebenen | verzinkt;;;;
47791;9900013365;4026212439083;META CLIP S3 | Fachbodenregal | Anbauregal | 2500 x 1300 x 600 mm | Fachlast 230 kg | 5+1 Ebenen | verzinkt;;;;
47792;9900013366;4026212439090;META CLIP S3 | Fachbodenregal | Anbauregal | 2500 x 1300 x 800 mm | Fachlast 230 kg | 5+1 Ebenen | verzinkt;;;;
47793;9900013367;4026212439106;META CLIP S3 | Fachbodenregal | Anbauregal | 2000 x 1300 x 300 mm | Fachlast 230 kg | 4+1 Ebenen | RAL 7035;;;;
47794;9900013368;4026212439113;META CLIP S3 | Fachbodenregal | Anbauregal | 2000 x 1300 x 400 mm | Fachlast 230 kg | 4+1 Ebenen | RAL 7035;;;;
47795;9900013369;4026212439120;META CLIP S3 | Fachbodenregal | Anbauregal | 2000 x 1300 x 500 mm | Fachlast 230 kg | 4+1 Ebenen | RAL 7035;;;;
47796;9900013370;4026212439137;META CLIP S3 | Fachbodenregal | Anbauregal | 2000 x 1300 x 600 mm | Fachlast 230 kg | 4+1 Ebenen | RAL 7035;;;;
47797;9900013371;4026212439144;META CLIP S3 | Fachbodenregal | Anbauregal | 2000 x 1300 x 800 mm | Fachlast 230 kg | 4+1 Ebenen | RAL 7035;;;;
47798;9900013383;4026212439236;META CLIP S3 | Fachbodenregal | Anbauregal | 2500 x 1300 x 300 mm | Fachlast 230 kg | 5+1 Ebenen | RAL 7035;;;;
47799;9900013384;4026212439243;META CLIP S3 | Fachbodenregal | Anbauregal | 2500 x 1300 x 400 mm | Fachlast 230 kg | 5+1 Ebenen | RAL 7035;;;;
47800;9900013385;4026212439267;META CLIP S3 | Fachbodenregal | Anbauregal | 2500 x 1300 x 500 mm | Fachlast 230 kg | 5+1 Ebenen | RAL 7035;;;;
47801;9900013386;4026212439274;META CLIP S3 | Fachbodenregal | Anbauregal | 2500 x 1300 x 600 mm | Fachlast 230 kg | 5+1 Ebenen | RAL 7035;;;;
47802;9900013387;4026212439281;META CLIP S3 | Fachbodenregal | Anbauregal | 2500 x 1300 x 800 mm | Fachlast 230 kg | 5+1 Ebenen | RAL 7035;;;;
47803;9900013388;4026212439298;META CLIP | Grundregal | 2000 x 1300 x 300 | 230 kg | mit 5 Böden | verzinkt;;;;
47804;9900013389;4026212439304;META CLIP | Grundregal | 2000 x 1300 x 400 | 230 kg | mit 5 Böden | verzinkt;;;;
47805;9900013390;4026212439311;META CLIP | Grundregal | 2000 x 1300 x 500 | 230 kg | mit 5 Böden | verzinkt;;;;
47806;9900013391;4026212439328;META CLIP | Grundregal | 2000 x 1300 x 600 | 230 kg | mit 5 Böden | verzinkt;;;;
47807;9900013392;4026212439335;META CLIP | Grundregal | 2000 x 1300 x 800 | 230 kg | mit 5 Böden | verzinkt;;;;
47808;9900013393;4026212439342;META CLIP | Grundregal | 2500 x 1300 x 300 | 230 kg | mit 6 Böden | verzinkt;;;;
47809;9900013395;4026212439366;META CLIP | Grundregal | 2500 x 1300 x 500 | 230 kg | mit 6 Böden | verzinkt;;;;
47810;9900013397;4026212439380;META CLIP | Grundregal | 2500 x 1300 x 800 | 230 kg | mit 6 Böden | verzinkt;;;;
47811;9900013398;4026212439397;META CLIP | Grundregal | 2000 x 1300 x 300 | 230 kg | mit 5 Böden | RAL 7035;;;;
47812;9900013399;4026212439403;META CLIP | Grundregal | 2000 x 1300 x 400 | 230 kg | mit 5 Böden | RAL 7035;;;;
47813;9900013400;4026212439410;META CLIP | Grundregal | 2000 x 1300 x 500 | 230 kg | mit 5 Böden | RAL 7035;;;;
47814;9900013401;4026212439427;META CLIP | Grundregal | 2000 x 1300 x 600 | 230 kg | mit 5 Böden | RAL 7035;;;;
47815;9900013402;4026212439434;META CLIP | Grundregal | 2000 x 1300 x 800 | 230 kg | mit 5 Böden | RAL 7035;;;;
47816;9900013403;4026212439441;META CLIP | Grundregal | 2500 x 1300 x 300 | 230 kg | mit 6 Böden | RAL 7035;;;;
47817;9900013404;4026212439458;META CLIP | Grundregal | 2500 x 1300 x 400 | 230 kg | mit 6 Böden | RAL 7035;;;;
47818;9900013405;4026212439465;META CLIP | Grundregal | 2500 x 1300 x 500 | 230 kg | mit 6 Böden | RAL 7035;;;;
47819;9900013406;4026212439472;META CLIP | Grundregal | 2500 x 1300 x 600 | 230 kg | mit 6 Böden | RAL 7035;;;;
47820;9900013407;4026212439489;META CLIP | Grundregal | 2500 x 1300 x 800 | 230 kg | mit 6 Böden | RAL 7035;;;;
47821;9900013408;4026212439496;META CLIP | Anbauregal | 2000 x 1300 x 300 | 230 kg | mit 5 Böden | verzinkt;;;;
47822;9900013409;4026212439502;META CLIP | Anbauregal | 2000 x 1300 x 400 | 230 kg | mit 5 Böden | verzinkt;;;;
47823;9900013410;4026212439519;META CLIP | Anbauregal | 2000 x 1300 x 500 | 230 kg | mit 5 Böden | verzinkt;;;;
47824;9900013411;4026212439526;META CLIP | Anbauregal | 2000 x 1300 x 600 | 230 kg | mit 5 Böden | verzinkt;;;;
47825;9900013412;4026212439533;META CLIP | Anbauregal | 2000 x 1300 x 800 | 230 kg | mit 5 Böden | verzinkt;;;;
47826;9900013413;4026212439540;META CLIP | Anbauregal | 2500 x 1300 x 300 | 230 kg | mit 6 Böden | verzinkt;;;;
47827;9900013414;4026212439557;META CLIP | Anbauregal | 2500 x 1300 x 400 | 230 kg | mit 6 Böden | verzinkt;;;;
47828;9900013415;4026212439564;META CLIP | Anbauregal | 2500 x 1300 x 500 | 230 kg | mit 6 Böden | verzinkt;;;;
47829;9900013416;4026212439571;META CLIP | Anbauregal | 2500 x 1300 x 600 | 230 kg | mit 6 Böden | verzinkt;;;;
47830;9900013417;4026212439588;META CLIP | Anbauregal | 2500 x 1300 x 800 | 230 kg | mit 6 Böden | verzinkt;;;;
47831;9900013418;4026212439595;META CLIP | Anbauregal | 2000 x 1300 x 300 | 230 kg | mit 5 Böden | RAL 7035;;;;
47832;9900013419;4026212439601;META CLIP | Anbauregal | 2000 x 1300 x 400 | 230 kg | mit 5 Böden | RAL 7035;;;;
47833;9900013420;4026212439618;META CLIP | Anbauregal | 2000 x 1300 x 500 | 230 kg | mit 5 Böden | RAL 7035;;;;
47834;9900013422;4026212439625;META CLIP | Anbauregal | 2000 x 1300 x 600 | 230 kg | mit 5 Böden | RAL 7035;;;;
47835;9900013423;4026212439632;META CLIP | Anbauregal | 2000 x 1300 x 800 | 230 kg | mit 5 Böden | RAL 7035;;;;
47836;9900013424;4026212439649;META CLIP | Anbauregal | 2500 x 1300 x 300 | 230 kg | mit 6 Böden | RAL 7035;;;;
47837;9900013425;4026212439656;META CLIP | Anbauregal | 2500 x 1300 x 400 | 230 kg | mit 6 Böden | RAL 7035;;;;
47838;9900013427;4026212439670;META CLIP | Anbauregal | 2500 x 1300 x 500 | 230 kg | mit 6 Böden | RAL 7035;;;;
47839;9900013428;4026212439687;META CLIP | Anbauregal | 2500 x 1300 x 600 | 230 kg | mit 6 Böden | RAL 7035;;;;
47840;9900013430;4026212439694;META CLIP | Anbauregal | 2500 x 1300 x 800 | 230 kg | mit 6 Böden | RAL 7035;;;;
47842;9900013432;4026212439724;META CLIP S3 | Fachbodenregal | Doppel-Grundregal | 2000 x 1300 x 500 mm | Fachlast 150 kg | 4+1 Ebenen | verzinkt;;;;
47843;9900013433;4026212439731;META CLIP S3 | Fachbodenregal | Doppel-Grundregal | 2000 x 1300 x 600 mm | Fachlast 150 kg | 4+1 Ebenen | verzinkt;;;;
47844;9900013434;4026212439748;META CLIP S3 | Fachbodenregal | Doppel-Grundregal | 2500 x 1300 x 400 mm | Fachlast 150 kg | 5+1 Ebenen | verzinkt;;;;
47845;9900013435;4026212439755;META CLIP S3 | Fachbodenregal | Doppel-Grundregal | 2500 x 1300 x 500 mm | Fachlast 150 kg | 5+1 Ebenen | verzinkt;;;;
47846;9900013436;4026212439762;META CLIP S3 | Fachbodenregal | Doppel-Grundregal | 2500 x 1300 x 600 mm | Fachlast 150 kg | 5+1 Ebenen | verzinkt;;;;
47847;9900013437;4026212439779;META CLIP S3 | Fachbodenregal | Doppel-Grundregal | 2000 x 1300 x 400 mm | Fachlast 150 kg | 4+1 Ebenen | RAL 7035;;;;
47848;9900013438;4026212439786;META CLIP S3 | Fachbodenregal | Doppel-Grundregal | 2000 x 1300 x 500 mm | Fachlast 150 kg | 4+1 Ebenen | RAL 7035;;;;
47849;9900013439;4026212439793;META CLIP S3 | Fachbodenregal | Doppel-Grundregal | 2000 x 1300 x 600 mm | Fachlast 150 kg | 4+1 Ebenen | RAL 7035;;;;
47850;9900013440;4026212439809;META CLIP S3 | Fachbodenregal | Doppel-Grundregal | 2500 x 1300 x 400 mm | Fachlast 150 kg | 5+1 Ebenen | RAL 7035;;;;
47851;9900013441;4026212439816;META CLIP S3 | Fachbodenregal | Doppel-Grundregal | 2500 x 1300 x 500 mm | Fachlast 150 kg | 5+1 Ebenen | RAL 7035;;;;
47852;9900013442;4026212439823;META CLIP S3 | Fachbodenregal | Doppel-Grundregal | 2500 x 1300 x 600 mm | Fachlast 150 kg | 5+1 Ebenen | RAL 7035;;;;
47853;9900013443;4026212439830;META CLIP S3 | Fachbodenregal | Doppel-Anbauregal | 2000 x 1300 x 400 mm | Fachlast 150 kg | 4+1 Ebenen | verzinkt;;;;
47854;9900013444;4026212439847;META CLIP S3 | Fachbodenregal | Doppel-Anbauregal | 2000 x 1300 x 500 mm | Fachlast 150 kg | 4+1 Ebenen | verzinkt;;;;
47855;9900013445;4026212439854;META CLIP S3 | Fachbodenregal | Doppel-Anbauregal | 2000 x 1300 x 600 mm | Fachlast 150 kg | 4+1 Ebenen | verzinkt;;;;
47856;9900013446;4026212439861;META CLIP S3 | Fachbodenregal | Doppel-Anbauregal | 2500 x 1300 x 400 mm | Fachlast 150 kg | 5+1 Ebenen | verzinkt;;;;
47857;9900013447;4026212439878;META CLIP S3 | Fachbodenregal | Doppel-Anbauregal | 2500 x 1300 x 500 mm | Fachlast 150 kg | 5+1 Ebenen | verzinkt;;;;
47858;9900013448;4026212439885;META CLIP S3 | Fachbodenregal | Doppel-Anbauregal | 2500 x 1300 x 600 mm | Fachlast 150 kg | 5+1 Ebenen | verzinkt;;;;
47859;9900013449;4026212439892;META CLIP S3 | Fachbodenregal | Doppel-Anbauregal | 2000 x 1300 x 400 mm | Fachlast 150 kg | 4+1 Ebenen | RAL 7035;;;;
47860;9900013451;4026212439908;META CLIP S3 | Fachbodenregal | Doppel-Anbauregal | 2000 x 1300 x 500 mm | Fachlast 150 kg | 4+1 Ebenen | RAL 7035;;;;
47861;9900013452;4026212439915;META CLIP S3 | Fachbodenregal | Doppel-Anbauregal | 2000 x 1300 x 600 mm | Fachlast 150 kg | 4+1 Ebenen | RAL 7035;;;;
47862;9900013453;4026212439922;META CLIP S3 | Fachbodenregal | Doppel-Anbauregal | 2500 x 1300 x 400 mm | Fachlast 150 kg | 5+1 Ebenen | RAL 7035;;;;
47863;9900013454;4026212439939;META CLIP S3 | Fachbodenregal | Doppel-Anbauregal | 2500 x 1300 x 500 mm | Fachlast 150 kg | 5+1 Ebenen | RAL 7035;;;;
47864;9900013455;4026212439946;META CLIP S3 | Fachbodenregal | Doppel-Anbauregal | 2500 x 1300 x 600 mm | Fachlast 150 kg | 5+1 Ebenen | RAL 7035;;;;
47865;9900013456;4026212439953;META CLIP S3 | Fachbodenregal | Doppel-Grundregal | 2000 x 1300 x 300 mm | Fachlast 230 kg | 4+1 Ebenen | verzinkt;;;;
47866;9900013458;4026212439960;META CLIP S3 | Fachbodenregal | Doppel-Grundregal | 2000 x 1300 x 400 mm | Fachlast 230 kg | 4+1 Ebenen | verzinkt;;;;
47867;9900013459;4026212439977;META CLIP S3 | Fachbodenregal | Doppel-Grundregal | 2000 x 1300 x 500 mm | Fachlast 230 kg | 4+1 Ebenen | verzinkt;;;;
47868;9900013460;4026212439984;META CLIP S3 | Fachbodenregal | Doppel-Grundregal | 2000 x 1300 x 600 mm | Fachlast 230 kg | 4+1 Ebenen | verzinkt;;;;
47869;9900013461;4026212439991;META CLIP S3 | Fachbodenregal | Doppel-Grundregal | 2000 x 1300 x 800 mm | Fachlast 230 kg | 4+1 Ebenen | verzinkt;;;;
47870;9900013464;4026212440003;META CLIP S3 | Fachbodenregal | Doppel-Grundregal | 2500 x 1300 x 300 mm | Fachlast 230 kg | 5+1 Ebenen | verzinkt;;;;
47871;9900013465;4026212440010;META CLIP S3 | Fachbodenregal | Doppel-Grundregal | 2500 x 1300 x 400 mm | Fachlast 230 kg | 5+1 Ebenen | verzinkt;;;;
47872;9900013467;4026212440027;META CLIP S3 | Fachbodenregal | Doppel-Grundregal | 2500 x 1300 x 500 mm | Fachlast 230 kg | 5+1 Ebenen | verzinkt;;;;
47873;9900013468;4026212440034;META CLIP S3 | Fachbodenregal | Doppel-Grundregal | 2500 x 1300 x 600 mm | Fachlast 230 kg | 5+1 Ebenen | verzinkt;;;;
47874;9900013469;4026212440041;META CLIP S3 | Fachbodenregal | Doppel-Grundregal | 2500 x 1300 x 800 mm | Fachlast 230 kg | 5+1 Ebenen | verzinkt;;;;
47875;9900013470;4026212440058;META CLIP S3 | Fachbodenregal | Doppel-Grundregal | 2000 x 1300 x 300 mm | Fachlast 230 kg | 4+1 Ebenen | RAL 7035;;;;
47876;9900013471;4026212440065;META CLIP S3 | Fachbodenregal | Doppel-Grundregal | 2000 x 1300 x 400 mm | Fachlast 230 kg | 4+1 Ebenen | RAL 7035;;;;
47877;9900013472;4026212440072;META CLIP S3 | Fachbodenregal | Doppel-Grundregal | 2000 x 1300 x 500 mm | Fachlast 230 kg | 4+1 Ebenen | RAL 7035;;;;
47878;9900013474;4026212440089;META CLIP S3 | Fachbodenregal | Doppel-Grundregal | 2000 x 1300 x 600 mm | Fachlast 230 kg | 4+1 Ebenen | RAL 7035;;;;
47879;9900013475;4026212440102;META CLIP S3 | Fachbodenregal | Doppel-Grundregal | 2000 x 1300 x 800 mm | Fachlast 230 kg | 4+1 Ebenen | RAL 7035;;;;
47880;9900013476;4026212440119;META CLIP S3 | Fachbodenregal | Doppel-Grundregal | 2500 x 1300 x 300 mm | Fachlast 230 kg | 5+1 Ebenen | RAL 7035;;;;
47881;9900013477;4026212440126;META CLIP S3 | Fachbodenregal | Doppel-Grundregal | 2500 x 1300 x 400 mm | Fachlast 230 kg | 5+1 Ebenen | RAL 7035;;;;
47882;9900013478;4026212440133;META CLIP S3 | Fachbodenregal | Doppel-Grundregal | 2500 x 1300 x 500 mm | Fachlast 230 kg | 5+1 Ebenen | RAL 7035;;;;
47883;9900013480;4026212440140;META CLIP S3 | Fachbodenregal | Doppel-Grundregal | 2500 x 1300 x 600 mm | Fachlast 230 kg | 5+1 Ebenen | RAL 7035;;;;
47884;9900013481;4026212440164;META CLIP S3 | Fachbodenregal | Doppel-Grundregal | 2500 x 1300 x 800 mm | Fachlast 230 kg | 5+1 Ebenen | RAL 7035;;;;
47885;9900013484;4026212440188;META CLIP S3 | Fachbodenregal | Doppel-Anbauregal | 2000 x 1300 x 300 mm | Fachlast 230 kg | 4+1 Ebenen | verzinkt;;;;
47886;9900013485;4026212440195;META CLIP S3 | Fachbodenregal | Doppel-Anbauregal | 2000 x 1300 x 400 mm | Fachlast 230 kg | 4+1 Ebenen | verzinkt;;;;
47887;9900013486;4026212440201;META CLIP S3 | Fachbodenregal | Doppel-Anbauregal | 2000 x 1300 x 500 mm | Fachlast 230 kg | 4+1 Ebenen | verzinkt;;;;
47888;9900013487;4026212440218;META CLIP S3 | Fachbodenregal | Doppel-Anbauregal | 2000 x 1300 x 600 mm | Fachlast 230 kg | 4+1 Ebenen | verzinkt;;;;
47889;9900013488;4026212440225;META CLIP S3 | Fachbodenregal | Doppel-Anbauregal | 2000 x 1300 x 800 mm | Fachlast 230 kg | 4+1 Ebenen | verzinkt;;;;
47890;9900013489;4026212440232;META CLIP S3 | Fachbodenregal | Doppel-Anbauregal | 2500 x 1300 x 300 mm | Fachlast 230 kg | 5+1 Ebenen | verzinkt;;;;
47891;9900013490;4026212440249;META CLIP S3 | Fachbodenregal | Doppel-Anbauregal | 2500 x 1300 x 400 mm | Fachlast 230 kg | 5+1 Ebenen | verzinkt;;;;
47892;9900013492;4026212440256;META CLIP S3 | Fachbodenregal | Doppel-Anbauregal | 2500 x 1300 x 500 mm | Fachlast 230 kg | 5+1 Ebenen | verzinkt;;;;
47893;9900013493;4026212440263;META CLIP S3 | Fachbodenregal | Doppel-Anbauregal | 2500 x 1300 x 600 mm | Fachlast 230 kg | 5+1 Ebenen | verzinkt;;;;
47894;9900013494;4026212440270;META CLIP S3 | Fachbodenregal | Doppel-Anbauregal | 2500 x 1300 x 800 mm | Fachlast 230 kg | 5+1 Ebenen | verzinkt;;;;
47895;9900013495;4026212440287;META CLIP S3 | Fachbodenregal | Doppel-Anbauregal | 2000 x 1300 x 300 mm | Fachlast 230 kg | 4+1 Ebenen | RAL 7035;;;;
47896;9900013496;4026212440294;META CLIP S3 | Fachbodenregal | Doppel-Anbauregal | 2000 x 1300 x 400 mm | Fachlast 230 kg | 4+1 Ebenen | RAL 7035;;;;
47897;9900013497;4026212440300;META CLIP S3 | Fachbodenregal | Doppel-Anbauregal | 2000 x 1300 x 500 mm | Fachlast 230 kg | 4+1 Ebenen | RAL 7035;;;;
47898;9900013498;4026212440317;META CLIP S3 | Fachbodenregal | Doppel-Anbauregal | 2000 x 1300 x 600 mm | Fachlast 230 kg | 4+1 Ebenen | RAL 7035;;;;
47899;9900013499;4026212440324;META CLIP S3 | Fachbodenregal | Doppel-Anbauregal | 2000 x 1300 x 800 mm | Fachlast 230 kg | 4+1 Ebenen | RAL 7035;;;;
47900;9900013500;4026212440331;META CLIP S3 | Fachbodenregal | Doppel-Anbauregal | 2500 x 1300 x 300 mm | Fachlast 230 kg | 5+1 Ebenen | RAL 7035;;;;
47901;9900013501;4026212440348;META CLIP S3 | Fachbodenregal | Doppel-Anbauregal | 2500 x 1300 x 400 mm | Fachlast 230 kg | 5+1 Ebenen | RAL 7035;;;;
47902;9900013502;4026212440355;META CLIP S3 | Fachbodenregal | Doppel-Anbauregal | 2500 x 1300 x 500 mm | Fachlast 230 kg | 5+1 Ebenen | RAL 7035;;;;
47903;9900013503;4026212440362;META CLIP S3 | Fachbodenregal | Doppel-Anbauregal | 2500 x 1300 x 600 mm | Fachlast 230 kg | 5+1 Ebenen | RAL 7035;;;;
47904;9900013504;4026212440379;META CLIP S3 | Fachbodenregal | Doppel-Anbauregal | 2500 x 1300 x 800 mm | Fachlast 230 kg | 5+1 Ebenen | RAL 7035;;;;
47905;9900013505;4026212440386;META CLIP | Fachbodenregal | Doppel-Grundregal | 2000 x 1300 x 300 mm | Fachlast 230 kg | 4+1 Ebenen | verzinkt;;;;
47906;9900013506;4026212440393;META CLIP | Fachbodenregal | Doppel-Grundregal | 2000 x 1300 x 400 mm | Fachlast 230 kg | 4+1 Ebenen | verzinkt;;;;
47907;9900013507;4026212440409;META CLIP | Fachbodenregal | Doppel-Grundregal | 2000 x 1300 x 500 mm | Fachlast 230 kg | 4+1 Ebenen | verzinkt;;;;
47908;9900013508;4026212440416;META CLIP | Fachbodenregal | Doppel-Grundregal | 2000 x 1300 x 600 mm | Fachlast 230 kg | 4+1 Ebenen | verzinkt;;;;
47909;9900013509;4026212440423;META CLIP | Fachbodenregal | Doppel-Grundregal | 2000 x 1300 x 800 mm | Fachlast 230 kg | 4+1 Ebenen | verzinkt;;;;
47910;9900013510;4026212440430;META CLIP | Fachbodenregal | Doppel-Grundregal | 2500 x 1300 x 300 mm | Fachlast 230 kg | 5+1 Ebenen | verzinkt;;;;
47911;9900013511;4026212440447;META CLIP | Fachbodenregal | Doppel-Grundregal | 2500 x 1300 x 400 mm | Fachlast 230 kg | 5+1 Ebenen | verzinkt;;;;
47912;9900013512;4026212440454;META CLIP | Fachbodenregal | Doppel-Grundregal | 2500 x 1300 x 500 mm | Fachlast 230 kg | 5+1 Ebenen | verzinkt;;;;
47913;9900013513;4026212440461;META CLIP | Fachbodenregal | Doppel-Grundregal | 2500 x 1300 x 600 mm | Fachlast 230 kg | 5+1 Ebenen | verzinkt;;;;
47914;9900013514;4026212440478;META CLIP | Fachbodenregal | Doppel-Grundregal | 2500 x 1300 x 800 mm | Fachlast 230 kg | 5+1 Ebenen | verzinkt;;;;
47915;9900013519;4026212440515;META CLIP | Fachbodenregal | Doppel-Grundregal | 2000 x 1300 x 300 mm | Fachlast 230 kg | 4+1 Ebenen | RAL 7035;;;;
47916;9900013520;4026212440522;META CLIP | Fachbodenregal | Doppel-Grundregal | 2000 x 1300 x 400 mm | Fachlast 230 kg | 4+1 Ebenen | RAL 7035;;;;
47917;9900013521;4026212440539;META CLIP | Fachbodenregal | Doppel-Grundregal | 2000 x 1300 x 500 mm | Fachlast 230 kg | 4+1 Ebenen | RAL 7035;;;;
47918;9900013522;4026212440546;META CLIP | Fachbodenregal | Doppel-Grundregal | 2000 x 1300 x 600 mm | Fachlast 230 kg | 4+1 Ebenen | RAL 7035;;;;
47919;9900013523;4026212440553;META CLIP | Fachbodenregal | Doppel-Grundregal | 2000 x 1300 x 800 mm | Fachlast 230 kg | 4+1 Ebenen | RAL 7035;;;;
47920;9900013524;4026212440560;META CLIP | Fachbodenregal | Doppel-Grundregal | 2500 x 1300 x 300 mm | Fachlast 230 kg | 5+1 Ebenen | RAL 7035;;;;
47921;9900013525;4026212440577;META CLIP | Fachbodenregal | Doppel-Grundregal | 2500 x 1300 x 400 mm | Fachlast 230 kg | 5+1 Ebenen | RAL 7035;;;;
47922;9900013526;4026212440584;META CLIP | Fachbodenregal | Doppel-Grundregal | 2500 x 1300 x 500 mm | Fachlast 230 kg | 5+1 Ebenen | RAL 7035;;;;
47923;9900013527;4026212440591;META CLIP | Fachbodenregal | Doppel-Grundregal | 2500 x 1300 x 600 mm | Fachlast 230 kg | 5+1 Ebenen | RAL 7035;;;;
47924;9900013528;4026212440607;META CLIP | Fachbodenregal | Doppel-Grundregal | 2500 x 1300 x 800 mm | Fachlast 230 kg | 5+1 Ebenen | RAL 7035;;;;
47925;9900013530;4026212440621;META CLIP | Fachbodenregal | Doppel-Anbauregal | 2000 x 1300 x 300 mm | Fachlast 230 kg | 4+1 Ebenen | verzinkt;;;;
47926;9900013531;4026212440638;META CLIP | Fachbodenregal | Doppel-Anbauregal | 2000 x 1300 x 400 mm | Fachlast 230 kg | 4+1 Ebenen | verzinkt;;;;
47927;9900013532;4026212440645;META CLIP | Fachbodenregal | Doppel-Anbauregal | 2000 x 1300 x 500 mm | Fachlast 230 kg | 4+1 Ebenen | verzinkt;;;;
47928;9900013533;4026212440652;META CLIP | Fachbodenregal | Doppel-Anbauregal | 2000 x 1300 x 600 mm | Fachlast 230 kg | 4+1 Ebenen | verzinkt;;;;
47929;9900013534;4026212440669;META CLIP | Fachbodenregal | Doppel-Anbauregal | 2000 x 1300 x 800 mm | Fachlast 230 kg | 4+1 Ebenen | verzinkt;;;;
47930;9900013535;4026212440676;META CLIP | Fachbodenregal | Doppel-Anbauregal | 2500 x 1300 x 300 mm | Fachlast 230 kg | 5+1 Ebenen | verzinkt;;;;
47931;9900013537;4026212440683;META CLIP | Fachbodenregal | Doppel-Anbauregal | 2500 x 1300 x 400 mm | Fachlast 230 kg | 5+1 Ebenen | verzinkt;;;;
47932;9900013538;4026212440690;META CLIP | Fachbodenregal | Doppel-Anbauregal | 2500 x 1300 x 500 mm | Fachlast 230 kg | 5+1 Ebenen | verzinkt;;;;
47933;9900013539;4026212440706;META CLIP | Fachbodenregal | Doppel-Anbauregal | 2500 x 1300 x 600 mm | Fachlast 230 kg | 5+1 Ebenen | verzinkt;;;;
47934;9900013540;4026212440713;META CLIP | Fachbodenregal | Doppel-Anbauregal | 2500 x 1300 x 800 mm | Fachlast 230 kg | 5+1 Ebenen | verzinkt;;;;
47935;9900013541;4026212440720;META CLIP | Fachbodenregal | Doppel-Anbauregal | 2000 x 1300 x 300 mm | Fachlast 230 kg | 4+1 Ebenen | RAL 7035;;;;
47936;9900013542;4026212440737;META CLIP | Fachbodenregal | Doppel-Anbauregal | 2000 x 1300 x 400 mm | Fachlast 230 kg | 4+1 Ebenen | RAL 7035;;;;
47937;9900013543;4026212440744;META CLIP | Fachbodenregal | Doppel-Anbauregal | 2000 x 1300 x 500 mm | Fachlast 230 kg | 4+1 Ebenen | RAL 7035;;;;
47938;9900013544;4026212440751;META CLIP | Fachbodenregal | Doppel-Anbauregal | 2000 x 1300 x 600 mm | Fachlast 230 kg | 4+1 Ebenen | RAL 7035;;;;
47939;9900013545;4026212440768;META CLIP | Fachbodenregal | Doppel-Anbauregal | 2000 x 1300 x 800 mm | Fachlast 230 kg | 4+1 Ebenen | RAL 7035;;;;
47940;9900013546;4026212440775;META CLIP | Fachbodenregal | Doppel-Anbauregal | 2500 x 1300 x 300 mm | Fachlast 230 kg | 5+1 Ebenen | RAL 7035;;;;
47941;9900013548;4026212440782;META CLIP | Fachbodenregal | Doppel-Anbauregal | 2500 x 1300 x 400 mm | Fachlast 230 kg | 5+1 Ebenen | RAL 7035;;;;
47942;9900013549;4026212440799;META CLIP | Fachbodenregal | Doppel-Anbauregal | 2500 x 1300 x 500 mm | Fachlast 230 kg | 5+1 Ebenen | RAL 7035;;;;
47943;9900013550;4026212440805;META CLIP | Fachbodenregal | Doppel-Anbauregal | 2500 x 1300 x 600 mm | Fachlast 230 kg | 5+1 Ebenen | RAL 7035;;;;
47944;9900013551;4026212440812;META CLIP | Fachbodenregal | Doppel-Anbauregal | 2500 x 1300 x 800 mm | Fachlast 230 kg | 5+1 Ebenen | RAL 7035;;;;
47945;9900013553;4026212440829;;;;;
47946;9900013554;4026212440836;;;;;
47947;9900013599;4026212441192;;;;;
47948;9900013600;4026212441208;;;;;
47949;9900013601;4026212441215;MULTIPAL Holmebene 1825 mm | 100/20 | RAL 2001;;;;
47950;9900013602;4026212441222;MULTIPAL Holmebene 1825 mm | 120/20 | RAL 2001;;;;
47951;9900013603;4026212441239;;;;;
47952;9900013604;4026212441246;;;;;
47953;9900013605;4026212441253;MULTIPAL Holmebene 2225 mm | 120/20 | RAL 2001;;;;
47954;9900013606;4026212441260;;;;;
47955;9900013607;4026212441277;;;;;
47956;9900013608;4026212441284;MULTIPAL Holmebene 2700 mm | 100/20 | RAL 2001;;;;
47957;9900013609;4026212441291;MULTIPAL Holmebene 2700 mm | 120/20 | RAL 2001;;;;
47958;9900013610;4026212441307;;;;;
47959;9900013611;4026212441314;;;;;
47960;9900013612;4026212441321;;;;;
47961;9900013613;4026212441338;MULTIPAL Holmebene 3300 mm | 120/20 | RAL 2001;;;;
47962;9900013614;4026212441345;;;;;
47963;9900013615;4026212441352;;;;;
47964;9900013616;4026212441369;MULTIPAL Holmebene 3600 mm | 120/20 | RAL 2001;;;;
47965;9900013617;4026212441376;;;;;
47966;9900013618;4026212441383;;;;;
47967;9900013619;4026212441390;;;;;
47968;9900013620;4026212441406;;;;;
47969;9900013700;4026212442113;META CLIP S3 | Drahtgitterfachbodenregal | Grundregal | 2000 x 1000 x 500 mm | Fachlast 150 kg | 5 Ebenen | verzinkt/RAL 7035;;;;
47970;9900013701;4026212442120;META CLIP S3 | Drahtgitterfachbodenregal | Grundregal | 2000 x 1000 x 600 mm | Fachlast 150 kg | 5 Ebenen | verzinkt/RAL 7035;;;;
47971;9900013702;4026212442137;META CLIP S3 | Drahtgitterfachbodenregal | Grundregal | 2000 x 1000 x 800 mm | Fachlast 150 kg | 5 Ebenen | verzinkt/RAL 7035;;;;
47972;9900013703;4026212442144;META CLIP S3 | Drahtgitterfachbodenregal | Grundregal | 2000 x 1300 x 400 mm | Fachlast 150 kg | 5 Ebenen | verzinkt/RAL 7035;;;;
47973;9900013704;4026212442151;META CLIP S3 | Drahtgitterfachbodenregal | Grundregal | 2000 x 1300 x 500 mm | Fachlast 150 kg | 5 Ebenen | verzinkt/RAL 7035;;;;
47974;9900013705;4026212442168;META CLIP S3 | Drahtgitterfachbodenregal | Grundregal | 2000 x 1300 x 600 mm | Fachlast 150 kg | 5 Ebenen | verzinkt/RAL 7035;;;;
47975;9900013706;4026212442175;META CLIP S3 | Drahtgitterfachbodenregal | Grundregal | 2000 x 1300 x 800 mm | Fachlast 150 kg | 5 Ebenen | verzinkt/RAL 7035;;;;
47976;9900013707;4026212442182;META CLIP S3 | Drahtgitterfachbodenregal | Anbauregal | 2000 x 1000 x 400 mm | Fachlast 150 kg | 5 Ebenen | verzinkt/RAL 7035;;;;
47977;9900013708;4026212442199;META CLIP S3 | Drahtgitterfachbodenregal | Anbauregal | 2000 x 1000 x 500 mm | Fachlast 150 kg | 5 Ebenen | verzinkt/RAL 7035;;;;
47978;9900013709;4026212442205;META CLIP S3 | Drahtgitterfachbodenregal | Anbauregal | 2000 x 1000 x 600 mm | Fachlast 150 kg | 5 Ebenen | verzinkt/RAL 7035;;;;
47979;9900013710;4026212442229;META CLIP S3 | Drahtgitterfachbodenregal | Anbauregal | 2000 x 1000 x 800 mm | Fachlast 150 kg | 5 Ebenen | verzinkt/RAL 7035;;;;
47980;9900013711;4026212442236;META CLIP S3 | Drahtgitterfachbodenregal | Anbauregal | 2000 x 1300 x 400 mm | Fachlast 150 kg | 5 Ebenen | verzinkt/RAL 7035;;;;
47981;9900013712;4026212442243;META CLIP S3 | Drahtgitterfachbodenregal | Anbauregal | 2000 x 1300 x 500 mm | Fachlast 150 kg | 5 Ebenen | verzinkt/RAL 7035;;;;
47982;9900013713;4026212442267;META CLIP S3 | Drahtgitterfachbodenregal | Anbauregal | 2000 x 1300 x 600 mm | Fachlast 150 kg | 5 Ebenen | verzinkt/RAL 7035;;;;
47983;9900013714;4026212442274;META CLIP S3 | Drahtgitterfachbodenregal | Anbauregal | 2000 x 1300 x 800 mm | Fachlast 150 kg | 5 Ebenen | verzinkt/RAL 7035;;;;
47984;9900013715;4026212442281;;;;;
47985;9900013716;4026212442298;;;;;
47986;9900013717;4026212442304;;;;;
47987;9900013718;4026212442311;;;;;
47988;9900013719;4026212442328;;;;;
47989;9900013720;4026212442335;;;;;
47990;9900013721;4026212442342;;;;;
47991;9900013722;4026212442359;;;;;
47992;9900013755;4026212442519;10x Fachteiler durchgehend | 600 x 800 mm | verzinkt;;;;
47993;9900013793;4026212442847;;;;;
47994;9900013794;4026212442854;;;;;
47995;9900013795;4026212442861;;;;;
47996;9900013816;4026212443004;;;;;
47997;9900013817;4026212443011;;;;;
47998;9900013818;4026212443028;;;;;
47999;9900013819;4026212443035;;;;;
48000;9900013820;4026212443042;;;;;
48001;9900013821;4026212443059;;;;;
48002;9900013823;4026212443066;;;;;
48003;9900013824;4026212443073;;;;;
48004;9900013826;4026212443080;;;;;
48005;9900013827;4026212443097;;;;;
48006;9900013828;4026212443103;;;;;
48007;9900013829;4026212443110;;;;;
48093;9900014072;4026212444704;;;;;
48152;200177849;4026212287080;;;;;
48257;2002605;4026212046809;;;;;
48349;9900014295;4026212445916;;;;;
48352;20089912;4026212232004;;;;;
48353;20089913;4026212232011;;;;;
48354;20089914;4026212232028;;;;;
48355;20089915;4026212232035;;;;;
48356;20089918;4026212232066;;;;;
48357;20089919;4026212232073;;;;;
48364;9900008460;4026212409277;;;;;
48365;9900008461;4026212409284;;;;;
48366;9900008462;4026212409291;;;;;
48367;9900008463;4026212409307;;;;;
48368;9900008465;4026212409321;;;;;
48369;9900008466;4026212409338;;;;;
48370;9900008467;4026212409345;;;;;
48371;9900008468;4026212409352;;;;;
48372;9900013912;4026212443608;META CLIP | Regalwagen mit Fachböden | 1500 x 1000 x 500 mm | 100 kg | verzinkt;;;;
48373;9900013913;4026212443615;META CLIP | Regalwagen für Reifen | 1850 x 1300 x 400 mm | 150 kg | verzinkt;;;;
48374;20091268;4026212238631;;;;;
48375;9900008459;4026212409260;;;;;
48380;9900014325;4026212446128;;;;;
48381;9900014326;4026212446135;;;;;
48382;9900014327;4026212446142;;;;;
48383;9900014330;4026212446166;;;;;
48384;9900014331;4026212446173;;;;;
48392;9900014184;4026212445282;;;;;
48393;9900014185;4026212445299;;;;;
48394;9900014207;4026212445411;;;;;
48395;9900014209;4026212445428;;;;;
48396;9900014210;4026212445435;;;;;
48397;9900014215;4026212445459;;;;;
48398;9900014216;4026212445466;;;;;
48399;9900014218;4026212445480;;;;;
48400;9900014235;4026212445589;;;;;
48401;9900014236;4026212445596;;;;;
48402;9900014237;4026212445602;;;;;
48403;9900014238;4026212445619;;;;;
48404;9900014239;4026212445626;;;;;
48405;9900014240;4026212445633;;;;;
48407;9900008464;4026212409314;;;;;
48408;9900014419;4026212446647;;;;;
48409;9900014420;4026212446654;;;;;
48410;20097964;4026212276077;;;;;
48411;9900014572;4026212447620;;;;;
48412;9900014352;4026212446265;;;;;
48413;9900014354;4026212446272;;;;;
48414;9900014355;4026212446289;;;;;
48415;9900014356;4026212446296;;;;;
48416;9900014357;4026212446302;;;;;
48417;9900014358;4026212446319;;;;;
48418;9900014359;4026212446326;;;;;
48419;9900014360;4026212446333;;;;;
48420;9900014601;4026212447811;;;;;
48421;9900014602;4026212447828;;;;;
48430;9900014751;4026212448900;META CLIP | Fachbodenregal | Grundregal | 2000 x 750 x 300 mm | Fachlast 150 kg | 4+1 Ebenen | verzinkt;;;;
48431;9900014752;4026212448917;META CLIP | Fachbodenregal | Grundregal | 2000 x 750 x 400 mm | Fachlast 150 kg | 4+1 Ebenen | RAL 7035;;;;
48432;9900014753;4026212448924;META CLIP | Fachbodenregal | Grundregal | 2000 x 750 x 400 mm | Fachlast 150 kg | 4+1 Ebenen | verzinkt;;;;
48433;9900014754;4026212448931;META CLIP | Fachbodenregal | Grundregal | 2000 x 750 x 500 mm | Fachlast 150 kg | 4+1 Ebenen | RAL 7035;;;;
48434;9900014755;4026212448948;META CLIP | Fachbodenregal | Grundregal | 2000 x 750 x 500 mm | Fachlast 150 kg | 4+1 Ebenen | verzinkt;;;;
48435;9900014756;4026212448955;META CLIP | Fachbodenregal | Grundregal | 2000 x 750 x 600 mm | Fachlast 150 kg | 4+1 Ebenen | RAL 7035;;;;
48436;9900014757;4026212448962;META CLIP | Fachbodenregal | Grundregal | 2000 x 750 x 600 mm | Fachlast 150 kg | 4+1 Ebenen | verzinkt;;;;
48437;9900014758;4026212448979;META CLIP | Fachbodenregal | Grundregal | 2500 x 750 x 300 mm | Fachlast 150 kg | 5+1 Ebenen | RAL 7035;;;;
48438;9900014759;4026212448986;META CLIP | Fachbodenregal | Grundregal | 2500 x 750 x 300 mm | Fachlast 150 kg | 5+1 Ebenen | verzinkt;;;;
48439;9900014760;4026212449006;META CLIP | Fachbodenregal | Grundregal | 2500 x 750 x 400 mm | Fachlast 150 kg | 5+1 Ebenen | RAL 7035;;;;
48440;9900014761;4026212449013;META CLIP | Fachbodenregal | Grundregal | 2500 x 750 x 400 mm | Fachlast 150 kg | 5+1 Ebenen | verzinkt;;;;
48441;9900014762;4026212449044;META CLIP | Fachbodenregal | Grundregal | 2500 x 750 x 500 mm | Fachlast 150 kg | 5+1 Ebenen | RAL 7035;;;;
48442;9900014763;4026212449051;META CLIP | Fachbodenregal | Grundregal | 2500 x 750 x 500 mm | Fachlast 150 kg | 5+1 Ebenen | verzinkt;;;;
48443;9900014764;4026212449068;META CLIP | Fachbodenregal | Grundregal | 2500 x 750 x 600 mm | Fachlast 150 kg | 5+1 Ebenen | RAL 7035;;;;
48444;9900014765;4026212449075;META CLIP | Fachbodenregal | Grundregal | 2500 x 750 x 600 mm | Fachlast 150 kg | 5+1 Ebenen | verzinkt;;;;
48445;9900014766;4026212449082;META CLIP | Fachbodenregal | Grundregal | 3000 x 750 x 300 mm | Fachlast 150 kg | 6+1 Ebenen | RAL 7035;;;;
48446;9900014767;4026212449600;META CLIP | Fachbodenregal | Grundregal | 3000 x 750 x 300 mm | Fachlast 150 kg | 6+1 Ebenen | verzinkt;;;;
48447;9900014768;4026212450095;META CLIP | Fachbodenregal | Grundregal | 3000 x 750 x 400 mm | Fachlast 150 kg | 6+1 Ebenen | RAL 7035;;;;
48448;9900014769;4026212450088;META CLIP | Fachbodenregal | Grundregal | 3000 x 750 x 400 mm | Fachlast 150 kg | 6+1 Ebenen | verzinkt;;;;
48449;9900014770;4026212450071;META CLIP | Fachbodenregal | Grundregal | 3000 x 750 x 500 mm | Fachlast 150 kg | 6+1 Ebenen | RAL 7035;;;;
48450;9900014771;4026212450101;META CLIP | Fachbodenregal | Grundregal | 3000 x 750 x 500 mm | Fachlast 150 kg | 6+1 Ebenen | verzinkt;;;;
48451;9900014772;4026212450132;META CLIP | Fachbodenregal | Grundregal | 3000 x 750 x 600 mm | Fachlast 150 kg | 6+1 Ebenen | RAL 7035;;;;
48452;9900014773;4026212450156;META CLIP | Fachbodenregal | Grundregal | 3000 x 750 x 600 mm | Fachlast 150 kg | 6+1 Ebenen | verzinkt;;;;
48453;9900014774;4026212450163;;;;;
48454;9900014775;4026212450170;;;;;
48455;9900014776;4026212450187;;;;;
48456;9900014777;4026212450194;;;;;
48457;9900014778;4026212450200;;;;;
48458;9900014779;4026212450217;;;;;
48459;9900014780;4026212450224;;;;;
48460;9900014781;4026212450231;;;;;
48461;9900014783;4026212449297;META CLIP S3 | Fachbodenregal | Anbauregal | 2000 x 750 x 300 mm | Fachlast 150 kg | 4+1 Ebenen | verzinkt;;;;
48462;9900014784;4026212449303;META CLIP S3 | Fachbodenregal | Anbauregal | 2000 x 750 x 400 mm | Fachlast 150 kg | 4+1 Ebenen | RAL 7035;;;;
48463;9900014785;4026212449310;META CLIP S3 | Fachbodenregal | Anbauregal | 2000 x 750 x 400 mm | Fachlast 150 kg | 4+1 Ebenen | verzinkt;;;;
48464;9900014786;4026212449327;META CLIP S3 | Fachbodenregal | Anbauregal | 2000 x 750 x 500 mm | Fachlast 150 kg | 4+1 Ebenen | RAL 7035;;;;
48465;9900014787;4026212449334;META CLIP S3 | Fachbodenregal | Anbauregal | 2000 x 750 x 500 mm | Fachlast 150 kg | 4+1 Ebenen | verzinkt;;;;
48466;9900014789;4026212449341;META CLIP S3 | Fachbodenregal | Anbauregal | 2000 x 750 x 600 mm | Fachlast 150 kg | 4+1 Ebenen | RAL 7035;;;;
48467;9900014790;4026212449358;META CLIP S3 | Fachbodenregal | Anbauregal | 2000 x 750 x 600 mm | Fachlast 150 kg | 4+1 Ebenen | verzinkt;;;;
48468;9900014792;4026212449372;META CLIP S3 | Fachbodenregal | Anbauregal | 2500 x 750 x 300 mm | Fachlast 150 kg | 5+1 Ebenen | verzinkt;;;;
48469;9900014793;4026212449389;META CLIP S3 | Fachbodenregal | Anbauregal | 2500 x 750 x 400 mm | Fachlast 150 kg | 5+1 Ebenen | RAL 7035;;;;
48470;9900014794;4026212449396;META CLIP S3 | Fachbodenregal | Anbauregal | 2500 x 750 x 400 mm | Fachlast 150 kg | 5+1 Ebenen | verzinkt;;;;
48471;9900014795;4026212449402;META CLIP S3 | Fachbodenregal | Anbauregal | 2500 x 750 x 500 mm | Fachlast 150 kg | 5+1 Ebenen | RAL 7035;;;;
48472;9900014796;4026212449419;META CLIP S3 | Fachbodenregal | Anbauregal | 2500 x 750 x 500 mm | Fachlast 150 kg | 5+1 Ebenen | verzinkt;;;;
48473;9900014797;4026212449426;META CLIP S3 | Fachbodenregal | Anbauregal | 2500 x 750 x 600 mm | Fachlast 150 kg | 5+1 Ebenen | RAL 7035;;;;
48474;9900014798;4026212449433;META CLIP S3 | Fachbodenregal | Anbauregal | 2500 x 750 x 600 mm | Fachlast 150 kg | 5+1 Ebenen | verzinkt;;;;
48475;9900014800;4026212449457;META CLIP S3 | Fachbodenregal | Grundregal | 2000 x 750 x 300 mm | Fachlast 150 kg | 4+1 Ebenen | verzinkt;;;;
48476;9900014801;4026212449464;META CLIP S3 | Fachbodenregal | Grundregal | 2000 x 750 x 400 mm | Fachlast 150 kg | 4+1 Ebenen | RAL 7035;;;;
48477;9900014802;4026212449471;META CLIP S3 | Fachbodenregal | Grundregal | 2000 x 750 x 400 mm | Fachlast 150 kg | 4+1 Ebenen | verzinkt;;;;
48478;9900014803;4026212449488;META CLIP S3 | Fachbodenregal | Grundregal | 2000 x 750 x 500 mm | Fachlast 150 kg | 4+1 Ebenen | RAL 7035;;;;
48479;9900014804;4026212449495;META CLIP S3 | Fachbodenregal | Grundregal | 2000 x 750 x 500 mm | Fachlast 150 kg | 4+1 Ebenen | verzinkt;;;;
48480;9900014805;4026212449501;META CLIP S3 | Fachbodenregal | Grundregal | 2000 x 750 x 600 mm | Fachlast 150 kg | 4+1 Ebenen | RAL 7035;;;;
48481;9900014806;4026212449518;META CLIP S3 | Fachbodenregal | Grundregal | 2000 x 750 x 600 mm | Fachlast 150 kg | 4+1 Ebenen | verzinkt;;;;
48482;9900014808;4026212449532;META CLIP S3 | Fachbodenregal | Grundregal | 2500 x 750 x 300 mm | Fachlast 150 kg | 5+1 Ebenen | verzinkt;;;;
48483;9900014809;4026212449549;META CLIP S3 | Fachbodenregal | Grundregal | 2500 x 750 x 400 mm | Fachlast 150 kg | 5+1 Ebenen | RAL 7035;;;;
48484;9900014810;4026212449556;META CLIP S3 | Fachbodenregal | Grundregal | 2500 x 750 x 400 mm | Fachlast 150 kg | 5+1 Ebenen | verzinkt;;;;
48485;9900014811;4026212449563;META CLIP S3 | Fachbodenregal | Grundregal | 2500 x 750 x 500 mm | Fachlast 150 kg | 5+1 Ebenen | RAL 7035;;;;
48486;9900014812;4026212449570;META CLIP S3 | Fachbodenregal | Grundregal | 2500 x 750 x 500 mm | Fachlast 150 kg | 5+1 Ebenen | verzinkt;;;;
48487;9900014813;4026212449587;META CLIP S3 | Fachbodenregal | Grundregal | 2500 x 750 x 600 mm | Fachlast 150 kg | 5+1 Ebenen | RAL 7035;;;;
48488;9900014814;4026212449594;META CLIP S3 | Fachbodenregal | Grundregal | 2500 x 750 x 600 mm | Fachlast 150 kg | 5+1 Ebenen | verzinkt;;;;
48489;9900014720;4026212448634;META CLIP | Fachbodenregal | Anbauregal | 2000 x 750 x 300 mm | Fachlast 150 kg | 4+1 Ebenen | RAL 7035;;;;
48490;9900014722;4026212448641;META CLIP | Fachbodenregal | Anbauregal | 2000 x 750 x 300 mm | Fachlast 150 kg | 4+1 Ebenen | verzinkt;;;;
48491;9900014724;4026212448658;META CLIP | Fachbodenregal | Anbauregal | 2000 x 750 x 400 mm | Fachlast 150 kg | 4+1 Ebenen | RAL 7035;;;;
48492;9900014725;4026212448665;META CLIP | Fachbodenregal | Anbauregal | 2000 x 750 x 400 mm | Fachlast 150 kg | 4+1 Ebenen | verzinkt;;;;
48493;9900014726;4026212448672;META CLIP | Fachbodenregal | Anbauregal | 2000 x 750 x 500 mm | Fachlast 150 kg | 4+1 Ebenen | RAL 7035;;;;
48494;9900014727;4026212448689;META CLIP | Fachbodenregal | Anbauregal | 2000 x 750 x 500 mm | Fachlast 150 kg | 4+1 Ebenen | verzinkt;;;;
48495;9900014729;4026212448696;META CLIP | Fachbodenregal | Anbauregal | 2000 x 750 x 600 mm | Fachlast 150 kg | 4+1 Ebenen | RAL 7035;;;;
48496;9900014730;4026212448702;META CLIP | Fachbodenregal | Anbauregal | 2000 x 750 x 600 mm | Fachlast 150 kg | 4+1 Ebenen | verzinkt;;;;
48497;9900014733;4026212448719;META CLIP | Fachbodenregal | Anbauregal | 2500 x 750 x 300 mm | Fachlast 150 kg | 5+1 Ebenen | RAL 7035;;;;
48498;9900014734;4026212448726;META CLIP | Fachbodenregal | Anbauregal | 2500 x 750 x 300 mm | Fachlast 150 kg | 5+1 Ebenen | verzinkt;;;;
48499;9900014736;4026212448733;META CLIP | Fachbodenregal | Anbauregal | 2500 x 750 x 400 mm | Fachlast 150 kg | 5+1 Ebenen | RAL 7035;;;;
48500;9900014737;4026212448740;META CLIP | Fachbodenregal | Anbauregal | 2500 x 750 x 400 mm | Fachlast 150 kg | 5+1 Ebenen | verzinkt;;;;
48501;9900014738;4026212448757;META CLIP | Fachbodenregal | Anbauregal | 2500 x 750 x 500 mm | Fachlast 150 kg | 5+1 Ebenen | RAL 7035;;;;
48502;9900014739;4026212448764;META CLIP | Fachbodenregal | Anbauregal | 2500 x 750 x 500 mm | Fachlast 150 kg | 5+1 Ebenen | verzinkt;;;;
48503;9900014740;4026212448771;META CLIP | Fachbodenregal | Anbauregal | 2500 x 750 x 600 mm | Fachlast 150 kg | 5+1 Ebenen | RAL 7035;;;;
48504;9900014741;4026212448788;META CLIP | Fachbodenregal | Anbauregal | 2500 x 750 x 600 mm | Fachlast 150 kg | 5+1 Ebenen | verzinkt;;;;
48505;9900014742;4026212448795;META CLIP | Fachbodenregal | Anbauregal | 3000 x 750 x 300 mm | Fachlast 150 kg | 6+1 Ebenen | RAL 7035;;;;
48506;9900014743;4026212448801;META CLIP | Fachbodenregal | Anbauregal | 3000 x 750 x 300 mm | Fachlast 150 kg | 6+1 Ebenen | verzinkt;;;;
48507;9900014744;4026212448818;META CLIP | Fachbodenregal | Anbauregal | 3000 x 750 x 400 mm | Fachlast 150 kg | 6+1 Ebenen | RAL 7035;;;;
48508;9900014745;4026212448825;META CLIP | Fachbodenregal | Anbauregal | 3000 x 750 x 400 mm | Fachlast 150 kg | 6+1 Ebenen | verzinkt;;;;
48509;9900014746;4026212448832;META CLIP | Fachbodenregal | Anbauregal | 3000 x 750 x 500 mm | Fachlast 150 kg | 6+1 Ebenen | RAL 7035;;;;
48510;9900014747;4026212448849;META CLIP | Fachbodenregal | Anbauregal | 3000 x 750 x 500 mm | Fachlast 150 kg | 6+1 Ebenen | verzinkt;;;;
48511;9900014748;4026212448856;META CLIP | Fachbodenregal | Anbauregal | 3000 x 750 x 600 mm | Fachlast 150 kg | 6+1 Ebenen | RAL 7035;;;;
48512;9900014749;4026212448863;META CLIP | Fachbodenregal | Anbauregal | 3000 x 750 x 600 mm | Fachlast 150 kg | 6+1 Ebenen | verzinkt;;;;
48513;9900014750;4026212448870;META CLIP | Fachbodenregal | Grundregal | 2000 x 750 x 300 mm | Fachlast 150 kg | 4+1 Ebenen | RAL 7035;;;;
48519;9900015059;4026212450903;;;;;
48526;9900015316;4026212452457;META CLIP | Fachbodenregal | Grundregal | 2000 x 1000 x 400 mm | Fachlast 150 kg | 4+1 Ebenen | RAL 9005;;;;
48527;9900015317;4026212452464;META CLIP | Fachbodenregal | Anbauregal | 2000 x 1000 x 400 mm | Fachlast 150 kg | 4+1 Ebenen | RAL 9005;;;;
48528;9900015318;4026212452471;META CLIP | Fachbodenregal | Grundregal | 2000 x 1000 x 500 mm | Fachlast 150 kg | 4+1 Ebenen | RAL 9005;;;;
48529;9900015319;4026212452488;META CLIP | Fachbodenregal | Anbauregal | 2000 x 1000 x 500 mm | Fachlast 150 kg | 4+1 Ebenen | RAL 9005;;;;
48530;9900015320;4026212452495;META CLIP | Fachbodenregal | Grundregal | 2000 x 1000 x 600 mm | Fachlast 150 kg | 4+1 Ebenen | RAL 9005;;;;
48531;9900015321;4026212452501;META CLIP | Fachbodenregal | Anbauregal | 2000 x 1000 x 600 mm | Fachlast 150 kg | 4+1 Ebenen | RAL 9005;;;;
48532;9900015322;4026212452518;META CLIP | Fachbodenregal | Grundregal | 2500 x 1000 x 400 mm | Fachlast 150 kg | 5+1 Ebenen | RAL 9005;;;;
48533;9900015323;4026212452525;META CLIP | Fachbodenregal | Anbauregal | 2500 x 1000 x 400 mm | Fachlast 150 kg | 5+1 Ebenen | RAL 9005;;;;
48534;9900015324;4026212452532;META CLIP | Fachbodenregal | Grundregal | 2500 x 1000 x 500 mm | Fachlast 150 kg | 5+1 Ebenen | RAL 9005;;;;
48535;9900015325;4026212452549;META CLIP | Fachbodenregal | Anbauregal | 2500 x 1000 x 500 mm | Fachlast 150 kg | 5+1 Ebenen | RAL 9005;;;;
48536;9900015326;4026212452556;META CLIP | Fachbodenregal | Grundregal | 2500 x 1000 x 600 mm | Fachlast 150 kg | 5+1 Ebenen | RAL 9005;;;;
48537;9900015327;4026212452563;META CLIP | Fachbodenregal | Anbauregal | 2500 x 1000 x 600 mm | Fachlast 150 kg | 5+1 Ebenen | RAL 9005;;;;
48538;9900015328;4026212452570;;;;;
48555;200102588;4026212000597;;;;;
48556;20049223;4026212054040;;;;;
48557;20056889;4026212072211;;;;;
48558;2005999;4026212076479;;;;;
48559;20075860;4026212123715;;;;;
48560;20088617;4026212223187;;;;;
48561;20096118;4026212267396;;;;;
48562;20098166;4026212276947;;;;;
48563;20092066;4026212301861;;;;;
48564;200181525;4026212303155;;;;;
48565;200182912;4026212310887;;;;;
48566;200182913;4026212310894;;;;;
48567;9900003141;4026212371260;;;;;
48568;9900004091;4026212379495;;;;;
48569;20092058;4026212382495;;;;;
48570;20092059;4026212382501;;;;;
48571;20092072;4026212382549;;;;;
48572;9900010540;4026212420609;;;;;
48573;9900010543;4026212420630;;;;;
48574;9900010544;4026212420647;;;;;
48575;9900010545;4026212420654;;;;;
48576;9900010546;4026212420661;;;;;
48581;9900010301;4026212418194;;;;;
48582;9900010302;4026212418200;;;;;
48583;9900010303;4026212418217;;;;;
48584;9900010304;4026212418224;;;;;
48585;9900010305;4026212418231;;;;;
48586;9900010306;4026212418248;;;;;
48587;9900010307;4026212418255;;;;;
48588;9900010308;4026212418262;;;;;
48589;9900010312;4026212418309;;;;;
48590;9900010313;4026212418316;;;;;
48591;9900010314;4026212418323;;;;;
48592;9900010315;4026212418330;;;;;
48593;9900010316;4026212418347;;;;;
48594;9900010317;4026212418354;;;;;
48595;9900010318;4026212418361;;;;;
48596;9900010319;4026212418378;;;;;
48597;9900010320;4026212418385;;;;;
48598;9900010321;4026212418392;;;;;
48599;9900010322;4026212418408;;;;;
48600;9900010323;4026212418415;;;;;
48601;9900010324;4026212418422;;;;;
48602;9900010325;4026212418439;;;;;
48603;9900010326;4026212418446;;;;;
48604;9900010327;4026212418453;;;;;
48605;9900010328;4026212418460;;;;;
48607;9900010330;4026212418484;;;;;
48609;9900010332;4026212418507;;;;;
48611;9900010334;4026212418521;;;;;
48612;9900010335;4026212418538;;;;;
48614;9900010337;4026212418552;;;;;
48615;9900010338;4026212418569;;;;;
48617;9900010340;4026212418583;;;;;
48618;9900010341;4026212418590;;;;;
48619;9900010342;4026212418606;;;;;
48620;9900010343;4026212418613;;;;;
48621;9900010344;4026212418620;;;;;
48622;9900010345;4026212418637;;;;;
48623;9900010347;4026212418651;;;;;
48624;9900010348;4026212418668;;;;;
48625;9900010349;4026212418675;;;;;
48626;9900010350;4026212418682;;;;;
48627;9900010351;4026212418699;;;;;
48628;9900010352;4026212418705;;;;;
48629;9900010353;4026212418712;;;;;
48630;9900010354;4026212418729;;;;;
48631;9900010355;4026212418736;;;;;
48632;9900010356;4026212418743;;;;;
48633;9900010357;4026212418750;;;;;
48634;9900010358;4026212418767;;;;;
48635;9900010359;4026212418774;;;;;
48636;9900010360;4026212418781;;;;;
48637;9900010361;4026212418798;;;;;
48638;9900010362;4026212418804;;;;;
48639;9900010363;4026212418811;;;;;
48640;9900010364;4026212418828;;;;;
48641;9900010365;4026212418835;;;;;
48642;9900010366;4026212418842;;;;;
48645;9900010369;4026212418873;;;;;
48648;9900010372;4026212418903;;;;;
48649;9900010373;4026212418910;;;;;
48650;9900010374;4026212418927;;;;;
48651;9900010375;4026212418934;;;;;
48652;9900010376;4026212418941;;;;;
48653;9900010377;4026212418958;;;;;
48654;9900010378;4026212418965;;;;;
48655;9900010379;4026212418972;;;;;
48656;9900010380;4026212418989;;;;;
48657;9900010381;4026212418996;;;;;
48658;9900010382;4026212419009;;;;;
48659;9900010384;4026212419023;;;;;
48660;9900010385;4026212419030;;;;;
48661;9900010386;4026212419047;;;;;
48662;9900010387;4026212419054;;;;;
48663;9900010388;4026212419061;;;;;
48668;9900010393;4026212419115;;;;;
48669;9900010394;4026212419122;;;;;
48670;9900010395;4026212419139;;;;;
48671;9900010396;4026212419146;;;;;
48672;9900010397;4026212419153;;;;;
48673;9900010398;4026212419160;;;;;
48674;9900010399;4026212419177;;;;;
48675;9900010401;4026212419191;;;;;
48676;9900010402;4026212419207;;;;;
48677;9900010403;4026212419214;;;;;
48678;9900010404;4026212419221;;;;;
48679;9900010405;4026212419238;;;;;
48680;9900010406;4026212419245;;;;;
48681;9900010407;4026212419252;;;;;
48682;9900010408;4026212419269;;;;;
48683;9900010409;4026212419276;;;;;
48684;9900010410;4026212419283;;;;;
48685;9900010411;4026212419290;;;;;
48686;9900010412;4026212419306;;;;;
48687;9900010413;4026212419313;;;;;
48688;9900010414;4026212419320;;;;;
48689;9900010415;4026212419337;;;;;
48690;9900010416;4026212419344;;;;;
48691;9900010417;4026212419351;;;;;
48692;9900010418;4026212419368;;;;;
48693;9900010419;4026212419375;;;;;
48694;9900010420;4026212419382;;;;;
48695;9900010421;4026212419399;;;;;
48696;9900010422;4026212419405;;;;;
48697;9900010423;4026212419412;;;;;
48702;9900010428;4026212419467;;;;;
48703;9900010429;4026212419474;;;;;
48704;9900010430;4026212419481;;;;;
48709;9900010435;4026212419535;;;;;
48710;9900010436;4026212419542;;;;;
48714;9900010442;4026212419603;;;;;
48715;9900010446;4026212419641;;;;;
48717;9900010448;4026212419665;;;;;
48718;9900010449;4026212419672;;;;;
48719;9900010450;4026212419689;;;;;
48720;9900010451;4026212419696;;;;;
48721;9900010452;4026212419702;;;;;
48722;9900010453;4026212419719;;;;;
48723;9900010454;4026212419726;;;;;
48724;9900010455;4026212419733;;;;;
48725;9900010456;4026212419740;;;;;
48726;9900010457;4026212419757;;;;;
48727;9900010458;4026212419764;;;;;
48728;9900010459;4026212419771;;;;;
48729;9900010460;4026212419788;;;;;
48730;9900010461;4026212419795;;;;;
48731;9900010462;4026212419801;;;;;
48732;9900010463;4026212419818;;;;;
48734;9900010468;4026212419863;;;;;
48736;9900010470;4026212419887;;;;;
48737;9900010472;4026212419900;;;;;
48738;9900010473;4026212419917;;;;;
48739;9900010474;4026212419924;;;;;
48740;9900010475;4026212419931;;;;;
48741;9900010476;4026212419948;;;;;
48742;9900010477;4026212419955;;;;;
48743;9900010478;4026212419962;;;;;
48744;9900010479;4026212419979;;;;;
48745;9900010480;4026212419986;;;;;
48746;9900010481;4026212419993;;;;;
48747;9900010482;4026212420005;;;;;
48748;9900010483;4026212420012;;;;;
48749;9900010484;4026212420029;;;;;
48757;20013037;4006209501269;;;;;
48758;200179564;4006209948774;;;;;
48759;200102882;4026212001129;Sechskantmutter M10 DIN 985-8 St selbstsichernd vzk niedrige Form mit Nyloneinlage 123;;;;
48760;20011048;4026212004106;;;;;
48761;20011058;4026212004113;;;;;
48762;20015360;4026212014600;;;;;
48763;2001895;4026212044423;;;;;
48764;2001897;4026212044430;;;;;
48765;20041271;4026212047905;;;;;
48766;20041272;4026212047912;;;;;
48767;20041273;4026212047929;;;;;
48768;20041689;4026212048070;;;;;
48769;20044345;4026212049749;;;;;
48770;20044346;4026212049756;;;;;
48771;200466;4026212050578;;;;;
48772;200467;4026212050585;;;;;
48773;200468;4026212050608;;;;;
48774;20048812;4026212053678;;;;;
48775;20048818;4026212053685;;;;;
48776;20048819;4026212053692;;;;;
48777;20048912;4026212053722;;;;;
48778;20049051;4026212053814;;;;;
48779;20051389;4026212059076;;;;;
48780;20052108;4026212060065;;;;;
48781;20052109;4026212060072;;;;;
48782;20052397;4026212062403;;;;;
48783;20053537;4026212063783;Sechskantschraube M10 x 30mm DIN 933 8.8 vzk mit Gewinde bis Kopf;;;;
48784;20053855;4026212064674;;;;;
48785;20054294;4026212064964;;;;;
48786;20054311;4026212065039;;;;;
48787;20054315;4026212065053;;;;;
48788;2005438;4026212065152;;;;;
48789;2005439;4026212065169;;;;;
48790;2005980;4026212076257;;;;;
48791;2005987;4026212076356;;;;;
48792;2005990;4026212076387;;;;;
48793;20060554;4026212077537;;;;;
48794;20061305;4026212078732;;;;;
48798;20061806;4026212079517;;;;;
48799;20063690;4026212082135;;;;;
48800;20064307;4026212082562;;;;;
48802;20073970;4026212111927;;;;;
48803;20073971;4026212111934;;;;;
48804;20073972;4026212111941;;;;;
48805;20074044;4026212112085;;;;;
48806;20074045;4026212112092;;;;;
48807;20074046;4026212112108;;;;;
48808;20074078;4026212112160;;;;;
48809;20074137;4026212112436;;;;;
48810;20074139;4026212112450;;;;;
48811;20074140;4026212112467;;;;;
48812;20077703;4026212133929;;;;;
48813;20077704;4026212133936;;;;;
48814;20077706;4026212133943;;;;;
48815;20077709;4026212133974;;;;;
48816;20077710;4026212133981;;;;;
48817;20077712;4026212133998;;;;;
48818;20077759;4026212134278;;;;;
48819;20077760;4026212134285;;;;;
48820;20077761;4026212134292;;;;;
48821;20077764;4026212134322;;;;;
48822;20077765;4026212134339;;;;;
48823;20077766;4026212134346;;;;;
48824;20078062;4026212135220;;;;;
48825;20078896;4026212136968;;;;;
48826;20078897;4026212136975;;;;;
48827;20078914;4026212136982;;;;;
48828;20078915;4026212136999;;;;;
48829;20079579;4026212139099;;;;;
48830;20079580;4026212139112;;;;;
48831;20080457;4026212141672;;;;;
48832;20080463;4026212141696;;;;;
48833;20080641;4026212141979;;;;;
48834;20080642;4026212141986;;;;;
48835;20080643;4026212141993;;;;;
48836;20080646;4026212142020;;;;;
48837;20080647;4026212142037;;;;;
48838;20080648;4026212142044;;;;;
48839;20081628;4026212145373;;;;;
48840;200172996;4026212163957;;;;;
48841;200173216;4026212167429;;;;;
48842;20085054;4026212170252;;;;;
48843;20080963;4026212171655;;;;;
48844;200173765;4026212176001;;;;;
48845;20075998;4026212198881;;;;;
48846;20060316;4026212201567;;;;;
48847;20087596;4026212211153;;;;;
48848;20087000;4026212211207;;;;;
48849;20084808;4026212212266;;;;;
48850;20075987;4026212221275;;;;;
48851;20088379;4026212222029;LEITZ META COMPACT | Archivregal | Anbauregal | 2200 x 1000 x 300 mm | verzinkt;;;;
48852;20088380;4026212222036;LEITZ META COMPACT | Pendelhefterregal | Grundregal | 2200 x 1000 x 300 mm | verzinkt;;;;
48853;20088381;4026212222043;LEITZ META COMPACT | Pendelhefterregal | Anbauregal | 2200 x 1000 x 300 mm | verzinkt;;;;
48854;20088382;4026212222050;;;;;
48855;20088383;4026212222067;;;;;
48856;20088618;4026212223194;;;;;
48857;20090163;4026212233582;;;;;
48858;20051400;4026212236309;;;;;
48859;20088378;4026212241037;LEITZ META COMPACT | Archivregal | Grundregal | 2200 x 1000 x 300 mm | verzinkt;;;;
48860;20048913;4026212247954;;;;;
48861;20064306;4026212257304;;;;;
48862;20094601;4026212257809;;;;;
48863;20095726;4026212265576;;;;;
48864;20095787;4026212265842;;;;;
48865;20096133;4026212267402;ULLNER META CLIP SET | Fachbodenregal | Grundregal | 2000 x 1000 x 400 mm | Fachlast 150 kg | 3+1 Ebenen | verzinkt;;;;
48866;20096134;4026212267419;ULLNER META CLIP SET | Fachbodenregal | Anbauregal | 2000 x 1000 x 400 mm | Fachlast 150 kg | 3+1 Ebenen | verzinkt;;;;
48867;20096136;4026212267426;ULLNER META CLIP SET | Fachbodenregal | Grundregal | 2000 x 1000 x 500 mm | Fachlast 150 kg | 3+1 Ebenen | verzinkt;;;;
48868;20096137;4026212267433;ULLNER META CLIP SET | Fachbodenregal | Anbauregal | 2000 x 1000 x 500 mm | Fachlast 150 kg | 3+1 Ebenen | verzinkt;;;;
48869;20096138;4026212267440;ULLNER META CLIP SET | Fachbodenregal | Grundregal | 2000 x 1000 x 600 mm | Fachlast 150 kg | 3+1 Ebenen | verzinkt;;;;
48870;20096139;4026212267457;ULLNER META CLIP SET | Fachbodenregal | Anbauregal | 2000 x 1000 x 600 mm | Fachlast 150 kg | 3+1 Ebenen | verzinkt;;;;
48871;20096362;4026212268669;;;;;
48872;20096363;4026212268676;;;;;
48873;20096364;4026212268683;;;;;
48874;20096918;4026212271041;META FIX SET | Fachbodenregal | Anbauregal | 2000 x 1000 x 500 mm | Fachlast 150 kg | 4 Ebenen | verzinkt;;;;
48875;20096917;4026212271058;META FIX SET | Fachbodenregal | Grundregal | 2000 x 1000 x 500 mm | Fachlast 150 kg | 4 Ebenen | verzinkt;;;;
48876;20097963;4026212276060;;;;;
48877;20081008;4026212277074;;;;;
48878;20098559;4026212278231;;;;;
48879;20098837;4026212280807;EUR META CLIP SET | Fachbodenregal | Grundregal | 2000 x 1000 x 400 mm | Fachlast 150 kg | 3+1 Ebenen | verzinkt;;;;
48880;20098838;4026212280814;EUR META CLIP SET | Fachbodenregal | Anbauregal | 2000 x 1000 x 400 mm | Fachlast 150 kg | 3+1 Ebenen | verzinkt;;;;
48881;20098841;4026212280821;;;;;
48882;20098946;4026212281217;;;;;
48883;200176629;4026212282344;;;;;
48884;200176630;4026212282351;;;;;
48885;200176690;4026212282634;META CLIP SET | Fachbodenregal | Grundregal | 2000 x 1000 x 300 mm | Fachlast 150 kg | 3+1 Ebenen | verzinkt;;;;
48886;200176691;4026212282641;META CLIP SET | Fachbodenregal | Anbauregal | 2000 x 1000 x 300 mm | Fachlast 150 kg | 3+1 Ebenen | verzinkt;;;;
48887;200176695;4026212282665;;;;;
48888;200177055;4026212284560;META CLIP SET S3 | Reifenregal | Grundregal | 2000 x 1000 x 400 mm | Fachlast 150 kg | 3 Ebenen | verzinkt;;;;
48889;200177056;4026212284577;META CLIP SET S3 | Reifenregal | Anbauregal | 2000 x 1000 x 400 mm | Fachlast 150 kg | 3 Ebenen | verzinkt;;;;
48890;200177057;4026212284584;META CLIP SET S3 | Reifenregal | Grundregal | 2000 x 1300 x 400 mm | Fachlast 150 kg | 3 Ebenen | verzinkt;;;;
48891;200177058;4026212284591;META CLIP SET S3 | Reifenregal | Anbauregal | 2000 x 1300 x 400 mm | Fachlast 150 kg | 3 Ebenen | verzinkt;;;;
48892;200177175;4026212284812;;;;;
48893;200177497;4026212285987;;;;;
48894;200177498;4026212285994;;;;;
48895;200178340;4026212289572;;;;;
48896;200178871;4026212292213;;;;;
48897;200178874;4026212292244;;;;;
48898;200179069;4026212293494;;;;;
48899;200179315;4026212294590;;;;;
48900;200179316;4026212294606;;;;;
48901;200179317;4026212294613;;;;;
48902;200179318;4026212294620;;;;;
48903;200179546;4026212295313;ATO META CLIP SET | Fachbodenregal | Anbauregal | 2000 x 1000 x 400 mm | Fachlast 100 kg | 3+1 Ebenen | verzinkt;;;;
48904;200179547;4026212295320;;;;;
48905;200179545;4026212295337;ATO META CLIP SET | Fachbodenregal | Grundregal | 2000 x 1000 x 400 mm | Fachlast 100 kg | 3+1 Ebenen | verzinkt;;;;
48906;200181523;4026212303131;;;;;
48907;200181524;4026212303148;;;;;
48908;200181759;4026212304114;;;;;
48909;200182037;4026212306484;;;;;
48910;200182450;4026212307863;;;;;
48911;200182451;4026212307870;;;;;
48912;200182452;4026212307887;;;;;
48913;200182905;4026212310856;;;;;
48914;200182969;4026212311600;;;;;
48915;200182972;4026212311679;;;;;
48916;200182973;4026212311686;;;;;
48917;200182975;4026212311709;;;;;
48918;200183156;4026212312805;;;;;
48919;200183160;4026212312829;;;;;
48920;200183272;4026212313277;;;;;
48921;200184117;4026212317954;;;;;
48922;200184118;4026212317961;;;;;
48923;200184119;4026212317978;;;;;
48924;200184120;4026212317985;;;;;
48925;200184121;4026212317992;;;;;
48926;200184122;4026212318005;;;;;
48927;20061371;4026212320138;;;;;
48928;200184650;4026212320602;;;;;
48929;200184651;4026212320619;;;;;
48930;200184652;4026212320626;;;;;
48931;200184703;4026212320930;;;;;
48932;200184766;4026212321203;;;;;
48933;200184771;4026212321258;;;;;
48934;200184791;4026212321319;;;;;
48935;200186409;4026212334777;META CLIP SET S3 | Reifenregal | Grundregal | 2000 x 1150 x 400 mm | Fachlast 150 kg | 3 Ebenen | verzinkt;;;;
48936;200186410;4026212334784;META CLIP SET S3 | Reifenregal | Anbauregal | 2000 x 1150 x 400 mm | Fachlast 150 kg | 3 Ebenen | verzinkt;;;;
48937;200186684;4026212336146;;;;;
48938;200186685;4026212336153;;;;;
48939;200186959;4026212337501;;;;;
48940;200186960;4026212337518;;;;;
48941;200186961;4026212337525;;;;;
48942;200188613;4026212342734;EDE META CLIP SET | Fachbodenregal | Grundregal | 2000 x 1000 x 400 mm | Fachlast 150 kg | 3+1 Ebenen | verzinkt;;;;
48943;200188614;4026212342741;EDE META CLIP SET | Fachbodenregal | Anbauregal | 2000 x 1000 x 400 mm | Fachlast 150 kg | 3+1 Ebenen | verzinkt;;;;
48944;200188616;4026212342758;EDE META CLIP SET | Fachbodenregal | Grundregal | 2000 x 1000 x 500 mm | Fachlast 150 kg | 3+1 Ebenen | verzinkt;;;;
48945;200188617;4026212342765;EDE META CLIP SET | Fachbodenregal | Anbauregal | 2000 x 1000 x 500 mm | Fachlast 150 kg | 3+1 Ebenen | verzinkt;;;;
48946;200188619;4026212342772;EDE META CLIP SET | Fachbodenregal | Grundregal | 2000 x 1000 x 600 mm | Fachlast 150 kg | 3+1 Ebenen | verzinkt;;;;
48947;200188620;4026212342789;EDE META CLIP SET | Fachbodenregal | Anbauregal | 2000 x 1000 x 600 mm | Fachlast 150 kg | 3+1 Ebenen | verzinkt;;;;
48948;200188615;4026212342796;;;;;
48949;200188618;4026212342802;;;;;
48950;200188621;4026212342819;;;;;
48951;200188622;4026212342826;EDE META CLIP SET | Fachbodenregal | Grundregal | 2000 x 1000 x 400 mm | Fachlast 150 kg | 3+1 Ebenen | RAL 5010;;;;
48952;200188623;4026212342833;EDE META CLIP SET | Fachbodenregal | Anbauregal | 2000 x 1000 x 400 mm | Fachlast 150 kg | 3+1 Ebenen | RAL 5010;;;;
48953;200188624;4026212342840;EDE META CLIP SET | Fachbodenregal | Grundregal | 2000 x 1000 x 500 mm | Fachlast 150 kg | 3+1 Ebenen | RAL 5010;;;;
48954;200188625;4026212342857;EDE META CLIP SET | Fachbodenregal | Anbauregal | 2000 x 1000 x 500 mm | Fachlast 150 kg | 3+1 Ebenen | RAL 5010;;;;
48955;200188626;4026212342864;EDE META CLIP SET | Fachbodenregal | Grundregal | 2000 x 1000 x 600 mm | Fachlast 150 kg | 3+1 Ebenen | RAL 5010;;;;
48956;200188627;4026212342871;EDE META CLIP SET | Fachbodenregal | Anbauregal | 2000 x 1000 x 600 mm | Fachlast 150 kg | 3+1 Ebenen | RAL 5010;;;;
48957;200189913;4026212347807;;;;;
48958;200189914;4026212347814;;;;;
48959;200189915;4026212347821;;;;;
48960;200189916;4026212347838;;;;;
48961;200189917;4026212347845;;;;;
48962;200189918;4026212347852;;;;;
48963;200189919;4026212347869;;;;;
48964;200189920;4026212347876;;;;;
48965;200189921;4026212347883;;;;;
48966;200189922;4026212347890;;;;;
48967;200189923;4026212347906;;;;;
48968;200189924;4026212347913;;;;;
48969;20096383;4026212353594;;;;;
48970;9900000459;4026212353808;;;;;
48971;200182018;4026212353938;;;;;
48972;9900001932;4026212362633;;;;;
48973;9900001939;4026212362701;;;;;
48974;9900002592;4026212367744;;;;;
49102;9900003001;4026212369861;;;;;
49109;9900003008;4026212369939;;;;;
49242;9900003142;4026212371277;;;;;
49243;9900003143;4026212371284;;;;;
49244;9900003144;4026212371291;;;;;
49245;9900003145;4026212371307;;;;;
49246;9900003146;4026212371314;;;;;
49247;9900003147;4026212371321;;;;;
49248;9900003148;4026212371338;;;;;
49249;9900003149;4026212371345;;;;;
49250;9900003150;4026212371352;;;;;
49251;9900003151;4026212371369;;;;;
50064;9900004094;4026212379525;;;;;
50065;9900004095;4026212379532;;;;;
50066;9900004096;4026212379549;;;;;
50067;9900004097;4026212379556;;;;;
50068;9900004098;4026212379563;;;;;
50069;9900004099;4026212379570;;;;;
50070;9900004100;4026212379587;;;;;
50071;200185837;4026212381412;;;;;
50072;200190350;4026212382259;;;;;
50073;9900004317;4026212383386;;;;;
50138;9900007685;4026212405590;META CLIP SET S3 | Getränkekistenregal | Grundregal | 1850 x 1000 x 300 mm | Fachlast 60 kg | 3 Ebenen | verzinkt;;;;
50139;9900007686;4026212405637;META CLIP SET S3 | Getränkekistenregal | Anbauregal | 1850 x 1000 x 300 mm | Fachlast 60 kg | 3 Ebenen | verzinkt;;;;
50140;9900010346;4026212418644;;;;;
50141;9900010400;4026212419184;;;;;
50146;9900011352;4026212426120;;;;;
50147;9900011353;4026212426137;;;;;
50148;9900011354;4026212426144;;;;;
50149;9900011865;4026212429183;;;;;
50150;9900011866;4026212429190;;;;;
50151;9900013639;4026212441574;;;;;
50152;9900013666;4026212441833;;;;;
50153;9900013693;4026212442045;;;;;
50154;9900013694;4026212442052;;;;;
50155;9900013698;4026212442069;;;;;
50156;9900013785;4026212442793;;;;;
50157;9900013786;4026212442809;;;;;
50158;9900013787;4026212442816;;;;;
50159;9900013796;4026212442878;;;;;
50160;9900013797;4026212442885;;;;;
50161;9900013798;4026212442892;;;;;
50162;9900013799;4026212442908;;;;;
50163;9900013807;4026212442984;;;;;
50164;9900013862;4026212443288;;;;;
50165;9900013863;4026212443295;;;;;
50166;9900013864;4026212443301;;;;;
50167;9900013869;4026212443318;;;;;
50168;9900013889;4026212443417;;;;;
50169;9900013893;4026212443455;;;;;
50170;9900013894;4026212443462;;;;;
50171;9900013895;4026212443486;;;;;
50172;9900013900;4026212443516;;;;;
50173;9900014284;4026212445848;;;;;
50174;9900014285;4026212445855;TRAXOR META CLIP SET | Fachbodenregal | Anbauregal | 2000 x 1000 x 500 mm | Fachlast 150 kg | 3+1 Ebenen | verzinkt;;;;
50175;9900014286;4026212445862;TRAXOR META CLIP SET | Fachbodenregal | Grundregal | 2000 x 1000 x 500 mm | Fachlast 150 kg | 3+1 Ebenen | verzinkt;;;;
50176;9900015305;4026212452358;;;;;
50177;9900015517;4026212453348;;;;;
50178;9900015518;4026212453355;;;;;
50179;9900015519;4026212453362;;;;;
50180;9900015521;4026212453379;;;;;
50181;9900015522;4026212453386;;;;;
50182;9900015537;4026212453393;;;;;
50183;9900015564;4026212453492;;;;;
50184;9900015703;4026212454093;;;;;
50185;9900015704;4026212454109;;;;;
50186;9900015705;4026212454116;abc 456;;;;
50187;9900015706;4026212454123;;;;;
50188;9900015711;4026212454178;;;;;
50189;9900015712;4026212454185;;;;;
50190;9900015713;4026212454192;;;;;
50191;9900015715;4026212454215;;;;;
50192;9900015716;4026212454222;;;;;
50193;9900015717;4026212454239;;;;;
50194;9900015781;4026212454772;;;;;
50195;9900016166;4026212457995;;;;;
50196;20088074;4048962147339;;;;;
50197;9900016208;4026212458220;META MINI-RACK | Profillagerregal | Grundregal | 2500 x 1400 x 500 mm | verzinkt;;;;
50198;9900016209;4026212458237;META MINI-RACK | Profillagerregal | Grundregal | 3000 x 1400 x 500 mm | verzinkt;;;;
50199;9900016210;4026212458244;META MINI-RACK | Profillagerregal | Doppel-Grundregal | 2200 x 1400 x 800 mm | verzinkt;;;;
50200;9900016211;4026212458251;META MINI-RACK | Profillagerregal | Doppel-Grundregal | 2500 x 1400 x 800 mm | verzinkt;;;;
50201;9900016212;4026212458268;META MINI-RACK | Profillagerregal | Doppel-Grundregal | 3000 x 1400 x 800 mm | verzinkt;;;;
50202;9900016213;4026212458275;META MINI-RACK | Profillagerregal | Anbauregal | 2200 x 1400 x 500 mm | verzinkt;;;;
50203;9900016214;4026212458282;META MINI-RACK | Profillagerregal | Anbauregal | 2500 x 1400 x 500 mm | verzinkt;;;;
50204;9900016215;4026212458299;META MINI-RACK | Profillagerregal | Anbauregal | 3000 x 1400 x 500 mm | verzinkt;;;;
50205;9900016216;4026212458305;META MINI-RACK | Profillagerregal | Doppel-Anbauregal | 2200 x 1400 x 800 mm | verzinkt;;;;
50206;9900016217;4026212458312;META MINI-RACK | Profillagerregal | Doppel-Anbauregal | 2500 x 1400 x 800 mm | verzinkt;;;;
50207;9900016218;4026212458329;META MINI-RACK | Profillagerregal | Doppel-Anbauregal | 3000 x 1400 x 800 mm | verzinkt;;;;
57113;9900016230;4026212458411;META MINI-RACK | Profillagerregal | Grundregal | 2200 x 1400 x 500 mm | verzinkt;;;;
57114;2001729;4026212044188;;;;;
57115;20055767;4026212069587;;;;;
57116;20077482;4026212132045;;;;;
57117;20073566;4026212277500;;;;;
57118;20098264;4026212291360;;;;;
57119;9900012495;4026212432817;;;;;
57120;9900012496;4026212432824;;;;;
57124;20063247;4026212081404;;;;;
57128;9900012571;4026212433364;;;;;
57222;9900016337;4026212458954;;;;;
